:020000040800F2
:1080000040520020A5FD0408A18E0408A38E040898
:10801000A58E0408A78E0408A98E0408000000009D
:10802000000000000000000000000000AB8E04080B
:10803000AD8E040800000000AF8E0408B18E040865
:10804000A5150508A9150508AD150508B1150508FC
:10805000B5150508B9150508BD150508C1150508AC
:10806000C5150508C9150508CD150508D11505085C
:10807000D5150508D9150508DD150508E11505080C
:10808000E5150508E9150508ED150508F1150508BC
:10809000F5150508F9150508FD150508011605086B
:1080A00005160508091605080D1605081116050818
:1080B00015160508191605081D16050821160508C8
:1080C00025160508291605082D1605083116050878
:1080D000351605089518040835DB02083916050819
:1080E0003D160508411605084516050849160508F8
:1080F0004D160508511605085516050859160508A8
:108100005D16050861160508651605086916050857
:108110006D16050871160508818E0408F7DA020845
:1081200075160508791605087D16050881160508D7
:1081300085160508891605088D1605089116050887
:1081400095160508991605089D160508A116050837
:10815000A5160508A9160508AD160508B1160508E7
:10816000B5160508B9160508BD160508C116050897
:10817000C5160508C9160508CD160508D116050847
:10818000D5160508D9160508012003F0D1BB30B477
:10819000002513E050F8042BD30744BFA9F10103D5
:1081A0009A18091F042942F8045BFAD213468C0777
:1081B00044BF15809B1CC90748BF1D7050F8041BA5
:1081C0000029E7D130BC704710B50400200028F02A
:1081D0004CFA200010BD10B5040020000C30C04641
:1081E00010BD000000487047CC20002000000000B7
:1081F0000068002801D0012000E00020C0B27047D4
:10820000AAAAAAAABBBBCCCC016F0000B0A801806F
:108210000B6F0000B069040021700000F021040021
:108220005572000008490400AB720000B0AF028034
:10823000FD730000B0AE0580A5750000840D04003C
:10824000C1780000B0AA0180F578000001000000AC
:10825000F7780000404A04002D790000B0B0A880F3
:1082600035790000B0AE0380A7790000B0AB008084
:10827000E5790000B0AA01800B7A0000B0A9008067
:108280005D7A0000A06D0400597B0000008400802E
:10829000D17B0000106504003D7C0000B0AE018081
:1082A000037D0000B0B0AA80477D0000B0A9008027
:1082B0000F7E0000B0AA0180957E0000B0B0A880BB
:1082C000A37E0000B0A9008007800000B0AD008050
:1082D00089800000B0A8018095800000B0AA0580C8
:1082E000C9820000B0A900809D830000084A0400F4
:1082F000BD830000184A0400DD830000284A040002
:10830000FD830000384A04001D840000484A040030
:108310003D840000006E040057840000086E0400D5
:1083200071840000106E0400E9850000B0B0AA80DE
:1083300053860000B0A9008075870000B0B0AC8003
:10834000D7870000B0B0AA805B880000B0B0A880DA
:10835000FF880000B0B0AE80538A0000010000002A
:10836000D98A0000B0B0A880598B0000A85704003B
:10837000858B0000B0B0AA80398D0000B0B0A88015
:10838000038F0000B0AA0180C98F0000385204009A
:10839000B3900000B0B0AA80AF910000B0AF0280EF
:1083A000119200000C57040043950000F0560400A1
:1083B00065970000B0B0AC8035980000386D0400BF
:1083C00029990000406D0400C99A0000B0B0A8804F
:1083D000D59A0000B0AF0C80059D0000B0AC0980BC
:1083E000479E0000B0A90080699E0000B0B0A88040
:1083F000E59E0000B0AB0080E39F0000B0AF0080BE
:108400003DA30000C056040011A50000B0AE0180DD
:1084100027A600000100000053AB0000B0A90080B7
:1084200079AB0000B0AA0180A5AB0000B0A9008024
:10843000ADAF0000B0AE01806FB00000B0AB008007
:10844000D7B00000B0A900800DB20000986B040006
:1084500075B20000B0B0A880AFB20000B0A9008033
:1084600021B30000B0AB0080D5B30000B0AA0180FA
:108470005DB40000B0B0AA80B9B50000B0A8038018
:10848000D7B50000B0B0A880DFB500005867040081
:108490000FB600006067040039B60000E42704004E
:1084A00065B70000B0AA0180C7B700008C6E03005A
:1084B000E9BD0000A0F3030001BF0000486704000D
:1084C00075BF0000C041040089C000000100000029
:1084D0008BC00000101F040003C10000242704000B
:1084E00007C20000B0AC0580D5C20000E4BD0300A7
:1084F00079C300008C9403003BC70000B0A9008042
:1085000059C700000084008067C70000B0AB00803E
:10851000C9C7000010690400E3C70000B0AB0080C9
:1085200013C80000B0AA05804DC800000869040007
:1085300077C80000B0A9068031C900007CB40300F0
:10854000EDC9000000840080EDC9000074F603004E
:10855000B1CA00003002040055CB000038630400AB
:108560006FCB0000BC26040041CC0000F4090400DD
:108570000BCD00001C0A0400E1CE0000B0B0A880C2
:1085800005CF0000B0A8018031CF0000584504009D
:1085900087CF0000B0A8018091CF0000B0A904806F
:1085A000D1CF00005845040017D00000B0B0A8801B
:1085B0001DD000006045040061D0000020F70300DA
:1085C0003DD100000100000029D20000086604002F
:1085D00075D20000A0610400C7D20000B0B0A8802E
:1085E000CBD2000000BE0300D5D30000B0A80180AC
:1085F000DFD30000C069040065D40000B0AA018088
:1086000089D40000B0B0A880ADD40000B0A801802B
:10861000B5D40000B0B0AA8029D50000604604009F
:10862000A5D50000B0B0A880D1D50000B0A90080C9
:10863000E5D50000A045040049D60000B0B0A880F0
:108640008DD60000B0AB028033D70000B0B0AA8056
:10865000E3D70000B0AE018099D80000B0B0A88088
:10866000B3D80000B0AC038053DA0000B0AB008098
:10867000EDDA0000B0B0A880F9DA0000F869040073
:1086800067DB0000B0A9008085DB00001044040017
:1086900045DC0000D060040041DD0000B0A801808E
:1086A000CFDF0000B0AD068017E00000B0AC07805F
:1086B0008BE0000038450400DFE00000B0AE0B8026
:1086C00059E1000040450400D9E100003861040090
:1086D000E9E10000B0AA0580F1E20000B0A9008045
:1086E00045E30000B0AA0180F5E40000B0A90280D3
:1086F0003FE50000B0A801804BE50000486704009A
:108700006DE50000506704008FE500005867040025
:10871000BFE5000080620400E3E50000E4530400CC
:1087200001E60000B0AA058085E60000B0A803803D
:10873000B7E60000B0B0A880BFE60000886504007E
:10874000F5E60000906504001FE70000D425040052
:1087500035E9000020440400E1E90000E4250400BC
:108760009FEA0000FC2504005DEB00007865040032
:10877000E3EB0000B0AA018043EC0000C0AF0300AF
:1087800027EE0000FC250400B7EE00006865040039
:108790002BEF0000603F0400E1EF0000B0B0A880C4
:1087A000E9EF00006CBF0300D1F00000B0B0A8807A
:1087B000DFF000000065040057F1000044250400CC
:1087C000F9F10000B0B0A88001F2000038650400A3
:1087D00079F200003C810300FDF60000B0B0A880F3
:1087E0002DF700006043040021F800000800040099
:1087F00001F9000010F003005DFA0000B0B0A8809D
:1088000087FA000010660400FDFA0000580004001A
:10881000DDFB000070F203001DFD0000B0A8038026
:1088200027FD0000B0B0A8805BFD0000E8630400F5
:108830008DFD0000F0630400B7FD00006424040017
:10884000E3FE0000B0AA018045FF00006875030048
:108850000504010050F003001D050100D863040069
:10886000910501003C3E040089060100B0B0A880DB
:108870009106010034BE030083070100B0B0A88058
:1088800091070100D8420400550801001864040053
:10889000990801005C07040041090100B0A80380A9
:1088A00073090100A0BF0300010A0100B0B0A88055
:1088B000090A010090640400330A0100986404006E
:1088C000530A0100C8420400410B010098640400EF
:1088D000810B0100A0640400F70B0100B0AA018025
:1088E000570C0100CCA90300A10E010098640400FC
:1088F000A10F0100B0A80380BF0F0100B0B0A88095
:10890000C70F010070630400F70F010078630400D3
:1089100021100100CC2304004D110100B0AA0180F8
:10892000AF11010040AD03009513010018F00300E2
:10893000AD14010060630400211501009C3D04009A
:10894000B1150100B0A80380CF150100B0B0A88018
:10895000D715010090640400071601009864040014
:10896000311601003C2404005D170100B0AA01800B
:10897000BF170100E07D0300D11B0100B8F0030028
:10898000E91C010080640400651D0100D83D04005D
:108990001D1E0100B0A803803B1E0100B0B0A880DE
:1089A000431E010070630400731E0100786304001D
:1089B0009D1E0100801A0400D71F0100B0AA01808B
:1089C00039200100CCA40300BD220100C8EF030040
:1089D000D52301006063040049240100343D0400F4
:1089E0000D250100B0B0A88015250100B0A90080B8
:1089F0003D250100B0B0A8804B250100A84104002E
:108A00000F260100D063040053260100B04104008A
:108A10009726010018FE0300AF2701005CBD03008C
:108A2000E1280100243D040051290100B0B0A880D4
:108A30007B290100281A0400F12A0100B0AA018054
:108A4000532B01003C9F03006B2E010098EF0300A5
:108A5000832F010070630400F72F0100D03C040055
:108A6000A5300100B0A80380C3300100B0B0A880D9
:108A7000CB300100D0610400FB300100D86104005C
:108A8000253101003C2204004F320100B0AA0180D0
:108A9000B13201007CC603008933010058EE0300A7
:108AA000A1340100C061040015350100103C040030
:108AB00085350100D0190400FF35010058AD0300D1
:108AC00021380100B0A9008059380100B0AA058002
:108AD000FF380100B0AA018097390100085E040048
:108AE000B9390100105E0400DB390100185E040092
:108AF000FD390100205E04001F3A0100B0A801808A
:108B00004D3A0100010000004F3A0100008400804E
:108B10004F3A0100B0AA0580953A0100B0A9008043
:108B2000BD3A0100A83F0400533B010090FC030044
:108B3000133D0100B0AA0180353F01000100000093
:108B40004B3F0100B0B0A8805F3F0100B0B0AA80E9
:108B5000673F0100B0B0A880933F0100B0A900803A
:108B600005400100B0B0A880A1410100B0AB0A806F
:108B7000CB410100B0AB0680ED410100B0AA0580F9
:108B8000A7430100B0AB008053440100B0AA0180AC
:108B900065440100B0B0AC806B450100B0AA018013
:108BA000B9450100B0AB0080CB460100B0A9008000
:108BB00047470100B0B0A88087470100B0B0AC8043
:108BC0009F480100B0B0AA8063490100B0B0AE80F8
:108BD000A74A0100B0AB00802D4D0100B0B0A880C5
:108BE0003D4D0100B0B0AA80CF4D0100B0B0AE80C5
:108BF0003D4E0100B0AA0180374F0100B0AC0180AA
:108C000025510100B0B0AA804551010090F1030048
:108C10007F510100B0B0A8809751010030FB0300E4
:108C20007D520100B002A980A5520100B0AD0080C4
:108C300041530100503E04006D540100B0A9008072
:108C4000C1540100703E040041550100385C04002D
:108C5000CB550100AC210400B7560100B0A801803B
:108C6000C1560100B8F00300E15701004864040058
:108C7000035801005064040069580100604004007A
:108C80000959010002A802805D590100B0B0A88016
:108C90007D590100B0A9008083590100B0B0A880BF
:108CA000D9590100B0AB02807F5A0100B0B0AA8050
:108CB0002F5B0100B0AE0180E55B0100B0B0A88081
:108CC000FF5B0100B0AB0280BF5C0100B0AB008075
:108CD000595D0100B0B0A880695D0100883F0400C3
:108CE000F55D010001000000F95D0100C85E0400AF
:108CF000415E01004C1F04006F5F0100641F04000F
:108D00004D600100F05D0300F362010008580400AB
:108D10005F630100B0AF0880596501000858040086
:108D20003D6601008C720300F56701006863040072
:108D300061680100B0AF0880DD690100686304006C
:108D4000A96A0100D83E04000B6B0100E83E040054
:108D5000A16B010040600400C36B01004860040087
:108D6000E56B010050600400B16C010001000000DF
:108D7000B96C0100C0620400056D0100B0B0A880AC
:108D8000196D0100C0620400556D0100203F040010
:108D9000F96D0100B0AC0180576E01002420040081
:108DA0005F6F01003C20040039700100B0AB00800F
:108DB0005D700100B0A90080A1700100B0B0AA8070
:108DC000FD700100B0B0A88051710100B0B0AC805E
:108DD000AB720100B0B0AE80AB730100B0AA0180ED
:108DE000BD730100B0B0A880DB730100B0A80180A2
:108DF0000D740100B0AA01806D740100B0AA058055
:108E0000ED740100B0A9008031750100B0A80180A7
:108E100053750100B0AA018069750100B0AA0580F0
:108E2000C3760100B0B0A8801D790100B0B0AC805D
:108E3000717B010090600400917B01009860040048
:108E4000B17B0100A0600400D17B0100A860040098
:108E5000F17B0100B0600400117C0100B8600400E7
:108E6000317C01007CAE0300997C0100B0AB068030
:108E7000397D0100B0600400A97D0100B0AA058021
:108E8000F17D0100B0600400017E0100B0B0AE8051
:108E9000E97E0100B0AB04808D7F0100B0AB0080A3
:108EA00023800100B0B0AA809D800100B0B0AC80EA
:108EB0003B810100B0B0AA8043840100AC480400AB
:108EC000A5840100CC4804007F880100B04804005C
:108ED000E1880100D0480400238C01007848040098
:108EE0005F8C0100B0B0AA8011910100B0AB00808E
:108EF000EF910100B0AF0280519201003C4B0400A1
:108F000029980100B0AA0180C1980100B0B0AA80E0
:108F10001B990100B05704004B990100B0B0A88024
:108F20005199010010580400C39901000084008089
:108F3000D59A0100B0A90A801B9B0100B0AA01804C
:108F40007B9B0100B0AB0080AD9B0100B0AB028009
:108F5000D59B0100B0B0AC80EF9C010078610400AB
:108F6000199D0100B0A900805B9D0100804B0400A9
:108F7000679F0100B0B0AA808B9F0100C855040014
:108F800015A101006056040025A10100B0AF0280C8
:108F9000FDA201007C4A04002FA30100E437040075
:108FA00093A30100F837040019A401000C38040051
:108FB00063A40100005F0400CDA40100B0AB0080F9
:108FC000C7A60100604A0400B5A9010028480400B2
:108FD000F5A90100B0B0AA8003AA0100B0B0A88032
:108FE000B9AA0100B0B0AE80FBAA0100B0A9008010
:108FF00013AB0100B0B0A88029AB0100B0AA01807A
:10900000B3AB0100B0B0AE8075AE0100884804007B
:1090100001B101006C48040031B40100B0B0AA8075
:1090200049B50100010000004DB5010028600400B1
:1090300097B50100B0B0A880ABB50100286004006E
:10904000E7B50100B0AC018021B60100B0AB0280F1
:1090500041B60100B0A90080ABB60100B0B0AA8053
:1090600007B70100B0B0A88061B7010002A8028074
:109070007FB70100B0AB02801BB80100B0AC01802B
:109080007DB8010002A80280FDB8010001000000C7
:1090900001B90100305F040033B90100385F0400FA
:1090A0006DB90100B0AB00808DB90100B0AAD080CD
:1090B000B9B90100B0A90080FDB90100B0B0AA8023
:1090C00059BA0100B0B0A88035BB010002A80280E7
:1090D0008BBB0100B0AB0280ABBB0100B0A900802C
:1090E000F9BB0100B0B0AA80FBBC0100785E0400AF
:1090F00045BD0100B0AA0180A5BD0100B002A98054
:10910000D1BD0100B0A8098001BE0100B0A9068050
:109110002DBE0100B03B0400B3BE0100B0A9008029
:10912000C5BE0100E446040027BF01007C470400DF
:109130002FC201003847040091C20100A847040073
:1091400099C5010000470400FBC5010084470400E5
:109150003FC90100B0AF02803BCB0100B0B0AE8090
:109160009BCC0100B0A9008025CD0100B0B0A88043
:1091700089CD0100B0B0AE8049CE0100B0B0AA8068
:10918000DBCE0100B0AB008083CF0100B0AE018028
:10919000D1CF0100B0AF00802BD301001C460400EA
:1091A00053D50100B0AB0080FBD50100B0AE01800B
:1091B00049D60100B0AF0080A3D9010010460400D9
:1091C00071DB0100B0AA0180BDDB0100B0B0AA8054
:1091D00031DD0100B0B0A88073DD0100404604001D
:1091E000BBDD0100D846040029E10100B0AB0080DE
:1091F00027E20100B0AF008081E501005048040083
:1092000001EB0100B0B0AA80C9EB0100B0B0A880AA
:10921000CDEB0100B0B0AA80F7EB010024450400BB
:10922000D1ED0100B0B0A88013EE0100B0B0AA806B
:1092300079EE0100183A0400E1EE0100B0B0AC8014
:1092400019EF0100B0B0AA807FF10100B0B0AC808E
:10925000D3F10100B0B0AA8017F20100B0A90080DC
:109260001FF20100B0AB0080CDF20100B0A8018078
:10927000FFF20100B0AB008015F30100B0B0AA808E
:10928000B3F3010001000000C9F30100B0B0A880F1
:10929000CDF30100B0B0AA80CBFA0100B0AE0180DE
:1092A000EBFB0100B0AB008001FC0100B0B0A88076
:1092B00005FC0100B0B0AA8083FE0100F046040066
:1092C000E5FE010010470400ED010200B0AB008094
:1092D0002F020200B0B0AA804B020200A846040090
:1092E00045030200B4460400A7030200D44604006C
:1092F000D3070200B0B0A880D7070200B0B0AC809E
:109300008F090200B0B0A88093090200B0B0AC8011
:109310003F0C0200B0B0AE80510D020002A80280E6
:10932000690D020060540400B30D0200B0B0A880C3
:10933000C70D0200605404001F0E0200B0B0A880E8
:10934000290E0200B0AB0480770E0200B0B0AA80F4
:10935000D30E0200B0B0A880F90E0200B0A90080C0
:1093600001100200B0B0A88005100200B0B0AA80C1
:10937000E9100200644704004F110200B0AB008006
:10938000EB110200B0AE018039120200B0AF0080D4
:1093900085150200644504003B170200B0AB008055
:1093A000D7170200B0AE018025180200B0AF0080D0
:1093B000631B020080450400191D0200B0AB008051
:1093C000A91D0200B0AE0180F71D0200B0AF008001
:1093D000432102004C4504000B230200B0AF028081
:1093E00061260200B0A90080E1260200B0AA018037
:1093F0001B270200B0A90080412702001857040073
:1094000069270200305504009D270200B0A90080A2
:10941000CB270200B0AE0180A92B0200B0A90080CA
:10942000D72B0200B0AE0180BF2F0200B0A9008090
:10943000E12F0200B0B0AA806D300200B0AA018016
:10944000C1300200B0AB008069310200B0B0AA8028
:1094500097310200B0AF0080EF340200B044040046
:10946000B1360200B0A9008083410200B0B0AA80EA
:10947000B1410200B0AB0080A5420200B0A801805B
:1094800001430200B0AB008039430200B0B0AA80B3
:10949000F1440200B0AA01801F450200B0A90A8071
:1094A00073470200B0AA01800B480200A0310400FB
:1094B0003D4B0200B0A900805B4B0200B0B0AA8017
:1094C000714B0200B0AC0180C94B0200B0B0AA8061
:1094D000D74B0200B0AB0080BB500200B0AE0180A1
:1094E000C9510200B0AC0180FD510200B0AA018058
:1094F0001D520200B0B0A8801B530200B0AB008028
:10950000B7530200B0AE018005540200B0AF008036
:1095100051570200E844040007590200010000000E
:109520009B590200B0B0AC805B5A0200B0B0A8807A
:109530005F5A0200B0AB00807B5B0200B0AE0180DE
:10954000C95B0200B0AF0080235F02009C440400AE
:1095500089610200B0AA0180A961020000440400F0
:1095600039630200B0AA018059630200DC430400A1
:10957000A3660200B0A9008001680200B0B0AA8012
:109580002F680200B0AB0080F96A0200B0A9008029
:10959000276B0200B0AE01806D6E0200B0A90080A2
:1095A0009B6E0200B0AE0180C1710200B0A90080C4
:1095B000EF710200B0AE018097750200B0AB008081
:1095C00049760200B0A90080DB7602000852040050
:1095D000D1770200B0A90080F5770200185204008C
:1095E000EB780200B0A900800F790200F851040066
:1095F000AF790200B0A90080397A0200B0B0AA8029
:109600005F7D0200B0A90080877F0200B0B0A88013
:10961000BD7F0200C840040005800200D440040061
:1096200045830200B0B0AA8087830200B0AC0180FD
:10963000DD830200B0A900804D840200E8500400E0
:109640006F8A0200B0B0AA809B8B0200B0B0AE80DF
:10965000338C0200B0A90280578C0200B0B0A88001
:109660005B8C0200743F0400AF8C0200803F04005A
:10967000A39102000058040027920200B0A90280C2
:109680006F920200B0A900807D920200B0AA018012
:1096900041930200B0A900806F930200B0AE018038
:1096A000B5960200B0AB008041970200084004006C
:1096B00039980200B0AA018059980200B0AC01802C
:1096C000BD980200B0A90080EB980200B0AE018006
:1096D000159D0200B0A900807D9E020001000000DF
:1096E00077AB0200B0A900805DAD0200B0B0A880E9
:1096F00093AD02006C430400DBAD0200784304002C
:1097000093B10200B0AC0180C5B10200B0A90080E5
:10971000E9B1020010520400ADB20200B0A900800D
:10972000D1B202006052040053B30200B0A900801D
:1097300077B3020030520400C1B40200B0A9008027
:109740003DB50200B0AB0080E1B50200B0AA0180D7
:1097500035B60200B0AB008081B60200B0AA01802D
:10976000D5B60200B0AB00801FB70200B0B0A88031
:1097700067B70200B0A9008099B80200C851040080
:1097800035B90200B0AB0080D1BA0200B0AA0180A6
:10979000FDBA0200B0AB0080A5BB0200B0B0AA8049
:1097A000D3BB0200B0AF00802BBF0200583F0400C3
:1097B000FFC00200B0A90080A3C10200B0A90280CE
:1097C000D5C10200B0A900801FC20200B0B0AA80BB
:1097D0006BC20200942E04008FC702009441040063
:1097E000CDC70200B0AA0180EDC70200B0AB008077
:1097F000A1C80200B0B0AA80CFC80200B0AF0080FC
:1098000037CC0200FC3D040031D00200B0AA018038
:1098100055D00200CC3F040099D00200B0A90080CE
:10982000C3D10200E0520400ABD20200B0A9008014
:109830003BD40200C0520400B7D40200B0A900809B
:1098400027D50200144004008DD50200B0A9008085
:10985000FDD50200DC3F040045D60200B0AB00801D
:1098600039D90200B0AA018065D90200B0AB0080EE
:109870000DDA0200B0B0AA803BDA0200B0AF00807F
:1098800093DD02000442040001E00200B0AB00805E
:109890004DE00200B0AA0180A1E00200B0AB008060
:1098A000EDE00200B0AA018041E10200B0AB00800F
:1098B0008DE10200B0AA018057E20200084F0400C7
:1098C0009DE20200F04E04001FE30200B0AB0080F6
:1098D00065E30200D04F0400F1E40200B0A900806B
:1098E00035E50200B0B0AA8075E80200B0A90A8090
:1098F000ABE80200383E0400E1E80200B0AB0080B3
:1099000063E90200B0B0AA8051EA0200B0A9008069
:10991000A1EA0200B0B0AA8073F00200B0A90080F2
:10992000E5F00200B0AB008031F10200B0AA018086
:10993000A5F10200303D040041F80200B0A900800A
:10994000C9F80200B0AB008015F90200B0AA01808E
:109950005BF90200B0B0AA8011FB0200B0A9008040
:1099600055FB0200B0B0AA80ADFE0200684F0400B3
:10997000F5FE0200504F04003DFF0200B0B0AA8087
:1099800081FF0200B0A80180E1000300B0A90080BF
:109990007D010300204D040027020300B0B0AA801F
:1099A0009D020300B0A9008039030300884B040026
:1099B0006B05030030510400DD050300B0B0AA8040
:1099C000F3070300B0A900808F0803008855040046
:1099D00029090300B0A8018083090300B0B0A88062
:1099E0005D0A0300B0AB0080A70A0300B84C040076
:1099F000F90A0300B0B0AA80610B0300B0AB00808D
:109A0000AB0B0300B0A90080130C03001851040035
:109A10004D0C0300B0B0AA806F0C0300584F040037
:109A2000970C0300304F0400410E0300B0AB0080E0
:109A30008B0E030010550400CF0E0300B0B0A880B9
:109A4000DF0E0300B0B0AA80F90E0300B0A90080B9
:109A5000670F0300804C0400A10F0300484B040073
:109A600025100300604B04004D100300484E040015
:109A700063100300B0A900803D110300F8540400F6
:109A800075110300B0B0AA8099110300B0B0A8808E
:109A90003B120300B0B0AA809D120300B82F04004F
:109AA0003F130300B0A900804D130300B0B0AA809B
:109AB000B1130300B0AA0180FD130300B0B0AA8067
:109AC000B9140300B0A900808B150300B0B0A880C2
:109AD000DF150300B0A900804F160300010000004D
:109AE000431D0300B0AB0080ED4F0300B0A8018020
:109AF000C55A030001000000215B0300B0B0A8803C
:109B0000375B0300B0B0AA80335C0300084C04004C
:109B1000855E0300010000009D600300B0A9008085
:109B2000D3600300008400809D6F0300B0AC05800B
:109B3000FB6F030094B6030043710300B0AA0180D9
:109B400065710300282F0400C1710300B0B0AC8020
:109B5000FD720300B0AA0180F1730300B0B0AA80C7
:109B600061740300B0AB0080B9740300B0B0A8808A
:109B70007F750300DC3A040041760300B0B0AA8090
:109B80002B770300083B040083770300B0AB008011
:109B900099770300204A0400FD770300B0A90080F4
:109BA0005F780300B0AC0180A9780300B0A9008001
:109BB000D5780300B0AA038005790300B0AB00801C
:109BC0003B790300643A04006D790300B0B0AA80C9
:109BD00099790300C0490400F77B030001000000ED
:109BE000A5800300D0DB03005B810300084A04006A
:109BF00009820300008400801F830300B0A9008055
:109C00006D830300B0AA0180A1830300D40F040078
:109C1000EF830300283A0400ED840300B0A900801C
:109C20008D850300B0B0A880F5850300B0AB00803F
:109C30008B8603006C3A0400BB860300B0AC018045
:109C4000FF860300B0B0AC80DF870300B0A90280BC
:109C5000F9870300743A040053890300B8390400FB
:109C60007D890300B0A90080858903000100000000
:109C70003F8A0300043A0400878A0300B0AB0080E7
:109C8000F38A0300B0B0AA802F8B03004849040078
:109C9000578B0300F0480400458E030001000000CC
:109CA0004D9C03003CAB03000D9E0300010000002F
:109CB000FB9E0300643A0400859F0300B0B0A880B7
:109CC00041A10300010000009DA10300B0AB008092
:109CD00089A2030001000000E5A20300B0AB0080F0
:109CE000D1A30300010000002DA40300B0AB00804D
:109CF00019A503000100000075A50300B0AB0080AA
:109D0000A9AB03000100000069AC0300580904007E
:109D100065B50300B0AC0180BDB50300B0A90080FB
:109D200037B60300B0AB0080EDB60300B0AC0180E5
:109D300045B70300B0A90080BFB70300B0AB0080F7
:109D400071B80300B0AC0180C9B80300B0A90080AD
:109D500043B90300B0AB0080F5B90300B0AC01809B
:109D60004DBA0300B0A90080C7BA0300B0AB0080B1
:109D70007DBB0300B0AC0180D5BB0300B0A900805F
:109D80004FBC0300B0AB008005BD0300B0AC018048
:109D90005DBD0300B0A90080D7BD0300B0AB00805B
:109DA0008DBE0300B0AC0180E5BE0300B0A9008009
:109DB0005FBF0300B0AB008015C00300B0AC0180F2
:109DC0006DC00300B0A90080E7C00300B0AB008005
:109DD0009DC10300B0AC0180F5C10300B0A90080B3
:109DE0006FC20300B0AB008025C30300B0AC01809C
:109DF0007DC30300B0A90080F7C30300B0AB0080AF
:109E0000ADC40300B0AC018005C50300B0A900805B
:109E10007FC50300B0AB008035C60300B0AC018045
:109E20008DC60300B0A9008007C70300B0AB008057
:109E3000BDC70300B0AC018015C80300B0A9008005
:109E40008FC80300B0AB008045C90300B0AC0180EF
:109E50009DC90300B0A9008017CA0300B0AB008001
:109E6000CDCA0300B0AC018025CB0300B0A90080AF
:109E70009FCB0300B0AB008055CC0300B0AC018099
:109E8000ADCC0300B0A9008027CD0300B0AB0080AB
:109E9000DDCD0300B0AC018035CE0300B0A9008059
:109EA000AFCE0300B0AB008065CF0300B0AC018043
:109EB000BDCF0300B0A9008037D00300B0AB008055
:109EC000E9D00300B0AC018041D10300B0A900800B
:109ED000BBD10300B0AB00806DD20300B0AC0180F9
:109EE000C5D20300B0A900803FD30300B0AB00800F
:109EF000F1D30300B0AC018049D40300B0A90080C5
:109F0000C3D40300B0AB008075D50300B0AC0180B2
:109F1000CDD50300B0A9008047D60300B0AB0080C8
:109F2000F9D60300B0AC018051D70300B0A900807E
:109F3000CBD70300B0AB008025DE0300B0B0AA8011
:109F4000D3E70300EC260400A5ED0300B0AD0080CC
:109F5000DBED0300B0B0AC805FEE0300B0AD00807D
:109F600095EE0300B0B0AC806DEF0300B0B0A880F8
:109F7000E1F00300B0B0AC8009F10300B0AD0080A7
:109F800031F10300B0B0AC80B1F10300B0AD00809E
:109F9000D9F10300B0B0AC8019030400B0AB02806B
:109FA0001904040030280400050504005846040084
:109FB00025050400604604004505040088470400A8
:109FC00065050400E049040085050400684B0400B1
:109FD000311E0400B0B0AA80491E0400B0AB00805E
:109FE0006D1E0400B0B0AA809D1E0400B0AB0080BE
:109FF000C11E0400B0B0AA800F1F0400B0AB0080E7
:10A00000331F0400B0B0AA80811F0400B0AB0080F1
:10A01000A51F0400B0B0AA80F31F0400B0AB0080FD
:10A0200017200400B0B0AA8065200400B0AB008007
:10A0300089200400B0B0AA80D7200400B0AB008013
:10A04000FB200400B0B0AA8049210400B0AB00801E
:10A050006D210400B0B0AA80BB210400B0AB008029
:10A06000DF210400B0B0AA802D220400B0AB008034
:10A0700051220400B0B0AA8081220400B0AB00805D
:10A08000A5220400B0B0AA80D5220400B0AB0080A5
:10A09000F9220400B0B0AA8029230400B0AB0080EC
:10A0A0004D230400B0B0AA807D230400B0AB008033
:10A0B000A1230400B0B0AA80D1230400B0AB00807B
:10A0C000F5230400B0B0AA804524040068450400CC
:10A0D0009724040040470400192704008845040021
:10A0E0002D27040090450400792704003849040016
:10A0F0008D27040040490400752C040058440400D6
:10A10000852C040060440400952C0400684404007D
:10A11000A52C040030450400B52C0400384504008B
:10A12000C52C040060450400D52C040068450400DB
:10A13000E52C0400B0450400F52C0400B8450400EB
:10A14000052D0400C0450400152D0400D846040068
:10A15000252D0400E0460400352D0400E8460400E7
:10A16000452D0400F0460400552D0400F846040077
:10A17000652D040000470400752D040048480400C4
:10A18000852D040050480400952D04005848040013
:10A19000A52D040060480400B52D040068480400A3
:10A1A000C52D040070480400D52D04009848040013
:10A1B000E52D0400A0480400F52D0400A848040083
:10A1C000052E0400B0480400152E0400B848040011
:10A1D000252E0400C0480400352E0400C8480400A1
:10A1E000452E0400D0480400552E0400D848040031
:10A1F000652E0400E0480400752E04005849040050
:10A20000852E040060490400952E0400684904006E
:10A21000A52E040070490400B52E040078490400FE
:10A22000C52E040080490400D52E0400584C0400BB
:10A23000E52E0400604C0400F52E0400684C040078
:10A24000052F0400404D0400152F0400484D040064
:10A25000252F0400504D0400352F0400984D0400B4
:10A26000452F0400A04D0400552F0400A84D040004
:10A27000652F0400D04E04002D320400A8430400D2
:10A2800051320400D04404005F3204002847040027
:10A290006D320400B0480400A7320400E84D040009
:10A2A000B5320400404E040000F5E07002689142AF
:10A2B00003D343681A44914202D380680028F5D141
:10A2C00070471849086880B94FF4805048604FF4CF
:10A2D00080324FF0FF30C86008610420124B8A6062
:10A2E0004861C3F8BC01114808600120704701F1C2
:10A2F000080313F0070F0EBF0023C3F1080303F098
:10A3000007031944D21A8161C26042F001034B6015
:10A31000091D4FF0280C41F802C0024A1369C361BD
:10A3200070470000602F0020CC2400206859883C32
:10A330002DE9F84F84B00646AFF30080F52E1E4D90
:10A3400080F013820B2E31BF10260B36F608F60074
:10A350002868F408E04010F0030F4AD0C04300F032
:10A360000100041905F1280000EBC408E700D8F843
:10A3700008607068C008C000B84218BFFDF704FF4D
:10A38000D6F80890464508BFFDF7FEFE4E4508BFCB
:10A39000FDF7FAFE7068C008C000B84218BFFDF7AC
:10A3A000F3FEC8450AD12868012101FA04F420EA25
:10A3B00004042C6010E000BFCC24002028698145F3
:10A3C00008D3D9F80C10B14204D1C8F80890C9F8E4
:10A3D0000C8001E0FDF7D8FE47F00300311D7060EE
:10A3E000301DCA5942F00102C25106F1080800F0BE
:10A3F0001DBFA968B14280F0A883002800F0A280A8
:10A400004FF0010808FA04F1490000FA04F4484248
:10A4100001430C4060420440641E200B00F0100019
:10A42000C440610901F00801CC40A20802F0040216
:10A43000D440630803F002030818DC401018C4F38A
:10A44000400718183818FC40241805F1280000EBC4
:10A45000C40AE700DAF80890D9F80400C008C00080
:10A46000B84218BFFDF790FED9F808B0D14508BF33
:10A47000FDF78AFED94508BFFDF786FED9F804002E
:10A48000C008C000B84218BFFDF77EFEDA4506D10D
:10A49000286808FA04F420EA04042C600DE0296915
:10A4A0008B4508D3DBF80C00484504D1CAF808B046
:10A4B000CBF80CA001E0FDF767FEBF1B46F00300E0
:10A4C00009F10402C9F8040047F00101915109EBB8
:10A4D00006020192D751AC684FEAD40ABAF11F0FB5
:10A4E00088BFFDF751FE34B3CDF800A005F1280078
:10A4F0006E6900EBCA0AD346102C38BFFDF744FE44
:10A500002968009821FA00F2D30704D408FA00F071
:10A510000843286007E0DAF80800296988422CBF60
:10A520008346FDF731FECAF80860CBF80C60C6F828
:10A5300008B0C6F80CA0AF6009F10808019868617E
:10A5400000F074BE6868002800F020834142084093
:10A55000401E010B01F01001C840420902F0080240
:10A56000D040830803F00403D840440804F00204F8
:10A570005118E0405918C0F34007611805F5987864
:10A580007918F840401858F820104868C008C000F2
:10A590008A46A0EB060B08E001464868C008C000E8
:10A5A000801B58453CBF83468A4608690028F3D182
:10A5B00049690029F1D128698245C0F0D380DAF8D1
:10A5C0000410C90806EB0B09C900494518BFFDF77F
:10A5D000DBFD0AEB06008245019080F0C380DAF8CB
:10A5E0000C40DAF8187054450DD0DAF808002969E3
:10A5F000884223D3C268524504BFA16851451DD18A
:10A60000C460A0601CE00AF114010C6834B90AF1BE
:10A6100010010C68A4B101E011460C6804F11402A9
:10A620001068002802BF04F1100210680028F3D15E
:10A630002869814202D300220A6001E0FDF7A4FDEF
:10A64000002F38D0DAF81C0008EB80010A68924528
:10A650000AD11CBB6A68012303FA00F022EA000059
:10A6600068600020086026E029698F4213D33869AA
:10A67000504514BF7C613C61ECB129698C4218D310
:10A68000A761DAF8100058B1884226BF20618461C2
:10A69000FDF77AFD04E0FDF777FDEDE70C60ECE7F0
:10A6A000DAF8140038B12969884202D36061846104
:10A6B00001E0FDF769FDBBF1100F0ED249F0030078
:10A6C0000AF10401CAF804000AF1040051F8092053
:10A6D00042F0010240F809203EE046F003010AF191
:10A6E0000402CAF804104BF001009051019941F89E
:10A6F0000BB0A8680090C4081F2C88BFFDF744FD6C
:10A70000009828B305F1280000996F6900EBC40890
:10A71000C146102938BFFDF737FD286820FA04F13B
:10A72000CA0705D4012101FA04F404432C6007E0B0
:10A73000D8F80800296988422CBF8146FDF724FD1E
:10A74000C8F80870C9F80C70C7F80890C7F80C80F2
:10A75000C5F808B0019868611AF1080800F0F581A1
:10A7600000F064BDFDF710FDEFE116F1400F28BFCA
:10A770004FF0FF3680F0E9810B36F6086B68F60083
:10A78000002B00F0E2810027300AC6F1000908BF63
:10A79000002423D0B0F5803F28BF1F241ED2A0F58F
:10A7A0008071090C01F008018840A0F58052120C5C
:10A7B00002F004029040A0F58044240CC1F10E0187
:10A7C00004F00204891A091BA04001EBD031C81D16
:10A7D00026FA00F404F0010404EB410405F598782E
:10A7E00058F8240030B31F2C0FBFB4464FEA540C66
:10A7F000CCF1190C06FA0CFCBE46494601E04FEAC2
:10A800004C0C4268D208D200921B8A4202D211003C
:10A8100007460CD0426910304FEADC7950F8290025
:10A82000002A1CBF824296460028E8D1704689461D
:10A83000A8BBB7BB012101FA04F4640060420443E1
:10A84000234000F08281584203405B1E180B00F049
:10A850001000C340590901F00801CB409A0802F0EA
:10A860000402D3405C0804F002040818E340101806
:10A87000C3F3400C2018604423FA0CF31B1858F85B
:10A8800023000CE008464168C908C900891B4945F6
:10A890003CBF8946074601690029F3D14069002879
:10A8A000F1D1002F00F05181A868801B814580F014
:10A8B0004C8129698F42FFF455AF7868C008C00009
:10A8C00006EB0901884218BFFDF75EFC07EB060B9B
:10A8D0005F45BFF447AFFC68D7F818A0BC420CD066
:10A8E000B8682969884223D3C268BA4204BFA16804
:10A8F000B9421DD1C460A0601CE007F114010C68CE
:10A9000034B907F110010C68A4B101E011460C68DC
:10A9100004F114021068002802BF04F1100210684C
:10A920000028F3D12869814202D300220A6001E0A5
:10A93000FDF72AFCBAF1000F39D0F86908EB800165
:10A940000A6897420AD134BB6A68012303FA00F00F
:10A9500022EA000068600020086028E029698A4532
:10A9600016D3DAF81000B84214BFCAF81440CAF877
:10A970001040E4B129698C4217D3C4F818A0386993
:10A9800058B1884226BF20618461FDF7FDFB04E0D9
:10A99000FDF7FAFBEDE70C60ECE7786938B129695F
:10A9A000884202D36061846101E0FDF7EDFBB9F1FB
:10A9B000100F0CD2B14449F00300391D7860381DE6
:10A9C00051F8092042F0010240F80920B9E046F0B0
:10A9D00003013A1D796049F0010090514FEAD90016
:10A9E0004BF809901F2822D805F1280101EBC0047B
:10A9F000296821FA00F2D307A04605D4012202FA01
:10AA000000F00843286006E0A068296988422CBF4E
:10AA10008046FDF7B9FBC4F808B007F10800C8F894
:10AA20000CB040F8068007F10C018C5189E05FEA18
:10AA3000192008BF002123D0B0F5803F28BF1F2177
:10AA40001ED2A0F58072120C02F008029040A0F510
:10AA50008051090C01F004018840A0F580431B0CD3
:10AA6000C2F10E0203F00203521AD21A984002EB0E
:10AA7000D032D01D29FA00F101F0010101EB4201B1
:10AA800007F11403CBF81C1000229A5107F11003B0
:10AA900008EB81009A516A6822FA01F3DC0711D4AD
:10AAA000012303FA01F111436960C0F800B0CBF84B
:10AAB000180007F1080107F10C0040F806B041F852
:10AAC00006B03EE002681F291DBF4908C1F1190107
:10AAD00009FA01F1494600E002465068C008C0008A
:10AAE000484518D002F11003C80F03EB800349005A
:10AAF00018680028F0D12869834220D3C3F800B039
:10AB000007F10C01CBF8182041F806B007F1080056
:10AB100040F806B015E0296990688A4228BF88424B
:10AB20000DD3C0F80CB007F10801C2F808B0885185
:10AB300007F10C0082510022CBF8182001E0FDF74C
:10AB400023FB17F1080840F07183A868B0421DD3B9
:10AB5000811B6A69102909D39319A96041F001008A
:10AB60005860595046F0030656600BE00021A9607A
:10AB700040F00304111D5460141D0E5846F00106E8
:10AB8000265000236B6102F108084FE3E868864213
:10AB9000C0F03C83DFF8CC9BD9F8000008B9FFF780
:10ABA00090FBD9F8081088192F30491E20EA0101BE
:10ABB0008E4280F0398305F5D877B86838B13A68A5
:10ABC00089188A4280F030838842C0F02D8300F0DB
:10ABD00031FE00281CBFD0F8008010F1010F00F0FA
:10ABE000238339687A68414439608A4238BF796082
:10ABF000AC6904BB296909B1884200D228610021EF
:10AC00003861C7F81480F9614FF0FF31D9F800209E
:10AC10006A62296205F1280200219260D26002F185
:10AC2000080353611361891C10321F29F5D9A8F15B
:10AC3000280201461DE005F5E0710A46814600E064
:10AC40009268D2B11068536803449945F8D1107BDB
:10AC5000030712D413689C420FD3D2F804C0634494
:10AC60009C420AD2C444C2F804C02146E86808EBFA
:10AC700000022846FFF73BFBC5E22869814538BF43
:10AC8000C5F8109009EB080000E08968002900F081
:10AC9000C1810A688242F8D1087B020700F1BA81BB
:10ACA0000868C1F800904A6842444A6009F1080106
:10ACB00011F0070F08BFCDF8049006D0C1F10801CC
:10ACC00001F0070109EB0102019200F1080111F006
:10ACD000070F04D0C1F1080101F0070108448046C4
:10ACE0000198A8EB00018419A1EB060B274646F05A
:10ACF00003064660474528BFFDF746FA98F804006A
:10AD0000C10758BFFDF740FABBF1100F38BFFDF780
:10AD10003BFAA869804508D1E9688B44C5F80CB0B6
:10AD2000AF614BF00100786070E1686980450AD13D
:10AD3000A9686F618B44C5F808B04BF001007860DA
:10AD400047F80BB062E1D8F8040000F003010129D4
:10AD500040F0BC80C008C000C1081F29039040D843
:10AD6000D8F808200092D8F80C600291B04508BFCE
:10AD7000FDF70AFA0098804508BFFDF705FAD8F8F4
:10AD800004000299C008C000B0EBC10F18BFFDF766
:10AD9000FBF90299009A05F1280000EBC1008242FC
:10ADA00008D011462A699142C0F08B80CA6842459A
:10ADB00040F0878000998E4206D102982A680123CC
:10ADC00083409A432A607EE0864205D029698E42FC
:10ADD00077D3B068404574D10098C6600099B160DF
:10ADE00071E0D8F818000090D8F80C6046450DD0F6
:10ADF000D8F808002969884223D3C268424504BFB5
:10AE0000B16841451DD1C660B0601CE008F1140175
:10AE10000E6836B908F110010E68A6B101E01146BE
:10AE20000E6806F114021068002802BF06F1100235
:10AE300010680028F3D12869814202D300220A60F9
:10AE400001E0FDF7A1F9009800283CD0D8F81C00DB
:10AE500005F5987101EB80010A6890450AD12EBB77
:10AE60006A68012303FA00F022EA0000686000200B
:10AE7000086028E000992869814214D30869404598
:10AE800014BF4E610E61F6B129698E4219D3009844
:10AE9000B061D8F8100058B1884226BF3061866191
:10AEA000FDF772F904E0FDF76FF9ECE70E60EBE7F0
:10AEB000D8F8140038B12969884202D370618661DC
:10AEC00001E0FDF761F9039988448B44D8F8041038
:10AED00049084900C8F804104BF0010078604FEAB7
:10AEE000DB0647F80BB01F2E22D805F1280000EB37
:10AEF000C604A146BBF1100F38BFFDF745F928681D
:10AF000020FA06F1CA0705D4012101FA06F6064324
:10AF10002E6006E0A068296988422CBF8146FDF7B3
:10AF200033F9A760C9F80C70C7F80890FC606DE0B1
:10AF30005FEA1B2008BF002123D0B0F5803F28BF67
:10AF40001F211ED2A0F58072120C02F00802904060
:10AF5000A0F58051090C01F004018840A0F5804360
:10AF60001B0CC2F10E0203F00203521AD21A9840CF
:10AF700002EBD032D01D2BFA00F101F0010101EB00
:10AF80004201F961002305F598727B6102EB8100B3
:10AF90003B616A6822FA01F3DE0707D4012303FA52
:10AFA00001F1114369600760B8611DE002681F2963
:10AFB0001DBF4908C1F119010BFA01F1594600E022
:10AFC00002465068C008C000584510D002F1100376
:10AFD000C80F03EB8003490018680028F0D12869E6
:10AFE000834211D31F60BA61FF60BC600EE0296923
:10AFF00090688A4228BF884206D3C7609760B860CD
:10B00000FA600020B86101E0FDF7BEF8019800F198
:10B0100008080BE121462846FFF746F90168406819
:10B0200008440090A0F1270111F0070000980EBF1E
:10B030000021C1F1080101F007010844A0F12F0B24
:10B0400004F110018B4538BFA3460BF11802002113
:10B0500002920191A8F1280249462846FFF747F9D4
:10B060000BF1080010F0070F18BFFDF78DF81B203B
:10B07000CBF8040005F5E07292E809500BF10801E5
:10B0800081E8095000210BF10800F961B861009ACC
:10B0900002980199C7F81090C7F81480072300E0C0
:10B0A000001D491C00F1080797424360F8D30129AD
:10B0B000D8BFFDF769F8A34500F0A580ABEB040B02
:10B0C000201D221D50F80B104908490042F80B10B2
:10B0D0004BF0010060604FEADB0944F80BB0B9F1B6
:10B0E0001F0F22D805F1280000EBC907B846BBF1B5
:10B0F000100F38BFFDF748F8286820FA09F1CA0791
:10B1000005D4012101FA09F10843286006E0B86876
:10B11000296988422CBF8046FDF736F8BC60C8F824
:10B120000C40C4F80880E7606DE05FEA1B2008BFB0
:10B13000002123D0B0F5803F28BF1F211ED2A0F5EB
:10B140008072120C02F008029040A0F58051090CA8
:10B1500001F004018840A0F580431B0CC2F10E02EF
:10B1600003F00203521AD21A984002EBD032D01DDB
:10B170002BFA00F101F0010101EB420105F5987293
:10B18000002302EB8100E161636123616A6822FAB6
:10B1900001F3DF0707D4012303FA01F111436960CA
:10B1A0000460A0611DE002681F291DBF4908C1F1AC
:10B1B00019010BFA01F1594600E002465068C00837
:10B1C000C000584510D002F11003C80F03EB8003F4
:10B1D000490018680028F0D12869834211D31C6007
:10B1E000A261E460A4600EE0296990688A4228BFE9
:10B1F000884206D3C4609460A060E2600020A06131
:10B2000001E0FCF7C1FFE86886420DD2801BA96906
:10B21000E8608A19AA6140F00100506046F0030618
:10B220004E6001F1080801E04FF00008AFF3008024
:10B23000404605B0BDE8F08F002800D170472DE9E9
:10B24000F047A0F10805AFF30080DFF81C65316915
:10B250008D42C0F08482686800F00302012A00F089
:10B260007E82C2084FEAC209C20705EB090839D439
:10B270002C6810F0030F00F06E82604205448D428E
:10B28000A144C0F06C827069854200F0DE80E40861
:10B29000202C72D2D5F80CA0AF68554508BFFCF73A
:10B2A00073FFBD4208BFFCF76FFF6868C008C000AD
:10B2B000B0EBC40F18BFFCF767FF06F1280000EBE6
:10B2C000C400874205D031698F4253D3FA68AA423D
:10B2D00050D1BA4540D13068012101FA04F420EA86
:10B2E00004043460454580F03A82D8F80440E00711
:10B2F00040F13582A10700F18381B069804540F0BB
:10B30000B780F168B5618944C6F80C9049F0010036
:10B31000686071698D4202D100207061B060F1698E
:10B32000494580F01882DFF83C24106808B9FEF720
:10B33000C8FFB169002900F00E82F068292824BFF7
:10B340003046FEF7B1FFF069F168884280F0038271
:10B350004FF0FF30F061FEE1824506D03069824552
:10B3600008D3DAF80810A94204D1C7F80CA0CAF82B
:10B370000870B7E7FCF708FFB4E7EC68AF69AC42C8
:10B380000BD0A868884222D3C168A94204BFA26832
:10B39000AA421CD1C460A0601BE005F1140214682D
:10B3A00034B905F1100214689CB101E01A46146822
:10B3B00004F114031868002802BF04F11003186890
:10B3C0000028F3D18A4202D30021116001E0FCF78A
:10B3D000DBFE002F86D0E86906F5987101EB80014D
:10B3E0000A6895420AD124BB7268012303FA00F06F
:10B3F00022EA000070600020086073E731698F4224
:10B4000014D33869A84214BF7C613C61002C3FF41E
:10B4100069AF31698C42ADD3A761286958B18842C0
:10B4200026BF20618461FCF7AFFE04E0FCF7ACFEB0
:10B43000ECE70C60EDE7686900283FF453AF316931
:10B44000884297D3606184614CE798F8040000F06B
:10B45000030003287FF446AFC6F8089049F00101C5
:10B46000D8F8040040084000C8F8040069600AE009
:10B47000706980450AD1B16875618944C6F8089041
:10B4800049F00100686045F8099064E1E408E400CF
:10B49000A144E408202C3AD2D8F80CA0D8F80870BF
:10B4A000D04508BFFCF770FEB84508BFFCF76CFE3E
:10B4B000D8F80400C008C000B0EBC40F18BFFCF7F8
:10B4C00063FE06F1280000EBC400874207D0316913
:10B4D0008F42C0F08880FA68424540F08480BA45C7
:10B4E00007D13068012101FA04F420EA0404346031
:10B4F0007BE0824506D03069824574D3DAF80810C3
:10B50000414570D1C7F80CA0CAF808706DE0D8F8B2
:10B510000C40D8F8187044450DD0D8F808003169AF
:10B52000884223D3C268424504BFA16841451DD16A
:10B53000C460A0601CE008F114010C6834B908F183
:10B5400010010C68A4B101E011460C6804F114026A
:10B550001068002802BF04F1100210680028F3D11F
:10B560003069814202D300220A6001E0FCF70CFE40
:10B57000002F3AD0D8F81C0006F5987101EB800135
:10B580000A6890450AD11CBB7268012303FA00F0D7
:10B5900022EA000070600020086026E031698F42D6
:10B5A00013D33869404514BF7C613C61ECB131690B
:10B5B0008C4218D3A761D8F8100058B1884226BF32
:10B5C00020618461FCF7E0FD04E0FCF7DDFDEDE7C0
:10B5D0000C60ECE7D8F8140038B13169884202D326
:10B5E0006061846101E0FCF7CFFD49F00100686013
:10B5F00045F8099071698D420BD1C6F80890AAE010
:10B6000064086400C8F8044049F00100686045F827
:10B6100009904FEAD907202F22D206F1280000EB2B
:10B62000C704A046B9F1100F38BFFCF7ADFD306874
:10B6300020FA07F1CA0705D4012101FA07F70743E9
:10B64000376006E0A068316988422CBF8046FCF76D
:10B650009BFDA560C8F80C50C5F80880EC607AE046
:10B660005FEA192008BF002123D0B0F5803F28BF32
:10B670001F211ED2A0F58072120C02F00802904029
:10B68000A0F58051090C01F004018840A0F5804329
:10B690001B0CC2F10E0203F00203521AD21A984098
:10B6A00002EBD032D01D29FA00F101F0010101EBCB
:10B6B000420106F59872002302EB8100E9616B619B
:10B6C0002B61726822FA01F3DC0707D4012303FA25
:10B6D00001F1114371600560A8611DE002681F2936
:10B6E0001DBF4908C1F1190109FA01F1494600E0FD
:10B6F00002465068C008C000484510D002F110034F
:10B70000C80F03EB8003490018680028F0D13069A6
:10B71000834211D31D60AA61ED60AD600EE0316916
:10B7200090688A4228BF884206D3C5609560A860A9
:10B73000EA600020A86101E0FCF726FD306A401EA7
:10B7400008D13062D6F8C80100E080680028FCD13A
:10B750004FF0FF303062AFF30080BDE8F087FCF7B8
:10B7600013FDF8E7602F0020CC2400202DE9F843DA
:10B770008AB080462821684600F072F82B4A10688B
:10B7800008B9FEF79EFDAFF30080DFF8A4E0DEF815
:10B790001820002A40D0DEF80C5005F128060124BC
:10B7A00037460EF5E0711CE04FEADC090CF0030CA3
:10B7B000BCF1010F07EBC90704BF06EBC906641C07
:10B7C00003EBC90383420BD3D1F8049081444B456A
:10B7D00006D293421CBFD3F804C0BCF1070FE3D1DB
:10B7E000896861B1086800F1080313F0070F0EBF04
:10B7F0000023C3F1080303F007030344E2E70097C3
:10B800000EF5D87001940896099501684268059272
:10B81000CF1B891B04970791AFF300804046694610
:10B82000282200F03DF80BB0BDE8F083602F002027
:10B83000CC2400200749086808B10020704706485A
:10B84000C008C00008600549C908C900091A01609C
:10B85000704700BF64300020475200204072012032
:10B86000002200F06FB88268521C8260426832B1D8
:10B870000268531C036011704168491E41607047A3
:10B8800062B38B0708D0521E11F8013B00F8013B50
:10B8900000F024808B07F6D1830740F0208000BFA2
:10B8A000103A07D330B4B1E83810103AA0E8381095
:10B8B000F9D230BC530724BFB1E80810A0E8081043
:10B8C00044BF51F8043B40F8043BD20724BF31F891
:10B8D000022B20F8022B44BF0B7803707047121F15
:10B8E00017D35B0009D151F8043B20F8023B1B0C35
:10B8F000121F20F8023BF6D20BE051F8043B00F88F
:10B90000013B1B0A20F8023B1B0C121F00F8013BF5
:10B91000F3D238BF121D521E24BF11F8013B00F8AC
:10B92000013BF8D870470268531C036011707047E0
:10B9300080B5AFF30080024A11001820ABBEFBE7D0
:10B940002600020000B500BF130096469446103949
:10B9500028BFA0E80C50FAD85FEA417C28BF0CC091
:10B9600048BF40F8042BC90728BF20F8022B48BF66
:10B9700000F8012B00BD0200002070472DE9F14FB7
:10B98000B0B0924604910DF142013A9A2B9199463A
:10B990004A7000200AE01AF8011B0498309A904778
:10B9A0000028049000F0A6860D98401C0D909AF88F
:10B9B000000050B12528EED1002100220791089205
:10B9C00009910A920B910C9204E00D9800F094BE3C
:10B9D00041F001011AF8010F2028F9D023280CD0DA
:10B9E0002B2804D02D2805D0302809D00BE041F0B9
:10B9F0000201EFE741F00401ECE741F00801E9E75B
:10BA000041F01001E6E72A280FD1D9F8002052F8BA
:10BA1000040BC9F8002000280F9003D540420F9076
:10BA200041F004010AF1010A14E00F92DFF8243812
:10BA30000AE00F98984205DA00EB800402EB44021A
:10BA4000303A0F920AF1010A9AF80020A2F1300070
:10BA50000A28EED39AF800002E2803D04FF0FF32C8
:10BA60000E9229E01AF8010F2A2809D1D9F800000E
:10BA700050F8042BC9F800000E920AF1010A1BE0ED
:10BA80002D280CBF0AF1010A002000220E92DFF8D7
:10BA9000C4470BE040B90E9AA24205DA02EB8205D8
:10BAA00003EB4503303B0E930AF1010A9AF800308C
:10BAB000A3F130020A2AEDD3ADF84010DFF8980761
:10BAC000784400F294709AF8001000F02DFF08B14D
:10BAD0001AF8010B8DF842009DF84200682805D144
:10BAE0009AF8000068280CD1622106E06C2804BF97
:10BAF0009AF800006C2804D171218DF842100AF1E7
:10BB0000010A12A806901AF801BBBBF125012CD03E
:10BB10001C3900F0CF81091F022940F2CB81133973
:10BB200000F01385093900F0C581891E00F0A88551
:10BB3000491E00F05585491E022940F2BB81091FAC
:10BB400000F04E85491F00F02881491E00F0FD8459
:10BB5000491E00F0D080C91E0DD0891E00F0F5846A
:10BB6000C91E00F0F28400F096BD25238DF8483000
:10BB7000012100F09BBDD9F8000050F8044BC9F832
:10BB80000000002C059440F0A3802B9948780028F1
:10BB900000F099804FF0FF340FF6643000F0D2FED1
:10BBA000201A40F0A78500F082BD6D1E40F09985F7
:10BBB0003096079D12AF75B1309E17F8012B02A980
:10BBC000304600F063FE002801D46D1EF5D1002838
:10BBD000309640F08F850A9D3020002D8DF80400AE
:10BBE0000CDD309E012301AA02A9304600F05EFE62
:10BBF000002840F07F856D1EF4D13096059F089D8A
:10BC000075B1309E17F8012B02A9304600F03EFEB8
:10BC1000002801D46D1EF5D10028309640F06A85C9
:10BC20000B9D3020002D8DF804000CDD309E01238B
:10BC300001AA02A9304600F039FE002840F05A85DA
:10BC40006D1EF4D1309605980899099D471875B175
:10BC5000309E17F8012B02A9304600F017FE00288D
:10BC600001D46D1EF5D10028309640F043850C9D1F
:10BC70003020002D8DF804000CDD309E012301AA38
:10BC800002A9304600F012FE002840F033856D1EF8
:10BC9000F4D130969DF8400041077FF588AE202012
:10BCA000002C8DF804007FF782AE309D012301AA9D
:10BCB00002A9284600F0FAFD002840F01B85641E0A
:10BCC000F4D1309573E60FF64440059000F0EFBCD8
:10BCD0000E9D002D04D5204600F054FE044607E0DA
:10BCE0002A46204600F06CFE002814BF041B2C4698
:10BCF000089400F0DCBCD9F8001051F8040BC9F826
:10BD0000001020F00004002121F0FF3512ABCDE936
:10BD100002450593DDE9022306993C2413B90AB9CB
:10BD20000E9898B102F00F053035641EEEB23A2E2F
:10BD3000A8BF2735120942EA03721B090D5508BF37
:10BD4000002A03D005980D19A842EBD308190590D5
:10BD5000C4F13C020E98089282420ADABDF8401003
:10BD6000821A4FF6EF7001400A92ADF8401000F0D1
:10BD70009EBC002840F19B849DF8400000F0140018
:10BD8000102840F094840F9B07990A985B1A1B1A9D
:10BD90009A1A002A40F38B84D5E32B99487820B176
:10BDA0004FF0FF340FF63430F8E69DF84200622879
:10BDB00061D0682817D06A283FD06C2806D0712837
:10BDC00047D074282CD07A281DD064E0D9F8001010
:10BDD00051F8040BC9F80010002868D14FF0FF3467
:10BDE0000FF61030DAE6D9F8001051F8040BC9F854
:10BDF000001020B94FF0FF340FF6F820CEE60D9971
:10BE0000018000F054BCD9F8001051F8040BC9F8B7
:10BE1000001000284BD14FF0FF340FF6D820BDE6BC
:10BE2000D9F8001051F8040BC9F8001000283ED1D1
:10BE30004FF0FF340FF6BC20B0E6D9F8001051F8EF
:10BE4000040BC9F8001080B94FF0FF340FF6A4209E
:10BE5000A4E6D9F8001051F8040BC9F8001020B975
:10BE60004FF0FF340FF68C2098E60D9AD317C0E9F7
:10BE7000002300F01CBCD9F8001051F8040BC9F8DD
:10BE8000001020B94FF0FF340FF6682086E60D99B8
:10BE9000017000F00CBCD9F8001051F8040BC9F87F
:10BEA000001020B94FF0FF340FF6482076E60D99C8
:10BEB0000160FCE3D9F80020D21D22F00702C9F886
:10BEC0000020D2E900010832C9F80020CDE90201C2
:10BED000C80F02D007982D210AE0BDF84000810765
:10BEE00002D507982B2103E0C00705D5079820212C
:10BEF00012AA1154401C079012A807994BF0200277
:10BF00004318DDE90201CDE92C01612A059321AC3A
:10BF10000BD00E98002802D506200E9005E001BF38
:10BF20004BF02000672801210E91DDE90201480055
:10BF30004015401C0A460DD109030BD0ABF1610539
:10BF400003201A2D089002D20FF6C4110DE00FF64F
:10BF5000C4110AE070B912030CD1ABF161050320E2
:10BF60001A2D08901AD30FF6B41103221846FFF7C2
:10BF700087FC9CE3DDE90201CDE92E01DDE92E23FA
:10BF800023F00047B7F5801F22F000060DD20022F3
:10BF9000002F08BF002E009203D116E00FF6781193
:10BFA000E3E76A4600F038FD0FE0DFF8C008DFF88D
:10BFB000C01800EB17500090DDE92E234FF0FF3042
:10BFC0001940DFF8B07810403943CDE902014BF059
:10BFD000200061280DD1059830210170821CBBF131
:10BFE000610F05920CBF7821582141700798801C81
:10BFF0000790DDE9020120F0000231F0004308BFA4
:10C00000002A02D10026002568E14BF02008B8F193
:10C01000610F40F0B4800E98002847BF21210191A4
:10C02000401C0190019FDDE92C017F1C00220023B0
:10C03000DDE9024500F028FD00998DF8842038BF25
:10C0400085F00045091F002F00910DF1850653DD95
:10C05000204629460022002300F030FD4CD2480043
:10C06000400D00F11C0312D0002B10DD40F2FF70D8
:10C07000834206DBDFF8001805F000421143002080
:10C0800011E06FF31E5141EA035120460BE024F00A
:10C09000000035F0004108BF00280FBF29461C22D0
:10C0A000294600F025FD04460D4600F0C1FDFF1FA6
:10C0B000002F804609DD00F0DBFD02460B462046DE
:10C0C000294600F0E9FD04460D46F01D0721B8F1B0
:10C0D000000F0CDD491E5EBF08F00F0200F8012DB5
:10C0E0004FEA2818F3D502E0002200F8012D491E7E
:10C0F000FAD5C61D002FABDC0DF18500361A01986C
:10C100008642D8BF304600280DF1850430D4B042B5
:10C1100006DA0DF185010A5C082AA8BF0F2100DAB2
:10C120000021024621AB134400E0401E13F80159E0
:10C13000521E8D42F9D00F2904D10DF185018B5C7F
:10C140005B1C8B54002A04D50099091D21AC401CAE
:10C150000091411E0CD46218ABF13A0613783033CB
:10C16000DDB23A2DA8BFF318491E02F80139F5D502
:10C170000E99002940F1B080421E0E92ACE0009969
:10C18000DFF8F82647F29750414391FBF2F2DDE9E0
:10C190002C45009225F00045D2F1070204DD20462F
:10C1A000294600F040FB0BE052420020DFF8D01699
:10C1B00000F039FB02460B462046294600F0E0FD20
:10C1C0000446B8F1660F0E9806BF009F0A3706278F
:10C1D0003F18142FC8BF142730200D468DF8840057
:10C1E0000DF18506002F39DD2046294600F0EEFED0
:10C1F00001460A4606F1080304200A26B2FBF6F6B9
:10C2000006EB860EA2EB4E02303203F8012C0A2216
:10C21000B6FBF2F202EB820EA6EB4E063036401E63
:10C2200003F8026DE9D1083F002F03F10806D9DDBC
:10C23000084600F0DFFE02460B462046294600F085
:10C240002BFD0022DFF83C3600F0E4FE04460D46EC
:10C25000CAE700BFCBCCCC0C105304000DF1850015
:10C26000361A0DF1850404E00098401E761E0090F9
:10C27000641C20783028F7D0B8F1660F02D10099FD
:10C28000491C04E0B8F1650F0CBF012100210E9894
:10C2900008188642B8BF701E00281DD4B04204DAC8
:10C2A000215C3429C8BF392100DC30210246631EDD
:10C2B0009D1800E0401E15F80169521E8E42F9D00B
:10C2C000392902D1A15C491CA154002A04D5009946
:10C2D000491C1C46401C00910646009D0E9F30B232
:10C2E000002802DC01260FF238644BF0200066289B
:10C2F00008BF6D1C15D067280FFA85F841D118F1D9
:10C30000040F44DBB84542DA9DF840006D1C01077C
:10C3100003D430B2B842B8BF074628B23F1A48BF6C
:10C3200000270FFA85F8B8F1000F00F3AF800898E6
:10C33000411C0891302205990A54002F03DC9DF816
:10C340004000010705D50898411C08912E22059947
:10C350000A5417EB080FB8BF7D4228B2C51932B294
:10C36000414295420B91B8BF2E46059B089836B2C4
:10C370000996324621461844FFF782FAAD1B0C9508
:10C38000CCE0BBF1610F15D14FF0700B17E030B26C
:10C39000B84204DA9DF840100A0758BF07467F1ECE
:10C3A00048BF0027BBF1670F14BF4FF0450B4FF09C
:10C3B000650B04E0BBF1410F08BF4FF0500B08982C
:10C3C000411C0891002F059914F8012B0A5403DC35
:10C3D0009DF84000010719D50898411C08912E22AC
:10C3E00005990A54002F11DD761E30B28742059858
:10C3F000089BB8BF3E4632B221461844FFF740FAC8
:10C40000089836B23018BF1B08900B97059808990A
:10C410000844B8F1000F80F800B003D42B2242701A
:10C42000821C04E02D2145464170821C6D42002192
:10C430002CAB28460AE004460A2094FBF0F000EBFF
:10C440008005A4EB450403F8014B491C00B2002809
:10C45000F1DC012906DC4BF02000652804BF302008
:10C4600002F8010B00292CAB08D1302002F8010B97
:10C4700006E0491E585C303002F8010B0029F8DC58
:10C48000059908980844121A099247E030B229B277
:10C4900088421BDA0598089B32B221461844FFF700
:10C4A000EFF9089936B27118A8EB0606002F08912B
:10C4B0000B9603DC9DF84000020705D5059A2E2057
:10C4C00050540999491C09910C9727E00598089B3D
:10C4D0002AB221461844FFF7D3F90898761B404446
:10C4E000002F089003DC9DF840100A0704D5411C7A
:10C4F00008912E2205990A5430B287420598089B6C
:10C50000B8BF3E4632B204EB08011844FFF7B8F951
:10C51000089836B23018BE1B08900B969DF8400064
:10C5200000F01400102840F0C280079A08990B9878
:10C530008A18099982180C988A1882180F988242D2
:10C5400080F2B580821A0A92B1E09DF8420062281A
:10C5500008D068280ED06A2814D06C281FD0712803
:10C5600010D01CE0D9F8001051F8040BC9F80010E5
:10C57000C0B21AE0D9F8001051F8040BC9F8001045
:10C5800080B212E0D9F80020D21D22F00702C9F8CB
:10C590000020D2E900010832C9F8002006E0D9F8ED
:10C5A000001051F8040BC9F800100021CDE9020178
:10C5B0009DF8400001075AD5DDE90223002B08BF92
:10C5C000002A54D04BF02000782850D1079812A9A7
:10C5D00030220A54401C431C079301F800B046E087
:10C5E0009DF84200622808D068280ED06A2814D02E
:10C5F0006C281FD0712810D01CE0D9F8001051F819
:10C60000040BC9F8001040B21AE0D9F8001051F834
:10C61000040BC9F8001000B212E0D9F80020D21DB6
:10C6200022F00702C9F80020D2E900010832C9F857
:10C63000002006E0D9F8001051F8040BC9F80010EA
:10C64000C117CDE90201002902D507982D210AE082
:10C65000BDF84000810702D507982B2103E0C007F1
:10C6600005D50798202112AA1154401C079012A842
:10C6700007990144059102A8594600F04FF816E0C9
:10C6800001200790D9F8000050F8041BC9F80000F9
:10C690008DF848100BE025210122BBF1000F8DF829
:10C6A0004810079203D08DF849B0022107910F9AE4
:10C6B00007980A990C9C121A0898521A0B99121A88
:10C6C0000998521A121A9DF84000141B41073FF5B1
:10C6D00070AA2020002C8DF804007FF76AAA309EF3
:10C6E0002546012301AA02A9304600F0DFF8002800
:10C6F0003FF45BAA4FF0FF3031B0BDE8F08F00008F
:10C700007072696E74665F733A206261642025738B
:10C7100020617267756D656E740000002DE9FC4341
:10C7200007466F293E6908BF082405D041F0200064
:10C73000782814BF0A2410243C25D7E90023642953
:10C7400018BF69299046994605D1002B03D5D8F129
:10C75000000869EB4909B9F1000F08BFB8F1000FF3
:10C760000CD1386B50B9082C39D197F83800010733
:10C7700035D530203B2586F83B0030E08DF80010A1
:10C78000404649462246E31700F018FD3032D0B249
:10C790006D1E3A28019504DB9DF80000A0F15101BF
:10C7A0008A187255404649462246E31700F006FDB6
:10C7B00080465FEA010908BFB8F1000F03D0F868AE
:10C7C00071198842DCD3082C09D197F83800010789
:10C7D00005D5705D302802D06D1E30207055C5F132
:10C7E0003C02BA617119F960386B824208DA821A28
:10C7F0003A624FF6EF70398F01403987BDE8F38315
:10C8000000280ED597F8380000F01400102808D141
:10C810007B6B7969386A5B1A1B1A9A1A002AC8BF9F
:10C820003A62BDE8F3832DE9D04306460F4614462D
:10C830004FF00008DFF8509012E0E00707D54246BD
:10C840004B463046394600F0E5FB06460F4640466B
:10C85000494642464B4600F0DDFB6410804689465F
:10C86000002CEAD130463946BDE8D08302FCFFFFF8
:10C87000FFFF0F800000E03F0000F07FA086010076
:10C880000000F03F84D797410000244010B50346D4
:10C890000C461146A0689847A06020B1E06A401C91
:10C8A000E062002010BD4FF0FF3010BDF8B5054626
:10C8B0000E4617461C4600205CB117F8011BB068F5
:10C8C000A847B06030B1F06A401CF0620020641EDE
:10C8D000F3D1F2BD4FF0FF30F2BD00007072696E0F
:10C8E00074665F733A20256E20646973616C6C6FA7
:10C8F000776564007072696E74663A2062616420C4
:10C90000256E20617267756D656E74000000000011
:10C910006E616E004E414E00696E6600494E4600E3
:10C920003000010000207047C9B202788A421AB173
:10C930001CBF10F8012FF9E718BF00207047010055
:10C940000020704780B500B906A005490B681BB1EF
:10C9500022220021984701E0FBF716FC222002BDAD
:10C9600068300020636F6E73747261696E74206842
:10C97000616E646C65723A20626164206D657373E8
:10C980006167650000F10103810704D010F8011B05
:10C99000820781B1FAD10268A2F10131914311F00D
:10C9A000803104BF50F8042FF6E709BAB1FA81F1DB
:10C9B00000EBD100401CC01A7047010000207047F6
:10C9C000C9B2830706D0521E22D310F8013B994208
:10C9D000F7D11FE0083A13D302F1040241EA012122
:10C9E00041EA014150F8043B121F21BF4B40A3F123
:10C9F000013C2CEA030C1CF0803FF3D0C9B2001FAD
:10CA0000083210F8013B521E28BF91EA030FF8D8F4
:10CA100018BF0120401E704710B5144600F002F800
:10CA2000226010BDC1F30A5343B14A0012F5001F42
:10CA300028D2A3F2FE32A1EB0251704750EA410C1A
:10CA400020D001F0004C31EA0C01B1FA81F204BFB0
:10CA5000B0FA80F3D2180B3AB2F120032CBF00FADF
:10CA600003F1914041EA0C013EBFC2F1200C20FAD3
:10CA70000CF319439040524240F2FD33D21A01EBBD
:10CA800003517047002270474FF4001C1CEB410F0C
:10CA900094BF1CEB430F09E041EA030C50EA4C0C35
:10CAA00052EA0C0C03D2994208BF9042704714BF5F
:10CAB0008B42824270470100002070474FF4001CF7
:10CAC0001CEB410F94BF1CEB430F09E041EA030C40
:10CAD00050EA4C0C52EA0C0C03D28B4208BF824243
:10CAE000704714BF99429042704701000020704780
:10CAF000124254D440F2FF7C1CEA11530FD063451C
:10CB000031D09B1863453CBF01EB0251704701F0E7
:10CB1000004141EA0C51002000F068BC704750EA27
:10CB2000410320D001F0004C91EA0C011CD0B1FA75
:10CB300081F30B3B9A420DD9D21A994051EA0C016C
:10CB4000C3F1200C20FA0CFC61449840531C40F2C5
:10CB5000FF7CD7E7914041EA0C01C2F1200C20FA9A
:10CB60000CF3194390407047B0FA80F31533202B33
:10CB7000E0D3202AEED3203A203B9A4209D9D21A98
:10CB800000FA03F141EA0C010020531C40F2FF7C43
:10CB9000B8E700FA02F141EA0C0100207047524266
:10CBA00040F2FF7C1CEA11530DD06345DBD0B2EBA1
:10CBB000030C3CBFA1EB025170470CF1010221EACA
:10CBC000035141F4801150EA410CCCD001F0004CEB
:10CBD000352A27DC30B481EA0C01B2F1200309DAEE
:10CBE000C2F12003044601FA03F5D0402843D140A6
:10CBF0009C400CE0C3F12002450020FA03F418BF6A
:10CC000044F0010421FA03F091400C43002174F137
:10CC1000004550F1000051EB0C01244230BC7FF480
:10CC20007BAF70476146002076E701000020704727
:10CC3000C1F30A5340F2FE329B1A14DDD3F12003F4
:10CC40004FEAE17208DDC90241EA505141F000406B
:10CC5000D84080185040704703F2E13010B1D24301
:10CC600082F00040704700207047010000207047AC
:10CC7000C11768B14840401AB0FA80F29040D21C07
:10CC8000C907C2F5846241EA025202EBD021400595
:10CC9000704701000020704770B44FF0004591EAE2
:10CCA000030F40F1B7836B40841A71EB030603D284
:10CCB000001BB141121973414FF4001C1CEB410FD2
:10CCC00034BF7CEB430442E00C0DA4EB1356352E2D
:10CCD0004FDC45EAC323DB0A45EAC121C912B6F19C
:10CCE00020050DDD63FA05F6EB4086EA03051242E6
:10CCF00018BF45F00105C01851F100010CD213E036
:10CD000062FA06F5F2405540F3415A40B340F34011
:10CD10005A408018594107D349085FEA30005FEA5A
:10CD2000350528BF45F0010501F58011420875F170
:10CD3000004250F1000041EB04514E0016F5001F77
:10CD400070BC38BF70470020090D090570471CEB07
:10CD5000410F10D252EA43060BD0BCEB410F05D86D
:10CD60000C0DAB43661E342EB6DD02E0AB438018DB
:10CD7000594170BC704770BC70470100002070477B
:10CD8000F0B540F2FF7581EA030C0CF0004C15EA97
:10CD900011541DBF15EA1357AC42AF42E5E0BC4148
:10CDA000C1F31301C3F31303801A994143F48013B1
:10CDB00004D2641E4000494180185941C90241EA29
:10CDC0005051B1FBF3F603FB1611A2FB0675D7EB2E
:10CDD000C020A94102D2761E80185941C90241EAF9
:10CDE0005051B1FBF3FE03FB1E11A2FB0E75D7EBF6
:10CDF000C020A94103D2AEF1010E80185941890229
:10CE000041EA9051760546EA8E2EB1FBF3F603FB1C
:10CE10001611A2FB0675D7EB8020A94102D2761E1F
:10CE200080185941C90241EA50514EEA060EB1FB41
:10CE3000F3F603FB1611A2FB0675D7EBC020A94140
:10CE400002D2761E80185941C90241EA5051B1FB05
:10CE5000F3F703FB1711A2FB0735D3EBC020A94161
:10CE600067F100070CBF004247F0010766F3D527C2
:10CE70004FEA1E31B80814F5806412DDBD0775F164
:10CE8000004250EB0E5051EB045111F5801F5CBF76
:10CE900041EA0C01F0BD4CF07F6141F0E04100201F
:10CEA000F0BDBD076D0840EA0E5041F48011D4F189
:10CEB0000104B4F120060ADAC4F120060200E040C1
:10CEC00001FA06F3E1401843B24015430EE0342C5A
:10CED00013DCC6F1200445EA40056D0820FA06F28D
:10CEE000154321FA06F0A1400D43002175F10042DF
:10CEF00050F1000051EB0C01F0BD00205FEA0C0185
:10CF0000F0BDCFB992185B41B3FA83F704BFB2FA10
:10CF100082F6BF190B3FB7F120062FBF02FA06F3C6
:10CF2000BB40C7F1200622FA06F638BF3343BA40A9
:10CF30001CB1E419641E33E77F4231F00041B1FABD
:10CF400081F404BFB0FA80F6A4190B3CB4F12006BA
:10CF50002FBF00FA06F1A140C4F1200620FA06F620
:10CF600038BF3143A0403C1B1AE7AC421ABF05EA68
:10CF70001357AF4212E050EA41061CBF52EA430683
:10CF8000BFE750EA4107304661461CBF41EA055100
:10CF9000F0BD52EA430C08BFC143F0BD00204FF47E
:10CFA000001616EB410F98BF16EB430F08BF16EBA8
:10CFB000410F24BFC14305E016EB430F0CBF614690
:10CFC0004CEA0551F0BD010000207047400D4918A2
:10CFD00040EA81200CD2490DA1F58061491C40F046
:10CFE000004005DBD1F11F0154BFC840C017704796
:10CFF00000207047014648B1B0FA80F18840C91C52
:10D00000C1F58461090501EBD0214005704701009D
:10D0100000207047B0B581EA030C0CF0004C40F2E0
:10D02000FF7515EA11541DBF15EA1357AC42AF4204
:10D0300039E0E41923EA455343F48013C90241F06F
:10D04000004141EA505EC7021100A7FB020200281E
:10D050004FF00000EEFB01204FF00001E3FB072141
:10D0600018BF42F00102401800214941E3FB0E01C4
:10D07000A4F580640F0302D252004041494154F1AB
:10D0800001046CDD470872F1004250F1000051EBE1
:10D090000451A1F580115CBF41EA0C01B0BD4CEA1E
:10D0A00005510020B0BD05EA1357AC4214BFAF4292
:10D0B00041E050EA410E1CBF52EA430E02E06146D5
:10D0C0000020B0BD24423C441BD15FEA070EF6D0DD
:10D0D000090302BF01460020AEF1140EB1FA81F738
:10D0E000AEEB070401FA07FE0C37C7F1200100FA86
:10D0F00007F7C8404EEA000E23EA455343F4801375
:10D10000A2E733F00043B3FA83F704BFB2FA82FE1A
:10D1100077440B3FE41BB7F1200E2FBF02FA0EF34A
:10D12000BB40C7F1200E22FA0EFE38BF43EA0E03C1
:10D13000BA40641C82E750EA410E14BF52EA430E23
:10D140006FF000014FF4001717EB430F8ABF194629
:10D1500017EB410FB5E74CEA05510020B0BDD4F103
:10D160000104B4F120070FDAC4F12007520828BFE8
:10D1700042F0010210FA07F501FA07F7E1BF2A436E
:10D18000E0403843E1400FE0352C98DCC7F1200443
:10D1900052EA400220FA07F218BF42F0010231FAC7
:10D1A00007F0A1400A43002172F1004250F1000053
:10D1B00051EB0C01B0BD010000207047BBBBE1B1D9
:10D1C000B2F5803F80F07E80022A1ED98C46B1FBEA
:10D1D000F2F102FB11C31B0443EA1043B3FBF2FC60
:10D1E00002FB1C3380B240EA0343B3FBF2F002FBC4
:10D1F000103240EA0C4000237047022A05D98446C9
:10D20000B0FBF2F002FB10C270474AB105D100F04A
:10D21000010249085FEA300070470022002370478E
:10D2200000F0B0B90B0002000021002070479042CE
:10D2300071EB030CF6D3B3F5803F2FD2F0B5B3FA00
:10D2400083F7B1FA81F4A7F10F0E3D1B5340CEF1E5
:10D25000200602FA0EF2F3415340B5F10F0746D80B
:10D260000F3C2C444140C4F12006A040F141414014
:10D27000B1FBF3F603FB1611A2FB0645001BA94107
:10D2800002D2761E8018594180EA010221FA0EF37B
:10D2900062FA0EF200215A403046F0BD30B4B1FBC4
:10D2A000F3FC03FB1C11A2FB0C45001BA94103D29C
:10D2B000ACF1010C8018594130BC02460B46604667
:10D2C00000217047B2F1807F65D3F0B5B2FA82F7E2
:10D2D000B1FA81F4C7F10F063D1B22FA06F307F1FC
:10D2E000110EF24120355A40B5F10F07B8D941402F
:10D2F000C4F12006A040F1414140B1FBF3FC03FB27
:10D300001C11A2FB0C45001BA94103D2BCF1010C6E
:10D31000801859410F2F12D30F3FC90341EA5041E2
:10D32000B1FBF3F603FB1611A2FB0645D4EBC030AC
:10D33000A94102D2761E8018594146EACC3C07B377
:10D340004140C7F12006B840F1414140B1FBF3F63E
:10D3500003FB1611A2FB0645001BA94102D2761E53
:10D360008018594180EA010221FA0EF3C7F1200426
:10D3700062FA0EF20CFA07F05A402CFA04F130432C
:10D38000F0BD80EA010221FA0EF3002162FA0EF2EA
:10D3900060465A40F0BD8C46B1FBF2F102FB11C36E
:10D3A0001B0243EA1063B3FBF2FC02FB1C331B02BB
:10D3B0004CEA002043EA1063B3FBF2FC02FB1C338F
:10D3C0001B024CEA002043EA1063B3FBF2FC02FBB1
:10D3D0001C331B024CEA002043EA1063B3FBF2FC4F
:10D3E00002FB1C324CEA0020002370470FB581B0CD
:10D3F0000020C04605492222425001B00FBD80B531
:10D400000020C0460249084402BD00006C300020E4
:10D410006C300020841A71EB030604D26E40001BAE
:10D42000B141121973414FF4001C1CEB410F34BF82
:10D430007CEB430683E00C0DA4EB1356362E00F371
:10D440007C80012E45EAC32341DC43EA525312BFDC
:10D45000D20292025B08240545EAC12141EA5051FB
:10D46000D2EBC020994125D407D1B0FA80F610FA4A
:10D4700006F162D00020203608E0B1FA81F6B14012
:10D48000C6F1200220FA02F21143B0404FEAF474D0
:10D49000B4EB465434F001064FEA74040AD8D6F5CA
:10D4A0000016760D04F00044F04061FA06F2504098
:10D4B000F1404840C00A40EA415021F0004128BFF5
:10D4C0005FEA500550F1000044EBD12135E0DB0A62
:10D4D00045EAC121C90AB6F120050EDD42EA024241
:10D4E000120CC5F1200603FA06F6EB4042EA0605E7
:10D4F0006D42984161F100010DE062FA06F5F240DB
:10D50000554063FA06FC82EA0C02F3405A406D4231
:10D51000904161EB030111F4801F05D1641E620587
:10D5200002D06D004041494121F48011430875F15A
:10D53000004350F1000041EB045170BC70471CEBFC
:10D54000410F15D223F0004352EA43060BD04FEAB5
:10D550004C0CBCEB410F04D80C0D661E342EB7DD0D
:10D56000EBE7801A994150EA410608BF0021E4E741
:10D5700008BF1CEB430F28BF6FF00001DDE701007F
:10D580000020704770470100002070470000000035
:10D5900064F40408010000000100000074F40408B1
:10D5A000030000000200000084F4040803000000EF
:10D5B0000300000094F404080300000004000000CD
:10D5C000A4F404080300000005000000B4F40408FB
:10D5D0000300000006000000C4F40408030000007B
:10D5E00007000000D4F40408030000000800000055
:10D5F000E4F404080300000009000000F4F4040847
:10D60000010000000A00000004F504080500000005
:10D610000B00000014F50408030000000C000000DB
:10D6200060AF04080C0000000D00000024F50408A1
:10D63000050000000E00000034F50408030000009F
:10D640000F00000044F50408030000001000000073
:10D6500054F50408030000001100000064F50408FC
:10D66000030000001200000074F50408030000002D
:10D670001300000084F504080300000014000000FB
:10D6800094F504080300000015000000A4F5040848
:10D690000300000016000000B4F5040803000000B9
:10D6A00017000000C4F50408030000001800000083
:10D6B000D4F504080300000019000000E4F5040894
:10D6C000030000001A000000F4F504080300000045
:10D6D0001B00000004F60408030000001C0000000A
:10D6E00014F60408030000001D00000024F60408DE
:10D6F000030000001E00000034F6040803000000D0
:10D700001F00000044F60408030000002000000091
:10D7100054F60408040000002100000064F6040828
:10D72000040000002200000074F604080600000057
:10D730002300000084F60408080000002400000014
:10D7400094F60408080000002500000080AF0408DB
:10D750000D00000026000000A0AF04080A00000031
:10D7600027000000A4F604080400000028000000C0
:10D77000B4F604080500000029000000C4F60408FF
:10D78000050000002A000000D4F60408060000008E
:10D790002B000000E4F60408080000002C00000044
:10D7A000F4F60408040000002D00000004F704084B
:10D7B000050000002E00000014F70408040000001B
:10D7C0002F00000024F704080500000030000000CE
:10D7D00034F70408080000003100000044F7040892
:10D7E000080000003200000054F7040808000000A0
:10D7F0003300000064F70408080000003400000053
:10D8000074F70408080000003500000084F70408DD
:10D81000080000003600000094F70408080000002B
:10D8200037000000A4F704080800000038000000DA
:10D83000B4F704080800000039000000C4F7040829
:10D84000080000003A000000D4F7040804000000BB
:10D850003B000000E4F70408040000003C00000066
:10D86000F4F70408080000003D00000004F8040874
:10D87000080000003E00000014F804080800000042
:10D880003F00000024F804080800000040000000E9
:10D89000C0AF04080F00000041000000E0AF040822
:10D8A0000A0000004200000000B004080A00000066
:10D8B0004300000020B004080A00000044000000FB
:10D8C00040B004080B0000004500000060B00408F0
:10D8D0000A0000004600000080B0040809000000B3
:10D8E00047000000A0B004080B0000004800000042
:10D8F000C0B004080B0000004900000034F8040820
:10D90000040000004A00000044F804080800000079
:10D910004B000000E0B00408090000004C000000CB
:10D9200054F80408080000004D00000000B104088D
:10D930000C0000004E00000020B104080B000000A5
:10D940004F00000040B104080B0000005000000030
:10D9500060B104080A0000005100000080B1040812
:10D960000B00000052000000A0B104080B000000F2
:10D9700053000000C0B104080A0000005400000079
:10D98000E0B104080A0000005500000000B20408DD
:10D990000B0000005600000020B204080A0000003E
:10D9A0005700000040B204080E00000058000000BC
:10D9B00060B20408090000005900000080B20408A9
:10D9C0000A0000005A000000A0B20408090000008C
:10D9D0005B00000064F80408050000005C00000023
:10D9E00074F80408050000005D00000084F80408D5
:10D9F000050000005E00000094F804080800000024
:10DA00005F000000A4F804080800000060000000A7
:10DA1000B4F804080500000061000000C0B204086A
:10DA20000900000062000000E0B2040809000000E4
:10DA300063000000C4F8040808000000640000004F
:10DA400000B30408090000006500000020B30408CA
:10DA50000900000066000000D4F80408040000007B
:10DA60006700000040B304080900000068000000DF
:10DA7000E4F804080800000069000000F4F8040855
:10DA8000040000006A00000004F90408040000001B
:10DA90006B00000014F90408080000006C0000008E
:10DAA00024F90408040000006D00000060B30408BD
:10DAB0000C0000006E00000034F9040808000000AB
:10DAC0006F00000080B3040809000000700000002F
:10DAD000A0B304080900000071000000C0B30408EE
:10DAE000090000007200000044F90408050000006D
:10DAF0007300000054F904080800000074000000DE
:10DB000064F90408040000007500000074F90408BA
:10DB1000080000007600000084F9040808000000F6
:10DB200077000000E0B304080A000000780000005D
:10DB300094F904080700000079000000A4F9040823
:10DB4000080000007A000000B4F904080700000093
:10DB50007B000000C4F90408060000007C000000FF
:10DB6000D4F90408040000007D000000E4F9040872
:10DB7000060000007E00000000B404080A00000057
:10DB80007F000000F4F90408050000008000000098
:10DB900020B404080D0000008100000004FA04080D
:10DBA000080000008200000014FA040804000000CD
:10DBB0008300000024FA040807000000840000002D
:10DBC00034FA0408050000008500000044FA040847
:10DBD000070000008600000054FA04080800000056
:10DBE0008700000064FA04080800000088000000B4
:10DBF00074FA0408080000008900000040B404081A
:10DC00000F0000008A00000060B404080D0000004E
:10DC10008B00000084FA0408070000008C0000005C
:10DC200080B404080E0000008D000000A0B40408B9
:10DC3000090000008E000000C0B404080D000000C0
:10DC40008F000000E0B404080A000000900000000B
:10DC500094FA04080800000091000000A4FA0408E7
:10DC60000400000092000000B4FA04080400000060
:10DC700093000000C4FA04080500000094000000AE
:10DC8000D4FA04080500000095000000E4FA040836
:10DC90000800000096000000F4FA040807000000E5
:10DCA0009700000000B504080A000000980000007A
:10DCB00004FB0408010000009900000020B50408DE
:10DCC0000A0000009A00000040B504080C000000A3
:10DCD0009B00000014FB0408070000009C000000EB
:10DCE00060B504080C0000009D00000024FB04083F
:10DCF000080000009E00000034FB0408080000003B
:10DD00009F00000044FB040808000000A000000081
:10DD100054FB040804000000A100000080B50408C2
:10DD20000A000000A2000000A0B5040809000000DD
:10DD3000A300000064FB040808000000A400000029
:10DD400074FB040808000000A5000000C0B504082A
:10DD500009000000A600000084FB04080400000085
:10DD6000A700000094FB040808000000A8000000C1
:10DD7000E0B504080A000000A900000000B604088D
:10DD800009000000AA00000020B604080B000000F3
:10DD9000AB000000A4FB040808000000AC00000079
:10DDA000B4FB040808000000AD000000C4FB040838
:10DDB00005000000AE00000040B6040809000000A5
:10DDC000AF000000D4FB040804000000B000000015
:10DDD000E4FB040805000000B1000000F4FB0408A7
:10DDE00008000000B200000004FC04080400000069
:10DDF000B300000014FC040804000000B40000009C
:10DE000024FC040807000000B500000034FC0408EE
:10DE100008000000B600000044FC040808000000F0
:10DE2000B700000054FC040804000000B800000023
:10DE300060B6040809000000B900000080B60408BC
:10DE40000F000000BA000000A0B60408090000009E
:10DE5000BB00000064FC040808000000BC000000D7
:10DE600074FC040804000000BD000000C0B60408F3
:10DE70000A000000BE00000084FC04080800000046
:10DE8000BF00000094FC040804000000C000000073
:10DE9000E0B604080A000000C100000000B7040852
:10DEA0000A000000C200000020B704080A000000B9
:10DEB000C3000000A4FC040808000000C400000027
:10DEC00040B704080A000000C500000060B704085D
:10DED0000C000000C600000080B704080E0000001F
:10DEE000C7000000A0B704080A000000C800000036
:10DEF000C0B704080B000000C9000000E0B7040828
:10DF00000B000000CA00000000B80408090000006F
:10DF1000CB00000020B804080A000000CC0000007C
:10DF200040B804080C000000CD00000060B80408F0
:10DF30000B000000CE00000080B804080B000000B9
:10DF4000CF000000A0B804080B000000D0000000C3
:10DF5000C0B804080A000000D1000000E0B80408BE
:10DF60000A000000D200000000B904080A00000006
:10DF7000D300000020B904080A000000D40000000B
:10DF800040B904080C000000D500000060B9040886
:10DF900009000000D600000080B904080A00000053
:10DFA000D7000000A0B904080A000000D800000053
:10DFB000C0B904080C000000D9000000E0B9040852
:10DFC0000C000000DA00000000BA04080C00000099
:10DFD000DB00000020BA04080C000000DC00000098
:10DFE00040BA04080A000000DD00000060BA04081E
:10DFF0000B000000DE00000080BA04080C000000E6
:10E00000DF000000A0BA04080B000000E0000000E0
:10E01000C0BA040809000000E1000000E0BA0408EA
:10E0200009000000E200000000BB04080900000035
:10E03000E3000000B4FC040807000000E400000056
:10E0400020BB040809000000E500000040BB0408F4
:10E0500009000000E600000060BB04080A000000A0
:10E06000E700000080BB040809000000E800000091
:10E07000A0BB040809000000E9000000C0BB0408C0
:10E0800009000000EA000000C4FC040808000000C9
:10E09000EB000000E0BB040809000000EC000000F9
:10E0A00000BC04080A000000ED00000020BC0408C9
:10E0B00009000000EE00000040BC04080900000058
:10E0C000EF00000060BC040809000000F000000040
:10E0D00080BC040809000000F1000000D4FC040822
:10E0E00008000000F2000000E4FC04080800000042
:10E0F000F3000000A0BC040809000000F4000000C8
:10E10000C0BC04080C000000F5000000F4FC04088A
:10E1100007000000F6000000E0BC04080900000051
:10E12000F700000000BD040809000000F80000002E
:10E1300020BD04080A000000F900000040BD0408EA
:10E140000A000000FA00000060BD04080A00000098
:10E15000FB00000080BD04080A000000FC00000075
:10E1600004FD040808000000FD000000A0BD040834
:10E1700009000000FE000000C0BD04080B00000004
:10E18000FF00000014FD040808000000000000006B
:10E190002403050801000000010000003003050809
:10E1A00002000000020000003C030508020000001D
:10E1B00003000000480305080200000004000000FE
:10E1C0005403050802000000050000006003050874
:10E1D00002000000060000006C03050802000000B9
:10E1E0000700000078030508020000000800000096
:10E1F00084030508020000000900000090030508E0
:10E20000010000000A000000E8DE04080A00000027
:10E210000B0000009C030508020000000C00000039
:10E22000FCDE04080A0000000D00000010DF0408F6
:10E230000A0000000E000000A8030508020000000C
:10E240000F000000B40305080200000010000000E9
:10E25000C00305080200000011000000CC030508FF
:10E260000200000012000000D803050802000000B0
:10E2700013000000E4030508020000001400000081
:10E28000F00305080200000015000000FC0305086B
:10E29000020000001600000008040508020000004B
:10E2A0001700000014040508020000001800000018
:10E2B0002004050802000000190000002C040508D5
:10E2C000020000001A0000003804050802000000E7
:10E2D0001B00000044040508020000001C000000B0
:10E2E00050040508020000001D0000005C04050841
:10E2F000020000001E000000680405080200000083
:10E300001F00000074040508020000002000000047
:10E310008004050803000000210000008C040508AB
:10E320000400000022000000980405080600000018
:10E330002300000024DF040809000000240000007E
:10E34000A4040508070000002500000038DF0408C9
:10E350000D000000260000004CDF0408090000004A
:10E3600027000000B004050803000000280000009A
:10E37000BC0405080500000029000000C8040508C9
:10E38000050000002A000000D40405080700000072
:10E390002B00000060DF0408090000002C000000D2
:10E3A000E0040508040000002D000000EC0405084E
:10E3B000050000002E000000F8040508040000001D
:10E3C0002F000000040505080700000030000000D1
:10E3D0001005050807000000310000001C050508B5
:10E3E00007000000320000002805050807000000B3
:10E3F0003300000034050508070000003400000069
:10E400004005050807000000350000004C05050820
:10E41000070000003600000058050508070000004E
:10E420003700000064050508070000003800000000
:10E430007005050807000000390000007C0505088C
:10E44000070000003A0000008805050804000000ED
:10E450003B00000094050508040000003C0000009B
:10E4600074DF0408090000003D00000088DF040894
:10E47000090000003E0000009CDF040809000000C5
:10E480003F000000A0050508060000004000000055
:10E49000B0DF04080A00000041000000C4DF0408E7
:10E4A0000900000042000000AC050508080000005B
:10E4B00043000000B8050508070000004400000004
:10E4C000D8DF04080900000045000000C405050865
:10E4D0000700000046000000D00505080700000006
:10E4E00047000000DC0505080800000048000000A7
:10E4F000E80505080800000049000000F4050508CB
:10E50000060000004A0000000006050806000000A2
:10E510004B0000000C060508080000004C0000003D
:10E5200018060508060000004D000000ECDF040896
:10E53000090000004E000000240605080800000045
:10E540004F00000000E00408090000005000000037
:10E5500030060508080000005100000014E004081F
:10E5600009000000520000003C06050808000000F9
:10E570005300000048060508070000005400000092
:10E580005406050806000000550000006006050856
:10E5900008000000560000006C0605080800000096
:10E5A0005700000028E004080C000000580000009C
:10E5B00078060508080000005900000084060508D8
:10E5C000080000005A00000090060508070000003F
:10E5D0005B0000009C060508050000005C000000D0
:10E5E000A8060508070000005D000000B406050845
:10E5F000050000005E0000003CE004080900000087
:10E600005F000000C0060508070000006000000071
:10E61000CC0605080700000061000000D8060508C8
:10E620000700000062000000E40605080700000083
:10E6300063000000F006050806000000640000000A
:10E64000FC06050807000000650000000807050833
:10E650000700000066000000140705080500000020
:10E6600067000000200705080700000068000000A0
:10E670002C0705080700000069000000380705089E
:10E68000030000006A0000004407050804000000C1
:10E690006B00000050070508070000006C00000038
:10E6A0005C070508030000006D00000050E004084E
:10E6B0000B0000006E00000068070508070000005E
:10E6C0006F000000740705080700000070000000DC
:10E6D0008007050807000000710000008C0705088E
:10E6E0000700000072000000980705080500000000
:10E6F00073000000A4070508060000007400000075
:10E70000B00705080500000075000000BC070508FB
:10E710000700000076000000C80705080700000099
:10E720007700000064E004080900000078000000A1
:10E73000D40705080700000079000000E00705087D
:10E74000070000007A000000EC0705080600000042
:10E750007B000000F8070508070000007C000000AF
:10E7600004080508050000007D00000010080508E9
:10E77000070000007E00000078E0040809000000A7
:10E780007F0000001C080508060000008000000053
:10E790008CE004080900000081000000280805083A
:10E7A0000600000082000000340805080300000095
:10E7B00083000000400805080500000084000000F8
:10E7C0004C0805080600000085000000A0E00408D1
:10E7D0000C00000086000000580805080700000033
:10E7E000870000006408050807000000880000009A
:10E7F000700805080700000089000000E0BD04085B
:10E80000120000008A000000B4E004080C000000C0
:10E810008B0000007C080508050000008C0000004B
:10E82000C8E004080C0000008D00000088080508FE
:10E83000080000008E000000DCE004080900000071
:10E840008F000000940805080800000090000000F8
:10E85000A00805080700000091000000AC080508AA
:10E860000300000092000000B80805080300000043
:10E8700093000000C4080508060000009400000092
:10E88000D00805080600000095000000DC08050817
:10E890000700000096000000E808050807000000D7
:10E8A00097000000F0E004080A0000009900000052
:10E8B00004E104080A0000009A00000018E10408BE
:10E8C0000B0000009B000000F40805080500000094
:10E8D0009C0000002CE104080B0000009D000000DB
:10E8E00000090508070000009E0000000C0905084B
:10E8F000080000009F00000018090508070000003C
:10E90000A00000002409050803000000A100000089
:10E910003009050808000000A20000003C090508B5
:10E9200007000000A30000004809050806000000D9
:10E93000A40000005409050807000000A50000001D
:10E940006009050807000000A60000006C09050822
:10E9500005000000A7000000780905080700000076
:10E96000A80000008409050807000000A9000000B5
:10E9700040E104080A000000AA0000009009050810
:10E9800007000000AB00000054E10408090000008B
:10E99000AC00000068E1040809000000AD000000C0
:10E9A0009C09050805000000AE0000007CE1040899
:10E9B0000A000000AF000000A809050806000000DA
:10E9C000B0000000B409050806000000B100000016
:10E9D00090E1040809000000B2000000C009050829
:10E9E00006000000B3000000CC0905080300000089
:10E9F000B4000000D809050805000000B5000000BB
:10EA0000E409050807000000B6000000F009050849
:10EA100007000000B7000000FC0905080400000022
:10EA2000B8000000080A050807000000B90000004F
:10EA3000A4E104080D000000BA000000140A050853
:10EA400006000000BB000000B8E104080900000057
:10EA5000BC000000200A050804000000BD00000002
:10EA60002C0A050807000000BE000000380A05084F
:10EA700006000000BF000000440A05080300000073
:10EA8000BF000000440A050803000000C0000000A9
:10EA9000CCE1040809000000C1000000500A05088C
:10EAA00008000000C20000005C0A05080800000021
:10EAB000C3000000680A050806000000C40000004A
:10EAC000E0E1040809000000C5000000740A050820
:10EAD00007000000C6000000F4E104080C0000007C
:10EAE000C7000000800A050807000000C8000000F9
:10EAF0008C0A050808000000C9000000980A0508F3
:10EB000008000000CA000000A40A05080800000070
:10EB1000CB000000B00A050808000000CC0000008F
:10EB200008E2040809000000CD000000BC0A050846
:10EB300008000000CE0000001CE2040809000000EC
:10EB4000CF000000C80A050808000000D00000003F
:10EB5000D40A050808000000D1000000E00A0508FA
:10EB600007000000D2000000EC0A050806000000C3
:10EB7000D3000000F80A050808000000D4000000D7
:10EB800030E204080A000000D5000000040B05086C
:10EB900008000000D600000044E20408090000005C
:10EBA000D7000000100B050808000000D800000086
:10EBB00058E204080C000000D90000006CE20408D0
:10EBC0000D000000DA00000080E2040809000000E7
:10EBD000DB00000094E204080B000000DC000000F1
:10EBE0001C0B050808000000DD000000280B0508CC
:10EBF00007000000DE000000A8E204080D0000008D
:10EC0000DF000000340B050808000000E0000000F1
:10EC1000400B050807000000E10000004C0B050850
:10EC200007000000E2000000580B05080700000084
:10EC3000E3000000640B050805000000E40000008C
:10EC4000700B050807000000E50000007C0B0508BC
:10EC500007000000E6000000BCE204080B00000012
:10EC6000E7000000880B050806000000E80000002F
:10EC7000940B050806000000E9000000A00B050841
:10EC800006000000EA000000AC0B050807000000C9
:10EC9000EB000000B80B050808000000EC000000C5
:10ECA000C40B050808000000ED000000D00B0508AB
:10ECB00007000000EE000000DC0B05080700000064
:10ECC000EF000000E80B050807000000F00000005E
:10ECD000F40B050807000000F1000000000C050817
:10ECE00006000000F20000000C0C05080500000002
:10ECF000F3000000180C050807000000F4000000F5
:10ED0000D0E2040809000000F5000000240C05080A
:10ED100007000000F6000000300C050808000000A5
:10ED2000F70000003C0C050807000000F800000098
:10ED3000E4E2040809000000F9000000F8E2040819
:10ED40000A000000FA000000480C05080800000056
:10ED5000FB0000000CE304080A000000FC000000B7
:10ED6000540C050807000000FD000000600C0508B9
:10ED700006000000FE00000020E304080A00000076
:10ED8000FF0000006C0C05080700000010B504002F
:10ED9000200000F085FD8C21200000F0BFFD10BD9B
:10EDA00038B504000D002868012802D0032837D0A8
:10EDB0003BE02079002831D06868082825D0102849
:10EDC00015D0402805D0802818D0B0F5807F07D016
:10EDD00024E0200000F0C5F800202860012025E094
:10EDE000200000F0DAF80020286001201EE020005A
:10EDF00000F01DF800202860012017E0200000F03E
:10EE000026F800202860012010E000202071207DDD
:10EE1000002801D100202860012007E0002005E043
:10EE2000200000F04EF9002000E0002032BD10B5B7
:10EE30000400A06D012803DB200000F056F805E077
:10EE4000A06D002802D5200000F011F810BD10B50B
:10EE50000400A06D012803DB200000F064F805E049
:10EE6000A06D002802D5200000F020F810BDF8B5F4
:10EE70000400A06D00F054FD05006D1E290014F182
:10EE80005C0000EB410006783100C9B2DFF8380AB7
:10EE900000F04AFD07003800C0B2002805D0290064
:10EEA00014F15C0000EB41000770F1BDF8B50400FF
:10EEB000A06D00F035FD05006D1E290014F15C0009
:10EEC00000EB410006783100C9B2DFF8FC0900F020
:10EED00047FD07003800C0B2002805D0290014F112
:10EEE0005C0000EB41000770F1BDF8B50400A06DB7
:10EEF000451E290089B214F16E0000EB410006782E
:10EF00003100C9B2DFF8C40900F051FD0700380034
:10EF1000C0B2002806D0290089B214F16E0000EBBF
:10EF200041000770F1BDF8B50400A06D451E290031
:10EF300089B214F16E0000EB410006783100C9B2CD
:10EF4000DFF8880900F04FFD07003800C0B2002844
:10EF500006D0290089B214F16E0000EB4100077061
:10EF6000F1BD10B50400012084F888000320A4F846
:10EF70008A00A06D10F1080F0EDBA06D401EA06589
:10EF8000A06D012802DB200000F022F8A06D00280F
:10EF900002D5200000F034F810BD10B504000120A7
:10EFA00084F888000320A4F88A00A06D05280EDAF2
:10EFB000A06D401CA065A06D012802DB200000F0C0
:10EFC00054F8A06D002802D5200000F062F810BDB2
:10EFD00038B5040005252800451E80B200280ED053
:10EFE000290089B214F16E0000EB4100417800293C
:10EFF000F1D00178302902D100214170FFE731BD05
:10F00000F8B50400A06D00F08BFC05006D1E681EB5
:10F01000002801D5002600E06E1E310014F15C00CE
:10F0200000EB41000778290014F15C0000EB41007F
:10F030004078002818D1290014F15C0000EB410051
:10F04000012141703800C0B22D280DD1290014F1E2
:10F050005C0000EB41002D210170310014F15C00D7
:10F0600000EB410030210170F1BD38B50400A56D01
:10F070006D1E290014F16E0000EB4100407800285D
:10F0800006D1290014F16E0000EB4100012141700E
:10F0900031BD38B5040009252800451E80B200287E
:10F0A0000ED0290089B214F15C0000EB41004178D8
:10F0B0000029F1D00178302902D100214170FFE709
:10F0C00031BD0179002918D0B0F88A10002907D085
:10F0D000B0F88A10491EA0F88A10B0F88A1009E02A
:10F0E00090F88810002901D1012100E0002180F86A
:10F0F00088100321A0F88A1005E00321A0F88A10E7
:10F10000002180F8881070471CB50400E06C009066
:10F110006946200000F090F813BD70B58AB0040075
:10F12000002084F8870014F15C05280000F082FCC0
:10F130000190280000F08AFC039003A901A800F0C8
:10F1400091FC002801D0012000E00020C0B200287E
:10F1500016D001A800F094FC0600707800280BD0AF
:10F1600094F88710481C84F88700C9B214F178001D
:10F170000844C0463178017001A800F087FCDCE744
:10F1800094F88710481C84F88700C9B214F17800FD
:10F190000844C0462E21017014F16E06300000F0C4
:10F1A0007CFC0090300000F084FC029002A96846CC
:10F1B00000F08BFC002801D0012000E00020C0B24C
:10F1C000002816D0684600F08EFC050068780028FC
:10F1D0000BD094F88710481C84F88700C9B214F14A
:10F1E00078000844C04629780170684600F081FC28
:10F1F000DCE714F1180104A800F082FC14F1780097
:10F20000C046C04604AA94F8871000F000FD0090A4
:10F2100004A800F059FDB4F9060094F85410090749
:10F2200007D5A289BDF80010521A022192FBF1F114
:10F23000080000B20AB070BD2DE9F84FA6B0040076
:10F240000D00B4F90800ADF80800BDF90860200011
:10F25000FFF763FFADF8000014F1180120A800F0DB
:10F260004FFC00F03BFD824620A800F02DFD14F17C
:10F270005C00010009200700E06C28603800471E90
:10F2800080B200284DD0390089B214F15C0000EB47
:10F2900041000088ADF802009DF803000028EDD081
:10F2A000A06D002811D5380080B2401C404200B249
:10F2B000A16D884207D194F88800002801D0206D04
:10F2C00002E0E06C00E0E06C286014F118011AA87C
:10F2D00000F016FC01009DF8020000F0BBFC01905C
:10F2E0001AA800F0F1FCBDF90000ADF82800ADF857
:10F2F0002A60BDF80400ADF82C00BDF80600ADF89A
:10F300002E006888ADF830000AA807C800F06CFD30
:10F310002B88320012B269469DF8020000F0DAFD37
:10F32000ACE7A06D002807D194F88800002801D030
:10F33000206D02E0E06C00E0E06C286014F1180140
:10F3400014A800F0DDFB01002E2000F083FC0190EA
:10F3500014A800F0B9FCBDF90000ADF81C00ADF830
:10F360001E60BDF80400ADF82000BDF80600ADF841
:10F3700022006888ADF8240007A807C800F034FD13
:10F380002B88320012B269462E2000F0A3FD5FF0F8
:10F39000000814F16E0B584600F07FFB03905846AE
:10F3A00000F087FB0D900DA903A800F08EFB00284C
:10F3B00001D0012000E00020C0B200284ED003A8F8
:10F3C00000F091FB814618F1010899F8010000282E
:10F3D00040D0A06D012810DB404600B200B2A16D04
:10F3E000884207D194F88800002801D0206D02E0FF
:10F3F000E06C00E0E06C286001E0E06C286014F153
:10F4000018010EA800F07CFB010099F8000000F044
:10F4100021FC01900EA800F057FCBDF90000ADF8EA
:10F420001000ADF81260BDF80400ADF81400BDF88E
:10F430000600ADF816006888ADF8180004A807C8E3
:10F4400000F0D2FC2B88320012B2694699F8000015
:10F4500000F040FD03A800F04CFBA4E727B0BDE896
:10F46000F08F1CB50400200000F0ADF90090BDF84D
:10F47000020016BD38B58CB004000D00290014F14F
:10F48000300000F080FD002821D0290014F1300068
:10F4900000F087FD2900200000F01BF894F85400CC
:10F4A000000714D514F13001684600F029FB14F16F
:10F4B000180106A800F024FB0100684600F06AFB72
:10F4C000A06406A800F000FC684600F0FDFB0DB04B
:10F4D00030BD2DE9FE4F05000E00280000F0FDF8BC
:10F4E000280000F045F900222E21300000F06EFDCA
:10F4F0000190019810F1010F68D0300000F070FD0C
:10F50000019C041B641E019F7F1C5FF0000B002CFC
:10F510002DD02000441E002829D039004F1C89B26C
:10F52000300000F064FD90F800804146C9B2DFF879
:10F530009C0300F06CFD10F1010F01D0012000E0F0
:10F540000020C0B20028E4D0DFF884030088ADF8C2
:10F550000000594689B215F16E0000EB41001BF125
:10F56000010B8DF80080BDF800100180D1E7DDF8B7
:10F5700004905FF0000A4846B0F10109002853D01A
:10F580004946300000F033FD90F800804146C9B292
:10F59000CD4800F068FD10F1010F01D0012000E01E
:10F5A0000020C0B20028E6D0CA480088ADF80000AC
:10F5B000514689B215F15C0000EB41001AF1010AD5
:10F5C0008DF80080BDF800100180D4E7300000F015
:10F5D00007FD070000243800471E002824D039000A
:10F5E000300000F004FD90F800804146C9B2B648F2
:10F5F00000F039FD10F1010F01D0012000E00020E2
:10F60000C0B20028E7D0B4480088ADF8000021005F
:10F6100089B215F15C0000EB4100641C8DF800809C
:10F62000BDF800100180D6E7BDE8F78F2DE9F0475F
:10F6300086B004000D0000265FF009084046B0F1D6
:10F64000010880B2002810D0414689B215F15C0053
:10F6500000EB4100010048780028EFD0087802A9AB
:10F66000320092B28854761CE8E70DF108092E208A
:10F67000310089B209F80100761C15F16E0A504676
:10F6800000F00BFA0090504600F013FA019001A927
:10F69000684600F01AFA002801D0012000E000209E
:10F6A000C0B2002810D0684600F01DFA0700787834
:10F6B000002805D03878310089B209F80100761C9D
:10F6C000684600F016FAE2E7320092B202A9200082
:10F6D00000F0F5FC06B0BDE8F08738B504007F48BF
:10F6E0000588002114F15C0000EB410005807C4896
:10F6F0000588012114F15C0000EB41000580794888
:10F700000588022114F15C0000EB41000580764879
:10F710000588032114F15C0000EB4100058073486B
:10F720000588042114F15C0000EB4100058070485D
:10F730000588052114F15C0000EB410005806D484F
:10F740000588062114F15C0000EB410005806A4841
:10F750000588072114F15C0000EB41000580674833
:10F760000588082114F15C0000EB4100058031BDE3
:10F7700038B5040062480588002114F16E0000EBE2
:10F78000410005805F480588012114F16E0000EBFF
:10F79000410005805C480588022114F16E0000EBF1
:10F7A0004100058059480588032114F16E0000EBE3
:10F7B0004100058056480588042114F16E0000EBD5
:10F7C0004100058031BD81B001008889ADF800009D
:10F7D0004889ADF80200009801B0704730B58FB08D
:10F7E00004000D0028788DF800000DF1020015F1DD
:10F7F00040010822FCF744F8684690E80E0020001B
:10F8000000F078FC43482060012020752DA115F1FF
:10F810001C0000F0A6FCC0B2002806D015F11C01A7
:10F8200014F1180000F06CF904E03B4914F11800E1
:10F8300000F0A6FC291D14F1300000F061F914F16C
:10F84000300103A800F05CF914F1180109A800F0D8
:10F8500057F9010003A800F09DF9A06409A800F081
:10F8600033FA03A800F030FAA86BE064E86B206577
:10F87000686B50F0080060650020A065002084F8E7
:10F880008700002084F888000320A4F88A00200064
:10F89000FFF723FF2000FFF76BFF20000FB030BD04
:10F8A00010B504001B48206014F1300000F00CFA81
:10F8B00014F1180000F008FA200000F021FC2000EC
:10F8C00010BD000000000000A0FF040894FF040821
:10F8D0003AFB0008DAFC0008E6000108D20901083A
:10F8E000360E01082A110108821B0108E61C0108D6
:10F8F000A21E0108E6290108F62A0108962F010830
:10F900007E3701083A3801082E3A0108BA47010843
:10F91000664E010840A8040888FF040800F042BCB5
:10F92000002848BF4042704770B504000D00290010
:10F93000C9B2200000F097FB060016F1010F0DD0B0
:10F94000200001000B20711CB1FBF0F200FB121033
:10F95000010020000844C046007800E0202070BD6F
:10F96000F8B504000D002900C9B2200000F07BFBAF
:10F97000060016F1010F18D0701E002802D4761E62
:10F98000370004E0200001000B2007007F1E20004C
:10F9900001000B203900B1FBF0F200FB1210010056
:10F9A00020000844C046007800E02020F2BD70B579
:10F9B00004000D002900C9B2200000F028FB060059
:10F9C00016F1010F0DD0200001000A20711CB1FBBF
:10F9D000F0F200FB1210010020000844C04600783D
:10F9E00000E0202070BDF8B504000D002900C9B268
:10F9F000200000F00CFB060016F1010F18D0701E5D
:10FA0000002802D4761E370004E0200001000A20FE
:10FA100007007F1E200001000A203900B1FBF0F230
:10FA200000FB1210010020000844C046007800E0EE
:10FA30002020F2BD1CB50400200000F0B8FB01003E
:10FA40000022684600F0B9FB006816BD1CB5040032
:10FA5000200000F0ACFB01000922684600F0ADFB7D
:10FA6000006816BD38B504000D002900200000F024
:10FA7000AFFB002801D1012000E00020C0B232BD60
:10FA800010B5040020000068C04610BD10B5040089
:10FA9000200000F0A6FB200010BD1CB504002000D3
:10FAA00000F085FB01000022684600F09EFB006824
:10FAB00016BD1CB50400200000F079FB01000522F2
:10FAC000684600F092FB006816BD38B504000D00D2
:10FAD0002900200000F094FB002801D1012000E063
:10FAE0000020C0B232BD10B5040020000068C0463E
:10FAF00010BD10B50400200000F08BFB200010BDED
:10FB00007CB504000D00280000F087FB32000100E6
:10FB1000684600F088FB6946200000F090FB002258
:10FB20000021200000F091FB5FF0FF33002229004C
:10FB3000200000F0CCFB200076BD000180B55D48C0
:10FB400000F00AFC01BD10B58CB05B4906A800F0BE
:10FB500017FB0100574C200000F008FC57490160DA
:10FB600006A800F0B1F85649684600F009FB01000C
:10FB7000200000F0FBFB53490160684600F0A4F848
:10FB80000CB010BD10B5040021004A4800F034FC50
:10FB9000006810BD2DE9FF4704000D00290045480D
:10FBA00000F02AFC076897F802805FF00009A2467F
:10FBB000504600F065FC0090504600F071FC029049
:10FBC00002A9684600F082FC002801D0012000E074
:10FBD0000020C0B2002812D0684600F085FC0078F2
:10FBE000060079683200D2B20C20424301EB0200D9
:10FBF000007A59FA80F9684600F07CFCE0E7ADF83D
:10FC00000490ADF80680019804B0BDE8F087F8B51F
:10FC100004000D0016003100264800F0EDFB0168DD
:10FC20008A7800232800451EC0B200280CD027780F
:10FC3000641CD1F804C0FFB20C2047430CEB070052
:10FC4000007A53FA80F3EDE7ADF80030ADF802200A
:10FC50000098F2BD7CB504000D002900154800F0A5
:10FC6000CBFB01688A784B682600F6B20C2046432D
:10FC700003EB0600037AADF80030ADF802200098DF
:10FC800076BD38B504000B4D2100280000F039FC8A
:10FC9000002801D0012000E00020C0B2002807D0D9
:10FCA0002100280000F0A8FB0068807880B200E006
:10FCB000002032BD08300020D4DE04088814050876
:10FCC000180305089014050810B50400002201214E
:10FCD000200000F0BAFA200010BD000138B586B04F
:10FCE000040021006846FFF70BFFFFF74BFF364D7E
:10FCF00028606846FFF7E8FF344829688978017072
:10FD0000007807B030BD38B401000C202E4B1A68C3
:10FD100052680C00E4B244432244127A1B685B68C8
:10FD20000C00E4B200FB04F018444068284B186053
:10FD30000020284B1870100080B2082390FBF3F4C9
:10FD400003FB1400002801D1002000E00120224B19
:10FD50001400A4B2082594FBF5F400191870187863
:10FD60001A4C247810FB04F01C4C20801878ADF855
:10FD70000000ADF80220009832BC704730B401009A
:10FD8000144A1078154B1B8880B2984218D0002076
:10FD90000860114803781800431EC0B200280DD037
:10FDA0000868000208600C68094800681578405D22
:10FDB00004430C601078401C1070ECE7012000E058
:10FDC000002030BC7047000050300020AA300020D6
:10FDD00054300020A9300020A83000209C300020A2
:10FDE00080B5FFF7B0FE01BD37B582B0BDF90800A0
:10FDF000ADF80000BDF80A00ADF80200BDF8100033
:10FE00008DF80400BDF80C40BDF80E502800451ECA
:10FE100080B2002822D0BDF902003F281EDABDF8CA
:10FE20000C000400BDF90800ADF800002000441EDD
:10FE300080B200280CD0BDF900007F28F6DA6846B1
:10FE400000F072FBBDF80000401CADF80000EDE7CB
:10FE5000BDF80200401CADF80200D7E705B030BD88
:10FE60002DE9F34788B0040015001E00129F3900E9
:10FE700002A8FFF745FEFFF731FF814602A8FFF712
:10FE800023FFA246504600F0FBFA0090504600F0D7
:10FE900007FB019001A9684600F018FB002801D07B
:10FEA000012000E00020C0B2002810D0684600F019
:10FEB0001BFB804633009BB22A0012B209A998F8B6
:10FEC000000000F007F8684600F014FBE2E70AB013
:10FED000BDE8F0872DE9FC4704000D0016001F0067
:10FEE0002000C0B2FFF70FFF01905FF00008002074
:10FEF0000090B5F900900120BDF804105FEAC10A36
:10FF0000BAF1010A10FA0AFA6846FFF737FFC0B2E1
:10FF1000002801D0012000E00020C0B2002830D02D
:10FF2000300000B23F28EFDABDF806008046A5F8A1
:10FF300000904046B0F1010880B200281FD0B5F90A
:10FF400000007F28F5DA009810EA0A0F10D1B5F901
:10FF5000000000280CD4300000B2002808D43A0079
:10FF6000D2B230000100C9B22888C0B200F0EAFA6B
:10FF70000098400000902888401C2880D9E7761C13
:10FF8000C2E7BDE8F38738B504000D002900200062
:10FF900000F0E8FA002801D1012000E00020C0B202
:10FFA00032BD70B504000D00AC420DD0280000F049
:10FFB00034F90600200000F0E3FA310000F0E6FA20
:10FFC0002900200000F0F0FA200070BD32B50400D6
:10FFD000150001232A006946200000F0F0FA32BD26
:10FFE00010B50400200000F03FFB006810BD38B5DC
:10FFF00004000D00200000F03EFB0068854201D3A4
:020000040801F1
:1000000000F054FB200000F027FC284432BDFEB570
:1000100004000D0000262700380000F025FC0090A9
:10002000380000F02DFC019001A9684600F034FC76
:10003000002801D0012000E00020C0B200280FD02D
:1000400068460068C046070038782900C9B288426F
:1000500001D1300006E0761C684600F02BFCE3E797
:100060005FF0FF30FEBDFEB504000D000026270046
:10007000380000F023FC0090380000F02BFC0190C9
:1000800001A9684600F032FC002801D0012000E000
:100090000020C0B200280FD068460068C0460700A4
:1000A00038782900C9B2884201D1300006E0761CB8
:1000B000684600F029FCE3E75FF0FF30FEBD7CB549
:1000C00004000D0016006946200000F0B8F8002278
:1000D0000021200000F0B9F832002900200000F0D3
:1000E00017FC200076BD000110B50400200000F0D0
:1000F0000DF810BD10B50400200000F015F810BD7B
:1001000010B504002000C046C04610BD10B5040064
:100110000020207100206071A01D082100F02EFC3D
:1001200000202061200010BD1FB504009DF80400D0
:10013000207100206071A01D0DF106010822FBF75F
:100140009FFB00202061200004B010BD10B50C0002
:10015000014900F015F810BD74F1040801000020F9
:10016000704738B504000D002900200000F009FC9C
:10017000C0B2002801D1012000E00020C0B232BD91
:1001800038B504000D006946200000F058F8002240
:100190000021200000F059F82900200000F0FFFBAA
:1001A000200032BD002818BF00F005BC704710B514
:1001B00004002000C046C04610BD70B504000D000C
:1001C000160032002900200000F0F7FB200070BD6F
:1001D00000680968884201D1012000E00020C0B217
:1001E00070470168891C0160704770B504000D00FC
:1001F000160032002900200000F0E5FB200070BD51
:1002000000680968884201D1012000E00020C0B2E6
:1002100070470168891C0160704710B50400200018
:10022000C046C04610BD38B504000D002900684620
:10023000C046C04669462000C046C04631BD10B524
:100240000400200000F0C6FB10BD2DE9F0410500C0
:100250000E0014003000C0B200282DD0280000F09D
:10026000C7FB0068102827D3280000F0C8FB0768E8
:10027000280000F0C4FB8046280000F081F94146C8
:1002800000F0C3FB002C0AD0380000F0C6FB80460B
:10029000280000F0B4FB2200414600F0C4FB280017
:1002A00000F0A6FB8046280000F06AF9D8F800208C
:1002B000521C390000F0CBFB280000F099FB0F2105
:1002C00001602100280000F0CCFBBDE8F0812DE9A1
:1002D000F84304000D0016001F002800FFF780FE01
:1002E000B04201D200F0E2F92800FFF779FE804623
:1002F000B8EB0608474500D2B846AC420AD118EB25
:100300000601200000F0C1FB32000021200000F0B7
:10031000CDFB1EE000224146200000F0FCFBC0B2F5
:10032000002801D0012000E00020C0B2002810D039
:10033000200000F091FA8146280000F02AFC424695
:1003400000EB0601484600F06EFB4146200000F03D
:1003500088FB2000BDE8F2831CB504000DF101020A
:100360006946200000F01DFC200016BD78B585B060
:1003700004000D002900200000F019FC029020006C
:1003800000F027FC049004A902A800F032FC002829
:1003900016D102A80068C0460100200000F032FC1F
:1003A0000600200000F039FC3200290000F03BFC80
:1003B000002801D1012000E0002090F0010000E0C1
:1003C0000120C0B200280FD02800C046C04601005E
:1003D00003A800F031FC01A8009003AB054A029984
:1003E000200000F034FC029002A800F055FC183008
:1003F00006B070BD7E29040878B585B004000D00F4
:100400002900200000F0D3FB0290200000F0E1FB67
:10041000049004A902A800F0ECFB002816D102A861
:100420000068C0460100200000F0ECFB0600200040
:1004300000F0F3FB3200290000F0F5FB002801D1A9
:10044000012000E0002090F0010000E00120C0B297
:1004500000280CD0290003A800F026FC01A8009079
:1004600003AB064A0299200000F029FC029002A882
:1004700000F012FC183006B070BD00BF7E290408E1
:1004800038B50400200000F03FFC0500200000F01B
:1004900043FC02002900684600F044FC006832BDBD
:1004A0007CB50400200000F02FFC0500200000F0C7
:1004B00033FC0600200000F0DEF83200006805EB97
:1004C0000001684600F02EFC006876BD38B50400D7
:1004D0000D002900200000F030FC002801D101208F
:1004E00000E00020C0B232BD10B50400200000685A
:1004F000C04610BD10B50400200000F03DFC2000F7
:1005000010BDFEB506000F003A003100684600F04D
:1005100037FCDDE90045002000906A4629002000F4
:1005200000F036FC0098FEBD0549B0F900204023DC
:1005300012FB03F21144B0F9022003798B54704787
:10054000CC00002030B4064C0500EDB240235D43E2
:1005500004EB05030C00E4B21A5530BC704700BF31
:10056000CC00002038B504000D002900200000F068
:100570001CFC002801D1012000E00020C0B232BDE7
:1005800010B504002000C046C04610BD38B50400B8
:100590000D002900200000F01EFC002801D10120E0
:1005A00000E00020C0B232BD38B504000D005FF09D
:1005B000FF33002229002000FFF789FE32BD2DE91C
:1005C000F04706000F0090461D00002D07D13000B7
:1005D00000F04AF80068404501D3404642E0300050
:1005E00000F042F8006880453AD2300000F03CF854
:1005F0000068B0EB08008146A94531D3B9EB050985
:1006000019F10109300000F0C4FA00EB080A3A00C1
:100610004946504600F0E7FB0400002C01D00120C1
:1006200000E00020C0B200281AD02A0039002000C3
:1006300000F0EDFB002801D1012000E00020C0B255
:10064000002804D0300000F0A4FA201A0AE0B9EB28
:1006500004091AEB0909B9F1010914F1010AD6E7F5
:100660005FF0FF30BDE8F08710B50400200000F017
:10067000DCFB103010BD10B50400200000F04CFB76
:10068000103010BD18B587B00FF25811684600F051
:10069000D3FB1C2000F0DAFB0446694600F006FCA0
:1006A000444A4549204600F025FC00BF18B587B0F4
:1006B0000FF24411684600F0FBFC1C2000F0C6FB62
:1006C0000446694600F0FEFC3C4A3D49204600F0E5
:1006D00011FC00BF18B587B00FF23811684600F062
:1006E000E7FC1C2000F0B2FB0446694600F0EAFC7F
:1006F000324A3349204600F0FDFB00BF18B587B0F1
:100700000FF22011684600F0D3FC1C2000F09EFB85
:100710000446694600F0D6FC284A2949204600F0E4
:10072000E9FB00BF18B587B045A1684600F0D4FCCE
:100730001C2000F08BFB0446694600F0D7FC214AE0
:100740002149204600F0D6FB00BF00001CB56846DA
:1007500000F0E0FC042000F079FB0446694600F05C
:10076000DBFC1A4A1A49204600F0C4FB00BF1CB546
:10077000684600F0DBFC042000F068FB0446694694
:1007800000F0DEFC134A1449204600F0B3FB00BF22
:100790001CB50021684600F0DDFC042000F056FB8B
:1007A0000446694600F0E0FC0C4A0D49204600F082
:1007B000A1FB00BFC90D0508500D0508D50D0508A2
:1007C0005C0D0508BD0D0508680D05081D11010823
:1007D000980D0508A50D0508740D0508B10D05084F
:1007E000800D0508636F6E7461696E657220746FA9
:1007F0006F206C6F6E670000696E76616C696420B3
:10080000636F6E7461696E65722073756273637273
:1008100069707400696E76616C6964206D61702026
:100820006B65790073746F2A20617267756D656EF0
:1008300074206F7574206F662072616E67650000AA
:10084000696E76616C69642073746F2A20617267C7
:10085000756D656E7400000010B50400200000F096
:100860005BFA00F08BFC10BD1CB50400200000F00A
:1008700090FC01000022684600F091FC006816BD63
:100880001CB50400200000F084FC01000A22684628
:1008900000F085FC006816BD38B504000D00290085
:1008A000200000F080FC002801D1012000E00020A1
:1008B000C0B232BD0168491C016070471CB504001C
:1008C000200000F066FC01000022684600F074FC85
:1008D000006816BD1CB50400200000F05AFC0100A1
:1008E0000B22684600F068FC006816BD38B50400AD
:1008F0000D002900200000F063FC002801D1012038
:1009000000E00020C0B232BD0168491C01607047A0
:1009100070B504000D0016002900200000F059FCFD
:10092000002801D0012000E00020C0B200280AD039
:100930002000FFF791FF3300281A02002100200059
:10094000FFF7C5FC19E000223100200000F0E3F8B9
:10095000C0B2002801D0012000E00020C0B2002871
:100960000AD02000FFF778FF3200290000F05BF882
:100970003100200000F075F8200070BD002200F06A
:1009800051BC38B504000D002900200000F079FCAE
:10099000002801D1012000E00020C0B232BD38B5EE
:1009A00004000D00280000F07EFC02002900200059
:1009B000FFF7AEFF32BDFAF73FBC10B504002000D0
:1009C00000F07CFC10BD10B50400200000F07AFCA3
:1009D00010BD300138B504000D002A00034801782D
:1009E000200000F073FC200032BD00BFF687020833
:1009F00010B50400200000F08FF9143010BD10B5C0
:100A00000400200000F088F910BD38B504000D0086
:100A10002900200000F069FC31BD10B50400200061
:100A2000C046C04610BD2DE9F84305000E00140075
:100A3000002C01D12F0007E0A046B1462F0042460E
:100A400049463800FAF71CFF3800BDE8F28370B55C
:100A500004000D00160032002900200000F04DFCBB
:100A600070BD7CB504000D002000FFF7F5FE060008
:100A700000208DF800002000FFF7FDFD05606946AD
:100A8000006830440A78027073BD38B504000D0068
:100A90002000FFF7F0FD0068A84201D2FFF706FE34
:100AA00029002000FFF7DDFF200032BD2DE9F041D5
:100AB00005000E0014002800FFF7DDFD0068B042BD
:100AC00001D2FFF7F3FD2800FFF7D5FD0068801B7A
:100AD000844204D331002800FFF7C3FF18E0002C44
:100AE00016D02800FFF7B8FE00EB06072800FFF736
:100AF000C2FDD0F80080B8EB0408B8EB060207EBA3
:100B00000401380000F002FC41462800FFF7A9FF6D
:100B10002800BDE8F08170B505000C001600280023
:100B200000F008FCA04201D2FFF7ACFD2800FFF75F
:100B30005FFF0068A04208D22800FFF79CFD026812
:100B40002100280000F004FC1CE03000C0B20028A6
:100B500012D0102C10D22800FFF78DFD00688442BF
:100B600001D2220003E02800FFF785FD0268012181
:100B70002800FFF76AFB05E0002C03D100212800C4
:100B8000FFF76FFF002C01D0012000E00020C0B271
:100B900070BD10B50400200000F047F900F046FCDD
:100BA00010BD10B50400200000F04BFC10BD7CB55A
:100BB00004000D002900200000F04EFC060020007B
:100BC00000F081FC02003100684600F084FC0068FF
:100BD00076BD38B50400200000F075FC050020004B
:100BE00000F084FC2A000168684600F074FC00688C
:100BF00032BD00680968884201D1012000E0002070
:100C0000C0B2704738B504000D00280000F074FC35
:100C10000100200000F076FC32BD10B50400200079
:100C2000C046C04610BD70B504000D00160031006E
:100C3000280000F06EFC70BD38B504000D002800DF
:100C4000C046C0460100200000F071FC31BD2DE916
:100C5000F04704000D0016001F00DDF8208040461C
:100C6000C046C04681463800C046C0468246300075
:100C7000C046C0464B4652460100200000F063FCCF
:100C80008146484600F038FC4B460200290020000F
:100C900000F08EFCBDE8F08710B50400200000F0E5
:100CA0000FFE00F013FE10BD38B504000D00280043
:100CB000C046C0460100200000F00EFE31BD2DE907
:100CC000F04704000D0016001F00DDF820804046AC
:100CD000C046C04681463800C046C0468246300005
:100CE000C046C0464B4652460100200000F0FDFDC4
:100CF0008146484600F000FC4B46020029002000D7
:100D000000F056FCBDE8F08710B50400200000F0AC
:100D100003F800F01FFE10BD10B504002000C0460F
:100D2000C04610BD70B504000D0016003200290049
:100D3000200000F01AFE200070BD70B504000D0008
:100D4000200001000020060028000100002086424B
:100D500001D0012000E00020C0B2002803D029000B
:100D60002000C046C04620682968884201D1012081
:100D700000E00020C0B270BD0168491C01607047EE
:100D800038B50C0015002A00210000F0F4FD31BD3B
:100D900031B50C0015006846C046C04603002A0065
:100DA0002100009800F0A0FE31BDF8B504000D0050
:100DB0002800FFF7EEFE06002800FFF711F90700F4
:100DC0002000FFF751FC009733000268002120004B
:100DD00000F0A0FEF2BD38B504000D00290020008F
:100DE0000120C04632BD2DE9F84305000C00160075
:100DF000002C01D1002008E0270096F80080A946C9
:100E00003A0041464846FBF7DBFDBDE8F28370B58A
:100E100005000E001400002C01D1002004E0220087
:100E20003100280000F0AEFE70BD10B504002000B7
:100E3000C046C04610BD300010B5044600F0D6FED6
:100E400001482060204610BDF0E3040870B5064656
:100E500000F0E8FE054680363046F9F769FA0400EE
:100E600008D1E869314600F009FF040004BF002002
:100E700000F019FF0AA004F12801D0E90023C1E91C
:100E80000023002222636263A2616261E261226246
:100E9000A96821616868E06004F1800070BD00000D
:100EA00049415200432B2B000000000010B50446BE
:100EB00000F01AFF01482060204610BDF0E304084E
:100EC00010B50C4600F0AEFEA4F12002116951B934
:100ED000116811B104F15800884704F15800BDE8C9
:100EE000104000F011BF9169491E91610268521EC5
:100EF000026010BD70B504460D46164600F014FFA2
:100F0000A4F1800063490163456001210162016031
:100F1000866000F087FE583C0168491C016020464D
:100F200000F050FF2046BDE8704000F0D3BE2DE930
:100F3000F04F85B081460D4690461F4600F070FF89
:100F4000022800F0A280A9F1280A0126DAF804009C
:100F5000DFF844B10390002409F15800009048469E
:100F600000F05EFF012804BFDAF80000009004974B
:100F7000009A4A4B039F0292019317E02A7A397A2A
:100F8000641C02F0030201F0030131EA02007CD18B
:100F900032EA010101D0002E77D0D007FF68ED685A
:100FA000029858BF002608B10168029129463846C8
:100FB00000F05AFF002842D1384600F069FF814610
:100FC000284600F065FF82460199384600F04CFF44
:100FD00060B15FEA080009D15946504600F044FF6D
:100FE00068BB2F49504600F03FFF40BB594648467A
:100FF00000F03AFF20B95946504600F035FF70B175
:101000005146484600F03AFF00283ED15FEA08000A
:1010100005D02946384600F031FF002835D1594621
:10102000484600F021FF0028A8D1012C0BD11D4912
:10103000284600F019FF30B1B8F1000F25D104990E
:10104000009808601DE024B1012C08BFB8F1000F22
:101050001BD11549484600F007FF20B913494846FF
:1010600000F002FF88B10020019000902B463A4624
:1010700003A902A801F032F838B104990398086076
:101080000CB9012002E0022000E0002005B0BDE81C
:10109000F08F0000C10E0108380D0508481505083D
:1010A000440D050838150508140D0508200D050820
:1010B00010B5044600F09AFD01482060204610BD9E
:1010C00004E4040810B5044600F00EFE0148206058
:1010D000204610BD04E4040810B5044600F086FD67
:1010E00001482060204610BDDCE3040810B504462A
:1010F00000F0FAFD01482060204610BDDCE3040842
:10110000044601F025F802482060204610BD00008A
:1011100040E4040810B5F3E710B5F1E710B5044654
:10112000C046C046204610BD0000300010B5044641
:1011300001F00EF801482060204610BDA0E304082D
:1011400010B5044601F006F801482060204610BDA5
:10115000A0E3040810B5044600F0FAFF014820603F
:10116000204610BDB4E3040810B5044600F0F2FFB9
:1011700001482060204610BDB4E3040810B5040007
:101180006069102803D32068FFF747FC00E02000C7
:1011900010BD10B504002000C046C04610BD01EBD4
:1011A00002030360704700680968884201D101208A
:1011B00000E00020C0B2704701EB020303607047FB
:1011C00000680968884201D1012000E00020C0B217
:1011D000704770B505000C00002C1BD02800FFF7ED
:1011E0003BFB844201D2012000E00020C0B2002875
:1011F00010D12800FFF730FB06002800FFF73BFA6C
:1012000000683044844201D2012000E00020C0B2D6
:10121000002801D1002000E0012070BD62F30F2200
:1012200062F31F42401810F0030308D0C91A1FD3FD
:10123000DB0748BF00F8012D28BF20F8022D13005E
:1012400030B414461546103928BF20E93C00FAD8BE
:10125000490728BF20E90C0048BF40F8042D890049
:1012600028BF20F8022D48BF00F8012D30BC704780
:10127000C91818BF00F8012DCB0728BF00F8012DB1
:1012800070477CB504000D00280000F00CF8060043
:101290002000FFF7E9F900962B00026800212000EA
:1012A00000F038FC76BD10B504002078002801D18C
:1012B000002002E02000FBF765FB10BD01EB4203BC
:1012C0000360704701EB42030360704738B50400C8
:1012D00015002800C046C0460100200000F040FF75
:1012E000200000F043FF200032BD38B504000D009F
:1012F00029002000C046C04631BD70B504000D0075
:1013000016003100280000F036FF70BD2DE9F843CB
:1013100005000E001400002C01D12F0007E0A046AC
:10132000B1462F0042464946380000F02BFF3800F6
:10133000BDE8F28338B504002000FEF76EFF2900F7
:1013400000F06BFF022801D2012000E0401E32BDF8
:101350002DE9F84305000E00140056F00F07280091
:10136000FFF7E8FFB84201D237002DE02800FFF771
:101370003FFB0321B7FBF1F10068B1EB500F23D223
:101380002800FFF7D7FF80462800FFF731FB814692
:101390002800FFF72DFBD9F80010B8EB51080068C2
:1013A00080450DD32800FFF723FB80462800FFF778
:1013B0001FFBD8F80010006811EB50010F0003E08C
:1013C0002800FFF7B7FF07002800FFF7D9F8791CBE
:1013D00000F029FF0090002C0AD02800FFF73CFA0B
:1013E00080460098FFF719FB22004146FFF71BFBE0
:1013F000002201212800FEF728FF6846C046C046AB
:1014000080462800FFF7FBFA81462800FFF7B8F86E
:101410004246494600F00FFF2800FFF7E9FA07604F
:1014200021002800FFF71DFBBDE8F18310B5040083
:101430006069102803D32068FFF7EFFA00E020006E
:1014400010BD70B504000D00160032002900200008
:1014500000F0FEFE200070BDF8B504000D00200075
:1014600000F0FCFE0668200000F001FF0768300075
:1014700000F003FF0078002801D1012000E00020E7
:10148000C0B200281DD031002000FFF7BBFB2A00AE
:101490000100200000F0F7FE002801D0012000E04C
:1014A0000020C0B2002805D0300000F0F8FE00682F
:1014B0000600DCE73700300000F0F7FE00680600A9
:1014C000D5E73800F2BD10B504002000C046C04684
:1014D000C046C04610BD70B504000D0016003200B5
:1014E0002900200000F0E7FE200070BD10B50400C8
:1014F0002000FFF7E8FF10BD10B5040020001030F9
:10150000C04610BD38B504000D002800C046C046D6
:1015100032BD38B504000D0029002000FFF745FC5E
:10152000002801D5012000E00020C0B232BD38B54E
:1015300004000D002800C046C0460100200000F055
:10154000C0FE200032BD2DE9F34F81B0040015002C
:101550001E00200000F0BEFE0700380000F0FEFE76
:1015600000210170380000F088FE00210170380071
:10157000FFF7C2FF83463000C046C04680462800C1
:10158000C046C04681460298C046C046824658467C
:1015900000F0EAFE8346200000F0ECFECDF800806B
:1015A0004B465246594600F0EDFE3800BDE8FE8F2E
:1015B0002DE9F34387B0040015001E0001A800F0D8
:1015C000FEFE0027200000F001FF00280ED12800B9
:1015D000C046C04680462000FFF788FF009643467D
:1015E00002680121200000F0F8FE66E1200001F011
:1015F0007EF8049004A908A8FFF7FBFA002801D0A0
:10160000012000E00020C0B200282BD029002000DB
:10161000FFF778FF804608A80068C0460100200058
:10162000FFF7F0FA81462000FFF7F7FA4A464146F5
:10163000FFF7F9FA002801D0012000E00020C0B235
:10164000002800F02E8108A80068C04680462800C7
:10165000C046C0460096030042460121200000F02B
:10166000BCFE2AE12000FFF7B4FA039003A908A802
:10167000FFF7BFFA002801D0012000E00020C0B22F
:1016800000282CD0200001F042F801682000FFF76C
:10169000B9FA804629002000FFF734FF8146200078
:1016A000FFF7BBFA4A464146FFF7BDFA002801D0D2
:1016B000012000E00020C0B2002800F0F2802000ED
:1016C00001F025F880462800C046C0460096030079
:1016D000D8F800200021200000F07FFEEDE0290076
:1016E0002000FFF70FFF804608A80068C0460100F1
:1016F0002000FFF787FA81462000FFF78EFA4A465E
:101700004146FFF790FA00281FD00898019001A8E1
:1017100001F006F80068C04601002000FFF772FAE9
:10172000804629002000FFF7EDFE81462000FFF7EC
:1017300074FA4A464146FFF776FA002801D10120A3
:1017400000E0002090F0010000E00020C0B200287E
:101750002ED001A80068C04600F0A1FD006800F08E
:101760008CFD0078002801D0012000E00020C0B2EC
:1017700000280ED001A80068C04680462800C04658
:10178000C0460096030042460021200000F025FEDE
:1017900093E008A80068C04680462800C046C046BE
:1017A0000096030042460121200000F016FE84E06E
:1017B00008A80068C04601002000FFF723FA804611
:1017C00029002000FFF79EFE81462000FFF725FA42
:1017D0004A464146FFF727FA00282FD00898019083
:1017E00001A800F0A4FF80462000FFF7F2F9029064
:1017F00002A94046FFF7FDF900281BD1290020006F
:10180000FFF780FE804601A80068C0460100200066
:10181000FFF7F8F981462000FFF7FFF94A464146F5
:10182000FFF701FA002801D0012000E0002090F02D
:10183000010000E0002090F0010000E00020C0B2B4
:1018400000282ED008A80068C04600F028FD0068D7
:1018500000F013FD0078002801D0012000E00020F6
:10186000C0B200280ED008A80068C04680462800F4
:10187000C046C0460096030042460021200000F00A
:10188000ACFD1AE001A80068C04680462800C046AA
:10189000C0460096030042460121200000F09DFD55
:1018A0000BE02800C046C046009603003A00D2B2C2
:1018B000210005A800F042FF059809B0BDE8F083BB
:1018C00010B50400200001F018F810BD10B5040098
:1018D000200000F049FD10BD38B504000D002900BE
:1018E000200001F010F8200032BD2DE9F34F81B047
:1018F000040015001E00200000F0ECFC070038007A
:1019000000F02CFD00210170380000F0B6FC002131
:1019100001703800FFF7F0FD83463000C046C04636
:1019200080462800C046C04681460298C046C04650
:101930008246584600F018FD8346200000F01AFD4C
:10194000CDF800804B465246594600F0E5FF38007E
:10195000BDE8FE8F10B504006069102801D320682F
:1019600002E0200000F0F5FF10BD10B504002000DB
:1019700000F0F5FF10BD2DE9FF4704000D00160033
:10198000280000F06BFCD0F800A0280000F06FFCED
:101990000768280000F06BFCD0F80080504600F08B
:1019A0006CFC0078002801D1012000E00020C0B2CA
:1019B00000283FD051462800FFF724F9814628002F
:1019C00000F0D8FF32004946FFF72DF9002801D07A
:1019D000012000E00020C0B2002805D0504600F0F1
:1019E0005EFC00688246D9E7404600F046FC00787D
:1019F000002813D051462800FFF704F9814628003B
:101A000000F0B8FF4A463100FFF70DF9002801D178
:101A1000012000E0002090F0010000E00020C0B2B2
:101A2000002800D0D0465746504600F03EFC0068E3
:101A30008246B3E7404600F020FC0078002805D03D
:101A4000280000F00BFCD0F8009004E0404600F0C5
:101A50002CFCD0F80090484600F00FFC00780028DD
:101A600001D1012000E00020C0B2002820D049466A
:101A70002800FFF7C7F88246280000F07BFF524697
:101A80003100FFF7D0F8002801D0012000E000204D
:101A9000C0B2002806D0C846484600F006FC0068E0
:101AA0008146D8E7484600F0FAFB00688146D2E755
:101AB000280000F065FF02003900684600F068FF6A
:101AC000280000F05DFF0200414601A800F060FF21
:101AD0000200694602A800F066FF0200D2E9000198
:101AE000C4E90001BDE8FF8713B5140001A96846E9
:101AF00000F069FF002801D0012000E00020C0B202
:101B0000002806D02068401C2060684600F00FFEC8
:101B1000ECE713BD2DE9F04104000D0016001F0095
:101B2000DDF818802000FEF79FFD0068A84201D272
:101B3000FEF7BCFD2000FEF797FD0068401BB04299
:101B400005D22000FEF790FD0068401B0600200033
:101B5000FFF71FF8464501D2320000E04246390047
:101B60002844FFF754F9002809D1464502D25FF016
:101B7000FF3004E0464501D1002000E00120BDE82F
:101B8000F08130000300002013F0030F09D0521E33
:101B900022BF13F8010B11F801CBB0EB0C00F3D00E
:101BA000704711F0030F14D1121F22BF53F8040B1A
:101BB00051F804CB6045F7D0121D0AD200BA9CFA46
:101BC0008CFCB0EB0C0038BF6FF0000088BF012028
:101BD0007047521E22BF13F8010B11F801CBB0EB76
:101BE0000C00F6D0521C08BF1046704738B50446AA
:101BF0000D4600F0ADFA044820602946201DFEF78E
:101C0000BFFA204632BD00BFC8E3040880B50020FB
:101C1000C04614490844BDE802408830FFF77EBA48
:101C2000F6F7B2BA38B500F0DCFE0F4D0446605D41
:101C300060B90C49214401F18800FFF76BFA0B4AA7
:101C40000B48002100F0DCFE01206055094A0A49DA
:101C5000A05C28B9034B65182344EB610120A05414
:101C6000601832BD302C0020AF30002060300020E2
:101C70000D1C0108B030002098000020892902D2F4
:101C800008B1017809B100207047012100F8081B54
:101C9000704718B100F10802914201D0002070474E
:101CA00000210170704738B50446FFF7BBFF0546B9
:101CB0000CB9A86807E0204600F0B2F802280CBF73
:101CC000A86854F8180C286101202873BDE8314039
:101CD00000F0DABE10B5040018BF00F0E4FE2046A4
:101CE000BDE81040DFE7300038B504460D4600F08F
:101CF00031FA04482060291D201DFDF701FF204610
:101D000032BD00BFC8E3040810B50446FFF78AFFE0
:101D1000803CC0692146FFF7BCFF20B92046BDE8E2
:101D20001040FEF748BE10BD0F480078002800D1D3
:101D3000704700B5842189021820ABBE00BD0B4856
:101D40000078002800D1704700B509491820ABBEC3
:101D500000BD08480078002800D1704700B506494A
:101D60001820ABBE00BD0000AC300020AD3000201C
:101D700001100200AE3000200210020080EC200BA7
:101D80007047000090EC200B704700004DF808ED04
:101D90000DF1080E4DF804ED2DE9FF1F002102B4EE
:101DA000694681B001F04DB885460D98DDF838E000
:101DB0000F9B5DF8042B20E90C009DE8FE1F854673
:101DC00001BD00004DF808ED0DF1080E4DF804EDD1
:101DD0002DE9FF1F002102B4694681B000F0A2FF87
:101DE000DDF840E012B07047FEB442464B46544620
:101DF0005D463EB401F08DF83EBC90469946A24641
:101E0000AB46FEBCFFF7C2FF02680B689A4202BFF6
:101E100040684968884201D101207047002070471E
:101E20000BA201681368994202BFD0F804C052683F
:101E3000944501D10020704708A21368994202BF5F
:101E400040685168884201D10120704702207047E4
:101E500049415200432B2B00000000004941520031
:101E6000432B2B010000000088421EBF40684968D8
:101E7000884201D1012070470020704788421EBF70
:101E800040684968884201D00120704700207047AF
:101E900010B5040001D101F060F8206850F8040C7E
:101EA00010BD30002DE9F04F834615468DB08946B0
:101EB0001C464FF000082846FFF7EAFF0794DDF8BC
:101EC00058A0179E189C1A9FDFF87C12FFF7CCFFD2
:101ED00008BB2846FFF7DCFFDFF87012FFF7C4FFEE
:101EE000002800F093804FEA5A0101F0010181F0CF
:101EF00001010B91CDF824B00AF0010181F001013C
:101F00000A9105F110000C951A97CDF858A0189475
:101F100005461B9F88E0A8680799884208D040685A
:101F2000C046009007984068C0460099814212D18F
:101F3000D9F80000002818BF58456BD1397802291C
:101F400068D03068002865D1012139701B98046081
:101F5000C9F800B063E01B981999059004970391A4
:101F600002940196CDF800A0079BAA6849465846FE
:101F7000FFF798FF0100306808BF002846D000280E
:101F800044D14FF0010841E034B102684FEA2B23FD
:101F9000D15800EB010A01E000EB2B2A18980799B1
:101FA00000281ABF4FEA6B0000F0010B4FF0000B46
:101FB0002868884208D04068C0460090079840686A
:101FC000C0460099814241D1D9F80000002818BFCD
:101FD00082451FD16968C80703D51A9A1378012B67
:101FE00018D03068B0B9C8071A9954BF0120022030
:101FF0000870C7F800B0C9F800A04FF001083868B1
:1020000088B1002C0CBF0A980B9860B140460DB007
:10201000BDE8F08F012030600021C9F8001088462B
:10202000F4E70028F2D108350C9800F11001C068DF
:1020300001EBC0018D42E9D20998D5F804B000281F
:102040000BF00104A0D14FF0000AA7E7002108918E
:102050008DF8181006A9169A009208A80597049101
:102060000390CDF808B00196079B2A684946504670
:10207000FFF718FF002804BF30680028D3D031686C
:1020800031BB089820B92879C10744BF2868089057
:102090001A98007858B19DF81810022908BF022834
:1020A00005D019980068B0B10899884213D11A99DF
:1020B0009DF8180008704FF00108199908980860F9
:1020C00038680028AFD0002C14BF0B980A98A8E7F6
:1020D0004FF000089AE701203060F9E72DE9F04160
:1020E0008AB09846002401230D46099407930028DE
:1020F00016460CBF002707682C603046FFF7C8FE65
:102100001249FFF7B1FE002806A80CBF0321B168F1
:10211000049007AA08AB08948DF818400592039321
:102120000120029009AA01920091434632462946B5
:102130003846FFF7B7FE00281EBF07980028012485
:1021400020460AB0BDE8F081140D0508200D0508F1
:1021500001E0000000BF01490160704754E4040839
:1021600010B504002000C046C04610BD002101612A
:1021700000214161704738B504000D002000FEF7D2
:1021800011F831BD81423ABF53189842F9F778BB34
:102190008018990707D0521E24BF13F8011D00F8BC
:1021A000011DF6D8704781071BD1103A07D330B410
:1021B00033E93210103A20E93210F9D230BC103233
:1021C000121F24BF53F8041D40F8041DF8D838BF6F
:1021D000121D521E24BF13F8011D00F8011DF8D86E
:1021E0007047121FF3D3C10709D153F8041D121F02
:1021F00020F8041D4FEA31414180F6D2E7E753F859
:10220000041D121F00F8041D4FEA3121A0F801102F
:102210004FEA3141C170F2D2D9E710B50400200075
:1022200000F09DFE10BD38B504000D00290020000F
:1022300000F09BFE32BD70B504000D0016003000AA
:10224000C046C04602002900200000F097FE70BD85
:1022500010B50400200000F09FFE10BD10B5040072
:10226000200000F004F8006800F0AAFE10BD10B5D0
:102270000400200000F084FB10BD10B50400200015
:102280000D30C04610BD70B504000D0016002000D2
:1022900000F070FB32002900FEF7C5FC70BD10B5E0
:1022A000040020000830C04610BD10B50400200016
:1022B000C046C04610BD10B50400200000F068FB09
:1022C00010BD38B504000D002800C046C04620608F
:1022D000200032BDF8B50400200000F04BF80121C9
:1022E00000F074FE05002800FFF7DFFF0600200065
:1022F000FFF7FCF80700300000F070FE0600200039
:1023000000F038F83A00310000F06EFE280000F0CE
:1023100057FE06002000FFF7E9F80700300000F044
:102320005DFE0600200000F025F83A00310000F0C4
:102330005BFE2800FFF7B3FF06002000FFF7D6F88A
:102340000700300000F04AFE0600200000F012F8FE
:102350003A00310000F048FE2800F2BD10B504003C
:1023600020000C30C04610BD10B504002000C0464F
:10237000C04610BD10B504002000C046C046C0468F
:10238000C04610BD2DE9FC4704000D0016001F00DB
:10239000DDF828804046C046C04681463800C04629
:1023A000C04682463000C046C046CDF80090534635
:1023B00002002900200000F024FEBDE8F38710B5DC
:1023C0000400200000F03AFE200010BD10B504000B
:1023D000200000F039FE006810BD2DE9F84F040020
:1023E0000D0016001F00DDF82880200000F033FEED
:1023F0008146200000F036FED9F80010401E8142D0
:1024000005D34146200000F036FEFEF73BF93800C8
:10241000C046C04602004146200003000800814635
:10242000200000F018FE0168491C0160C9F8046032
:102430002000FFF75BF8006886420FD12000FFF70D
:102440000DFFC0F80090200000F02CFEC0F80090B6
:10245000200000F05CF9C0F8009030E02800C0B225
:10246000002816D03000FFF720FFC0F800902000B1
:1024700000F018FE0068864201D1012000E0002033
:10248000C0B200281BD0200000F00CFEC0F8009065
:1024900015E03000FFF703FFC0F80090200000F0C7
:1024A00036F90068864201D1012000E00020C0B268
:1024B000002804D0200000F02AF9C0F80090CA4695
:1024C000504600F07DFD0068FFF748FF00780028C7
:1024D00001D1012000E00020C0B2002800F0F4800B
:1024E000504600F06DFD8346504600F069FD0068DF
:1024F00000F066FD0068FFF7D8FEDBF8001000680A
:10250000814201D1012000E00020C0B200286DD03E
:10251000504600F055FD006800F052FD0068FFF7DE
:10252000BEFE006806003000FFF718FF00780028A4
:1025300001D1012000E00020C0B2002820D0504688
:1025400000F03EFD0068FFF709FF01210170300037
:10255000FFF704FF01210170504600F031FD0068D3
:1025600000F02EFD0068FFF7F9FE002101705046D3
:1025700000F026FD006800F023FD006882469FE71A
:10258000504600F01DFD0068FFF789FE0068824597
:1025900001D1012000E00020C0B2002808D0504640
:1025A00000F00EFD006882465146200000F083FDD9
:1025B000504600F005FD0068FFF7D0FE01210170D4
:1025C000504600F0FDFC006800F0FAFC0068FFF7E0
:1025D000C5FE00210170504600F0F2FC006800F0DA
:1025E000EFFC0168200000F0CDFD69E7504600F0E7
:1025F000E7FC006800F0E4FC0068FFF756FE0068A6
:1026000006003000FFF7AAFE0078002801D1012063
:1026100000E00020C0B2002820D0504600F0D0FCDE
:102620000068FFF79BFE012101703000FFF796FE66
:1026300001210170504600F0C3FC006800F0C0FCAE
:102640000068FFF78BFE00210170504600F0B8FCD7
:10265000006800F0B5FC0068824631E7504600F0A3
:10266000AFFC0068FFF721FE0068824501D1012020
:1026700000E00020C0B2002808D0504600F0A0FCC6
:10268000006882465146200000F07CFD504600F074
:1026900097FC0068FFF762FE01210170504600F0D0
:1026A0008FFC006800F08CFC0068FFF757FE0021EB
:1026B0000170504600F084FC006800F081FC016865
:1026C000200000F0F8FCFBE62000FFF7C7FD0068E3
:1026D000FFF744FE012101702000FEF7F4FE020026
:1026E00049466846FEF7F7FE0068BDE8F28F38B548
:1026F0000400200000F0D6FC05002000FEF7E3FEF9
:10270000020029686846FEF7E6FE006832BD10B593
:1027100004002000FFF7ABFD0068FFF7C0FD10BD0F
:1027200010B50400200000F094FD200010BD10B58D
:102730000400200000F0E5FD200010BD2DE9F44F5D
:102740008CB080460C001D002000FFF787FD066856
:102750002000FEF7CBFED0F8009001273000FFF7F5
:102760008CFD0078002801D1012000E00020C0B2DB
:1027700000283DD0B1469DF83000002816D0310029
:102780002000FEF73FFA824629002000FEF7BAFE3D
:1027900083462000FEF741FA5A465146FEF743FAB7
:1027A000002801D1012713E0002711E029002000B3
:1027B000FEF7A8FE824631002000FEF723FA83468A
:1027C0002000FEF72AFA5A465146FEF72CFA070077
:1027D0003800C0B2002805D03000FFF766FD006861
:1027E0000600BBE73000FFF75AFD00680600B5E7BA
:1027F0002000FEF768FE0200494602A8FEF76BFEC5
:102800003800C0B200282DD02000FFF770FF0590DF
:1028100005A902A8FEF7EDF9002801D0012000E08B
:102820000020C0B200281AD02800C046C046169921
:10283000009103004A4601212000FFF7CEFD0490DD
:1028400001208DF805000DF1050204A90AA800F089
:102850009EFD0200D2E90001C8E900014AE002A899
:1028600000F0A5FD02A80068C04601002000FEF7A8
:10287000C9F9824629002000FEF744FE8346200065
:10288000FEF7CBF95A465146FEF7CDF9002801D0A4
:10289000012000E00020C0B200281AD02800C04665
:1028A000C0461699009103004A463900C9B220007B
:1028B000FFF793FD039001208DF8040001AA03A9FE
:1028C00008A800F064FD0200D2E90001C8E9000197
:1028D00010E01699200000F0CEFB00208DF80000DB
:1028E0006A4602A906A800F069FD0200D2E90001CB
:1028F000C8E900010DB0BDE8F08F10B504002068F4
:102900001030C04610BD38B504000D002800C04688
:10291000C0462060200032BD2DE9FC4704000D00B8
:1029200016001F00DDF828804046C046C04681469C
:102930003800C046C04682463000C046C046CDF88A
:102940000090534602002900200000F047FDBDE83A
:10295000F38710B504002000FEF75FF810BD70B5D6
:1029600004000D00160031002000C046C04625605E
:10297000200070BD10B504002000C046C04610BD48
:1029800010B504002000C046C046C046C04610BD79
:1029900070B504000D00160032002900200000F080
:1029A0003AFD200070BD70B504000D00160028002F
:1029B000C046C046006820603000C046C04600687F
:1029C0006060200070BD38B504000D0029002000B3
:1029D000FEF70FF9002801D1012000E00020C0B26D
:1029E00032BD00207047300038B504460D46AC4279
:1029F00005D0206820188047241DAC42F9D131BD94
:102A0000F8B505460E461746AFF300801A49086828
:102A100000B91A481A4A90422EBF002404460C30CE
:102A20000860AFF300800CB90120F2BD266065603C
:102A3000A7600020F2BD80B50F49124800F001F8F0
:102A400001BDF8B50E46054637683C0011D1F1BD11
:102A5000884709E00C3C616808000AD02068002221
:102A600000286260F4D08847306887421CBF074660
:102A70003C46AC42EED1F1BD5C300020B4300020C9
:102A800040320020B430002080B5FFF7CBF8016958
:102A900019B100220261884701E080688047BDE8E3
:102AA0000140F5F771BB70B50446FFF748F9656A58
:102AB000FFF7B8F806462046FFF7B2F9022805D11D
:102AC0007069214600F0ADFC014607E0A4F1280141
:102AD000086A401E08623268521E32608869401CD3
:102AE0008861486910B9706948617161204600F0D9
:102AF000C4F9284670BD3000042910D8DFE801F081
:102B0000030D0F0D0D0053B9102A08D20099096862
:102B100000EB8200416000207047012070470220D6
:102B200070470000042910D8DFE801F0030D0F0DF5
:102B30000D0053B9102A08D200EB820000994268B8
:102B40000A60002070470120704702207047000093
:102B50002DE9F0470429C0B007461646984660D8CC
:102B6000DFE801F003175F6C6C00B8F1000F58D17B
:102B7000B86B391DB6B2320006E0F30744BF50F817
:102B8000044B0C60091D7608F7D1910454D4B86346
:102B900052E04FEA164ABAF1100F1FFA86F9AD411A
:102BA000ED0F09EB0A00102894BF00240124B8F1AE
:102BB000010F34D0B8F1050F33D1212831D245B1FE
:102BC0003878012805D10021397007F14800FFF756
:102BD000D5F844B17878012805D10021797007F142
:102BE000C800C046C04615B16846FFF7C7F814B123
:102BF00020A8C046C046BB6B30040BD06A4602EB2F
:102C0000CA064A46D3E90001C6E90001083308367E
:102C1000521EF7D1B8F1010F05D11B1D03E0002CA6
:102C2000CDD002200BE0BB6315B16846FFF7AAF8D0
:102C300014B120A8C046C046002000E0012040B0EA
:102C4000BDE8F087324A0068D2F804C001F10803F9
:102C50006244934206D08B6801F108025B0002EBEC
:102C6000630201E04FF0FF320B685B0001EB630190
:102C7000884202D24FF0FF30704790428041C043FB
:102C8000C00F704733B581B00446214801684268DF
:102C90000144024402981F4D0095801E0290521A72
:102CA000D210082302A800F0DAFB20B30168490023
:102CB00000EB6102A264416801291CD0002902D501
:102CC000001D012104E0001D490000EB610000210E
:102CD000E0642165E06C0168002911D5C1F303604F
:102CE00008B90D480FE0012808BF0C480BD0022896
:102CF00008BF0B4807D00020606103B0092030BD39
:102D0000490000EB6100606103B0002030BD0000AD
:102D100058150508452C010835B9030839B90308C9
:102D20003DB903082DE9F04D0446D2B0E0680D46E8
:102D300010B90121E1601DE05820F7F7F9FA0028E9
:102D40004ED004F10C0292E8C85000F10C0100F1E1
:102D5000200881E8C85004F1200797E84E0C88E865
:102D60004E0C04F1380797E80C5000F1380181E867
:102D70000C50E060291DE86B2864402201A8F8F798
:102D80008FFD01218DF800108DF80110109920465B
:102D9000FFF778FFB0B963696A462146984706286D
:102DA00020D00828F2D0FEF7D4FF9DF8000010B91B
:102DB00012A8FEF7E7FF9DF8010088B932A8C046C7
:102DC000C0460DE09DF8000010B912A8FEF7DAFF2A
:102DD0009DF8010010B932A8C046C046FEF7B9FF01
:102DE00009200FE09DF8000010B912A8FEF7CAFFF5
:102DF0009DF8010010B932A8C046C04629462046B9
:102E000000F003F852B0BDE8F08D38B504460D4629
:102E100002E0281DFEF7C8FF296C2046FFF732FFAD
:102E200008B1F5F7B1F9286C636920612A4621469B
:102E3000012098470728ECD00828EDD0F5F7A4F931
:102E4000EAE738B504460D4623692B642A466369D0
:102E5000214602209847072804D1281DBDE83240AA
:102E6000FEF7A2BF082804D129462046BDE8344019
:102E7000CBE7BDE83140F5F787B92DE9F04E0446C0
:102E8000E06808B9F5F780F9E068012803D100206F
:102E9000E060BDE8F08E00F10C0292E8E81004F169
:102EA0000C0104F1200E81E8E81000F1200595E8FE
:102EB0000E0E8EE80E0E00F1380595E8C21038347B
:102EC00084E8C210BDE8F04EFDF775BD01468A6882
:102ED000002A1CBF01201047704738B50446FEF792
:102EE000A1FE05462046FEF79BFF022807D1A869F0
:102EF000214600F096FA016A491C016201E0A4F142
:102F00002800016A012902D1A969C161A8610120D3
:102F100032BD70B5FEF786FE0546AC690CB9FFF709
:102F2000B3FD04F128063046FEF77AFF02280DD1E2
:102F3000206A6668012806D1E069A86104F1800072
:102F4000FEF7E2FE07E0401E206204E0206A01284E
:102F500004BFE069A861304670BDFDF708BC10B53C
:102F60000400200000F09BFA10BD38B504000D00ED
:102F700001220021280000F096FA32BD70B504004D
:102F80000D0016003000C046C04602002900200097
:102F900000F096FA70BD30007CB504000D001600FC
:102FA000009601AB2A0005480178200000F09BFA4A
:102FB000200000F0B0FA200076BD00BF6B2D0408A1
:102FC00010B504002000001DC04610BD38B5040037
:102FD0000D002900200000F0A9FA32BD10B5040050
:102FE0002000C046C04610BD70B504000D0016009C
:102FF0003000C046C04602002900200000F09FFAC1
:1030000070BD2DE9FC4704000D0016001F00DDF81F
:1030100028804046C046C04681463800C046C0466B
:1030200082463000C046C046CDF8009053460200AC
:103030002900200000F090FABDE8F38710B50400E5
:1030400020000021016010BD10B504002000FFF732
:1030500097FC001D10BD10B504002000FEF733FAE8
:10306000001D10BD38B50400200000F0A1FA2900B1
:1030700000F0A6FA32BD70B504000D002800FEF77E
:103080003BFAFFF771F906002000FFF773F93100F2
:1030900000F09CFA2000FFF76DF90122290000F0F2
:1030A0009DFA70BD10B504002000FFF7E0F800683D
:1030B000FFF7FBF810BDF8B504000D002800FFF77E
:1030C000EEF806682800FFF7EAF807003000FFF77F
:1030D000ECF8006838603000FFF7E7F80068FFF7A9
:1030E000CCF80078002801D1012000E00020C0B217
:1030F000002806D03000FFF7D8F80068FFF760FF1F
:1031000005603000FFF75CFF07002800FFF758FF5D
:10311000006838602000FFF7A1F80068854201D1FF
:10312000012000E00020C0B2002804D02000FFF7FA
:1031300095F806601DE02800FFF742FF0068FFF7E2
:10314000B4F80068854201D1012000E00020C0B23F
:10315000002807D02800FFF733FF0068FFF7A5F825
:10316000066006E02800FFF72BFF0068FFF797F8DE
:1031700006603000FFF799F805602800FFF720FF90
:103180000660F1BDF8B504000D002800FFF78DF8CA
:1031900006682800FFF789F807003000FFF77FF87E
:1031A000006838603000FFF77AF80068FFF765F8CC
:1031B0000078002801D1012000E00020C0B20028E2
:1031C00006D03000FFF76BF80068FFF7F9FE0560E6
:1031D0003000FFF7F5FE07002800FFF7F1FE00685A
:1031E00038602000FFF73AF80068854201D10120DD
:1031F00000E00020C0B2002804D02000FFF72EF825
:1032000006601DE02800FFF7DBFE0068FFF747F8C7
:103210000068854201D1012000E00020C0B20028F2
:1032200007D02800FFF7CCFE0068FFF738F80660EB
:1032300006E02800FFF7C4FE0068FFF736F80660D6
:103240003000FFF72CF805602800FFF7B9FE066094
:10325000F1BD38B5040020680D30C0460078002864
:1032600001D0012000E00020C0B2002805D0206875
:103270000830C0460068206041E02068C046C04673
:1032800000680D30C0460078002801D1012000E020
:103290000020C0B2002807D02068C046C0460068A1
:1032A00000F0A6F920602AE02068001DC0460068F2
:1032B000050028000D30C046007800280CD12800F9
:1032C000C046C04621680068814201D0012000E06C
:1032D000002090F0010000E00020C0B2002801D0E2
:1032E0002560E1E720680D30C0460078002801D055
:1032F000012000E00020C0B2002800D1256020009D
:1033000032BD38B5040020680D30C0460078002872
:1033100001D0012000E00020C0B2002835D1206893
:103320000830C04600680D30C0460078002801D142
:10333000012000E00020C0B2002807D0206808303B
:10334000C046006800F06DF920601EE02068001D96
:10335000C0460068050028000D30C04600780028EF
:103360000CD128000830C04621680068814201D095
:10337000012000E0002090F0010000E00020C0B239
:10338000002801D02560E1E72560200032BD70B53E
:1033900004000D0016002800C046C04600682060EA
:1033A0003000C046C04600782071200070BD10B5C6
:1033B00004002000FFF7B4F9200010BD70B5040030
:1033C0000D0016002800C046C0460068206030008E
:1033D000C046C04600782071200070BD2DE9FC4732
:1033E00004000D0016001F00DDF828804046C0468E
:1033F000C04681463800C046C04682463000C046BE
:10340000C046CDF80090534602002900200000F08D
:1034100021F9BDE8F38710B50400200000F047F95A
:1034200010BD38B504000D4609D004F12800FEF7A0
:10343000EBFC20B16068A84201D1204632BD0020DB
:10344000FDF704FD8038D5E9002300F12801C1E92A
:1034500000230022456002628261426132BD2DE993
:10346000F047089F81460E461546984600E02546DF
:1034700095B16C0804FB08F006EB000A514648467B
:10348000B8470028F3D41EBF0AEB08062D1B6D1E9B
:10349000EED15046BDE8F0870020BDE8F08701007E
:1034A0005FF0FF307047F8B5040015000026002CCF
:1034B00001D1300003E02700380000F003F9F2BD2D
:1034C000F8B505000E001700310004200800C046C2
:1034D0000400002C05D03800C046C04600682060BB
:1034E00000E00020F1BD2DE9F041040015001E00B0
:1034F000069F2800C046C0463800C046C0468046E9
:103500003000C046C04642460178200000F0ECF88A
:103510002000BDE8F08138B50400200000F0F3F889
:1035200005002000FDF7E2FF056031BD38B504005D
:103530000D0001220021280000F022F932BD70B5F3
:1035400004000D0016003000C046C04602002900ED
:10355000200000F02BF970BD2DE9FE4F05000E0094
:1035600017009846DDF8309031001C200800C04656
:103570000400002C19D04046C046C046010001A8F6
:1035800000F027F982464846C046C046010068461A
:10359000C046C04683463800C046C0465B465246D9
:1035A0000178200000F01CF900E00020BDE8F78F52
:1035B00010B504002000C046C046C046C04610BD3D
:1035C00010B50400200000F021F910BD38B504004A
:1035D0000D002900200000F01FF931BD70B5040076
:1035E0000D00160032002900200000F01DF970BD0A
:1035F00010B5040020000830C04600680D30C046F9
:103600000078002801D1012000E00020C0B200288D
:1036100005D020000830C04600680400EAE720001A
:1036200010BD10B504002000C046C04600680D3033
:10363000C0460078002801D1012000E00020C0B27F
:10364000002805D02000C046C04600680400EAE714
:10365000200010BD2DE9FE4F05000E001700984612
:10366000DDF83090019601991C200800C046040046
:10367000002C19D04046C046C046010002A8096887
:10368000016082464846C046C04601006846C046C2
:10369000C04683463800C046C0465B465246017865
:1036A000200000F0CBF800E00020BDE8F78F70B5F7
:1036B00004000D001600256031002000C046C04601
:1036C000200070BD10B5044600E080472046F6F7A4
:1036D0002FFE30B9034800680028F6D100F0C4F886
:1036E000F4E710BD5830002038B50400150028005C
:1036F000C046C0460100200000F0B8F8200000F0ED
:10370000BBF8200032BD38B504002000FEF732FEC1
:103710000121FFF75BFC00900098FEF7C6FDFFF764
:103720005DFC05002000FEF725FE6A462900FFF734
:103730005BFC0098FFF744FCFFF750FC05002000FD
:10374000FEF718FE6A462900FFF74EFC0098FEF7C8
:10375000A6FDFFF743FC05002000FEF70BFE6A46BE
:103760002900FFF741FC0098FEF7F8FD01210170E8
:103770000098FEF782FD01210170009832BD3001F2
:10378000F8B5040015000026002C01D130000AE035
:103790000548844201D3FCF7D9FF2C2707FB04F727
:1037A0003800FFF78FFFF2BD5E74D105F8B5050054
:1037B0000E001700310004200800C0460400002C51
:1037C00005D03800C046C0460068206000E00020F8
:1037D000F1BD10B50400200009680160200010BD93
:1037E0007CB5040015001E0006486A460178117079
:1037F0000548037832002900200000F042F820003C
:1038000076BD00BF2B2C04087F29040810B50400E6
:10381000200000F047F810BD38B504000D00290065
:10382000200000F045F831BD70B504000D00160011
:103830003100280000F043F870BD30007CB5040072
:1038400015001E0006486A46017811700548037885
:1038500032002900200000F039F8200076BD00BFBA
:103860006A2D04082A2C0408FCF770BF10B5040068
:103870002000C046C04610BD00210160002141600B
:10388000704770B504000D0016002800C046C04601
:1038900000F02DF80100200000F02FF80020A061BA
:1038A000200070BD01000148704700BF5D74D10564
:1038B00038B504000D00280000F039F831BD38B5E6
:1038C00004000D002000FCF76DFC31BD70B5040054
:1038D0000D0016002800C046C04600F02FF8010079
:1038E0002000FCF70DF90020A061200070BD10B58C
:1038F00004002068C046C04610BD38B504000D0065
:103900002800FCF73DFEC046C04601002000FCF741
:1039100096FC002200212000FCF797FC2800C046FE
:10392000C0460100200000F00FF8200032BD10B5A5
:1039300004002000FCF7C8F9200010BD10B50400F9
:103940002068C046C04610BDF8B504000D00280030
:10395000FDF74EF80068102810D22800FCF78BFE07
:1039600006002800FDF74BF807002000FDF747F898
:103970003268521C3900FDF7C9FC13E02800FDF73E
:103980003EF806002000FDF73AF807002000FCF79B
:10399000F7FD3200390000F01DF82800FDF72FF880
:1039A000002101602000FCF766FE06002800FCF7FD
:1039B00062FE006830602000FDF71AF8060028005B
:1039C000FDF716F800683060002200212800FCF79F
:1039D0003CFCF1BD70B504000D0016003000C0467F
:1039E000C04602002900200000F001F870BD70B54B
:1039F00004000D0016003000C046C0460200290039
:103A0000200000F001F870BDF8B505000E001700A9
:103A1000310004200800C0460400002C05D0380006
:103A2000C046C0460068206000E00020F1BD3000C4
:103A30001FB5040001A890E80E00206800F0BCFC4F
:103A40001FBD10B50400200000F0F4FC6821200028
:103A5000FBF764FF10BD10B50400E06DE16D09686F
:103A60000968884710BD10B590B00400200000F030
:103A7000FEF8DFF8FC196846FCF782FB210006A877
:103A800000F058FD0100684600F067FD606606A87A
:103A900000F08CFE6846FCF717F910B010BD10B5A9
:103AA00086B00400DFF8C8196846FCF769FB14F11A
:103AB000640100F092FD6846FCF706F9206E216E65
:103AC0000968C9698847002084F8200006B010BD45
:103AD0002DE9F041A0B005000E0000243068012857
:103AE00068D17068012814D0082802D0202833D06B
:103AF00060E018A82021F7F7B3FEDFF8781919A8BD
:103B0000FCF73EFB18A801F094F818A801F0A4F9FE
:103B100050E0280000F076F80400002C1BD014F1CF
:103B2000180001F041FB804615F12C01DFF848092F
:103B3000FCF737FA10A82021F7F792FEDFF83C19BE
:103B400011A8FCF71DFBCDF85C8010A801F071F8FE
:103B500010A801F081F92DE0280000F053F80400CE
:103B6000002C27D0DFF8188914F1180118F118007B
:103B7000FCF717FA616902A801F021FD02A940468D
:103B800001F0BCFD02A8FCF79FF815F12C0118F11B
:103B90003000FCF706FA08A82021F7F761FEDFF8ED
:103BA000E41809A8FCF7ECFA08A801F042F808A804
:103BB00001F052F915F11408404601F0DEFD0090C5
:103BC000404601F0EAFD019001A9684601F0F5FDCB
:103BD000002801D0012000E00020C0B200280DD054
:103BE000684601F0F8FD0700310038683A6812684D
:103BF00052689047684601F0F4FDE5E7002020B0E8
:103C0000BDE8F0817CB50500E86D10F114042000DA
:103C100001F0B3FD0090200001F0BFFD019001A96B
:103C2000684601F0CAFD002801D0012000E0002014
:103C3000C0B2002819D0684601F0CDFD06003068FA
:103C400031680968C96888470400002C04D0200046
:103C50000069C046010000E00021002901D02000D9
:103C600004E0684601F0BDFDD9E7002076BD2DE9EE
:103C7000F14FADF5216DDDF8100A006EDDF8101A78
:103C8000096E0968C969884711A801F0B1FD0120D2
:103C90001E90DFF8F427D2E90001CDE921010020D0
:103CA0008DF844003820FFF70DFD0400DFF8DC1725
:103CB00024A8FCF765FADFF8D8172AA8FCF760FA01
:103CC00011A9FFA8703001F0BDFD03002AAA24A9A4
:103CD000200001F0EAFDCDF820043820FFF7F2FCC7
:103CE0000500DFF8B01730A8FCF74AFADFF8A8178C
:103CF00036A8FCF745FA11A90DF5976001F0A2FD71
:103D0000030036AA30A9280001F0CFFDCDF8240425
:103D10003820FFF7D7FC0600DFF880173CA8FCF737
:103D20002FFADFF87C1742A8FCF72AFA11A9FFA89E
:103D3000FF30093001F086FD030042AA3CA93000A3
:103D400001F0B3FDCDF828043820FFF7BBFC0700D5
:103D5000DFF8501748A8FCF713FADFF84C174EA805
:103D6000FCF70EFA11A90DF5AA6001F06BFD030036
:103D70004EAA48A9380001F098FDCDF82C0438204F
:103D8000FFF7A0FC8046DFF8241754A8FCF7F8F9E9
:103D9000DFF81C175AA8FCF7F3F911A9FFA8FF30A8
:103DA000A13001F04FFD03005AAA54A9404601F08A
:103DB0007CFDCDF830043820FFF784FC8146DFF825
:103DC000F41660A8FCF7DCF9DFF8EC1666A8FCF73F
:103DD000D7F911A90DF5BD6001F034FD030066AA05
:103DE00060A9484601F061FDCDF834043820FFF7A2
:103DF00069FC8246DFF8C4166CA8FCF7C1F9DFF84D
:103E0000C01672A8FCF7BCF911A940F234606844EE
:103E100001F018FD030072AA6CA9504601F045FD9F
:103E2000CDF838043820FFF74DFC0190DFF89416E8
:103E300078A8FCF7A5F9DFF890167EA8FCF7A0F9A2
:103E400011A90DF5D06001F0FDFC03007EAA78A950
:103E5000019801F02AFD0DF5846BCBF81C00382089
:103E6000FFF730FC0290DFF8641684A8FCF788F9AD
:103E7000DFF85C168AA8FCF783F911A940F2CC6040
:103E8000684401F0DFFC03008AAA84A9029801F0CB
:103E90000CFDCDF840043820FFF714FC0390DFF848
:103EA000341690A8FCF76CF9DFF82C1696A8FCF7EE
:103EB00067F911A90DF5E36001F0C4FC030096AAAF
:103EC00090A9039801F0F1FCCDF844043820FFF7E5
:103ED000F9FB0490DFF804169CA8FCF751F9DFF811
:103EE0000016A2A8FCF74CF911A940F264706844CE
:103EF00001F0A8FC0300A2AA9CA9049801F0D5FC3B
:103F0000CDF848043820FFF7DDFB0590DFF8D41525
:103F1000A8A8FCF735F9DFF8D015AEA8FCF730F902
:103F200011A90DF5F66001F08DFC0300AEAAA8A959
:103F3000059801F0BAFCCDF84C043820FFF7C2FB1D
:103F40000690DFF8A815B4A8FCF71AF9DFF8A01559
:103F5000BAA8FCF715F911A940F2FC70684401F009
:103F600071FC0300BAAAB4A9069801F09EFCCDF832
:103F700050043820FFF7A6FB0790DFF87815C0A89B
:103F8000FCF7FEF8DFF87015C6A8FCF7F9F811A9E0
:103F900040F64800684401F055FC0300C6AAC0A9D9
:103FA000079801F082FCCBF834003820FFF78AFB39
:103FB0000890DFF84815CCA8FCF7E2F8DFF84015C8
:103FC000D2A8FCF7DDF811A940F69400684401F08E
:103FD00039FC0300D2AACCA9089801F066FCCBF802
:103FE00038003820FFF76EFB0990DFF81815D8A8C5
:103FF000FCF7C6F8DFF81015DEA8FCF7C1F811A928
:104000000DF50E6001F01EFC0300DEAAD8A9099888
:1040100001F04BFCCDF85C043820FFF753FB0A900D
:10402000DFF8E814E4A8FCF7ABF8DFF8E414EAA83A
:10403000FCF7A6F811A940F62C10684401F002FC28
:104040000300EAAAE4A90A9801F02FFCCBF840008B
:104050003820FFF737FB8346DFF8B814F0A8FCF7E9
:104060008FF8DFF8B414F6A8FCF78AF811A940F627
:104070007810684401F0E6FB0300F6AAF0A9584660
:1040800001F013FCCDF864043820FFF71BFB0B9004
:10409000DFF88814FCA8FCF773F8DFF884140DF53A
:1040A0008160FCF76DF811A940F6C410684401F076
:1040B000C9FB03000DF58162FCA90B9801F0F5FB2B
:1040C000CDF8680413220DF584610FA801F0C1FC3E
:1040D00002006B46D2E900010A0001000CA801F0C1
:1040E000BDFC0100DDF8100A006E01F0EBFC0CA82D
:1040F00001F056FD40F6C410684401F058FD0DF57E
:104100008160FBF7E1FDFCA8FBF7DEFD40F67810CF
:10411000684401F04CFDF6A8FBF7D6FDF0A8FBF7CC
:10412000D3FD40F62C10684401F041FDEAA8FBF7EE
:10413000CBFDE4A8FBF7C8FD0DF50E6001F037FDDF
:10414000DEA8FBF7C1FDD8A8FBF7BEFD40F6940042
:10415000684401F02CFDD2A8FBF7B6FDCCA8FBF714
:10416000B3FD40F64800684401F021FDC6A8FBF706
:10417000ABFDC0A8FBF7A8FD40F2FC70684401F05D
:1041800016FDBAA8FBF7A0FDB4A8FBF79DFD0DF541
:10419000F66001F00CFDAEA8FBF796FDA8A8FBF7B2
:1041A00093FD40F26470684401F001FDA2A8FBF7A2
:1041B0008BFD9CA8FBF788FD0DF5E36001F0F7FC93
:1041C00096A8FBF781FD90A8FBF77EFD40F2CC603E
:1041D000684401F0ECFC8AA8FBF776FD84A8FBF7A5
:1041E00073FD0DF5D06001F0E2FC7EA8FBF76CFDDD
:1041F00078A8FBF769FD40F23460684401F0D7FC11
:1042000072A8FBF761FD6CA8FBF75EFD0DF5BD60C4
:1042100001F0CDFC66A8FBF757FD60A8FBF754FD45
:10422000FFA8FF30A13001F0C2FC5AA8FBF74CFDFB
:1042300054A8FBF749FD0DF5AA6001F0B8FC4EA8A3
:10424000FBF742FD48A8FBF73FFDFFA8FF30093010
:1042500001F0ADFC42A8FBF737FD3CA8FBF734FDAD
:104260000DF5976001F0A3FC36A8FBF72DFD30A8F3
:10427000FBF72AFDFFA8703001F099FC2AA8FBF794
:1042800023FD24A8FBF720FD11A801F090FC0DF5FB
:10429000206D05B0BDE8F08F2DE9F043B9B0040002
:1042A0000D0029000DA8FBF72BFC0100200001F0F8
:1042B00089FC0DA8FBF708FD9A4820600020606685
:1042C000012100226F463800FCF7A8FF2820FFF7E5
:1042D000F9F907000AA801F0E6FC02006946380077
:1042E00001F046FFE0650AA801F05AFC26A801F09B
:1042F0007FFAE06D38908C4927A801F074FF5820B0
:10430000FFF7E0F9070026A913A801F09BFA0100C6
:10431000380001F0DFFF060013A801F048FC31006F
:10432000E06D01F0C7FB814800788DF8000028207F
:10433000FFF7C8F9070007A801F0B5FC02006946BD
:10434000380001F015FF206607A801F029FC784825
:10435000D0E90023CDE9022330003168896888471D
:10436000D0F13E00ADF80C00206E801D02A908229D
:10437000F7F786FA216EE06D01F09CFBE06D01908D
:10438000012201A905A801F064FB0DF10103D0E9A8
:10439000008941464A4602A801F060FB0100200066
:1043A00001F090FB02A801F0FBFB26A801F0FFFB47
:1043B000200039B0BDE8F083FEB588B00400206E5F
:1043C00010F11405280001F0D8F90090280001F040
:1043D000E4F9019001A9684601F0EFF9002801D045
:1043E000012000E00020C0B200281CD0684601F087
:1043F000F2F907003D6828000069C04606001BA3CB
:1044000008AA310002A8D6F800C0DCF804C0E047D2
:1044100002A9686901F0ACF802A8FBF755FC6846F0
:1044200001F0DFF9D6E700220021022001F082FF2F
:104430000BB0F0BD10B504003A482060206E216E2C
:104440000968C9698847E06DE16D0968C9698847ED
:10445000E06D002804D0E06DE16D09688969884746
:10446000200001F0BFFB200010BD00000000000094
:10447000B8FF0408C4FF0408F02C002088100508C9
:10448000C02C0020D0FF0408E81005089010050893
:104490007CDC04089810050894F10408A0100508B5
:1044A00090DC0408A8100508A4DC0408B010050876
:1044B000B8DC0408DCFF0408CCDC0408E8FF0408CE
:1044C000E0DC0408B8100508F4DC0408C010050896
:1044D000A4F10408C8100508B4F10408D0100508B8
:1044E00008DD0408D81005081CDD0408F4FF0408E2
:1044F00004D20408000005081CD204080C000508BA
:1045000030DD04081800050898C8040824000508D0
:1045100034D20408E010050844DD04083000050822
:1045200058DD0408DC88040868DC040856710308B8
:10453000F010050813B50400200001F03BFF01A8AE
:10454000C046C0460100200001F03AFF200016BD21
:1045500080B5954801F040FF01BD70B59CB00400E6
:104560000D002000FBF73CFD0600200001F03EFF9F
:10457000020033002F21684602F0DFF80021684670
:1045800002F082F9010016A8FBF7BAFA0121684689
:1045900002F07AF9010010A8FBF7B2FA2E00049697
:1045A000290006A802F07CF916A97F4802F084F9D8
:1045B00010A902F0C5F904A902F006FA04A802F055
:1045C0000FFA10A8FBF780FB16A8FBF77DFB6846E7
:1045D00002F00EFA30001CB070BD2DE9F84392B025
:1045E00004000D002000FBF7FBFC0600200001F09A
:1045F000FDFE020033002F2103A802F09EF80021E7
:1046000003A802F041F901000CA8FBF779FA012197
:1046100003A802F039F9010006A8FBF771FA624F0E
:104620000CA9380002F0EBF9002801D0012000E0CD
:104630000020C0B200284AD00CA9380002F0F2F9DC
:10464000070006A9380002F021FA002801D0012055
:1046500000E00020C0B2002839D006A9380002F0DE
:104660006FF98046404602F024FA00282FD04046D9
:1046700002F026FA0190C146484602F021FA009065
:10468000484602F030FA029002A9684602F03BFA6E
:10469000002801D0012000E00020C0B2002816D080
:1046A000684602F03EFA060030682968884206D162
:1046B0000199404602F03BFA0020286007E0002103
:1046C00001A802F048FA684602F04DFADCE706A8B5
:1046D000FBF7FAFA0CA8FBF7F7FA03A802F088F93F
:1046E00013B0BDE8F0832DE9F84185B004002E4EEB
:1046F00014F51071300002F082F9002801D0012079
:1047000000E00020C0B200284BD014F5107130003A
:1047100002F088F9060014F51671300002F0B6F9BF
:10472000002801D0012000E00020C0B2002838D0CD
:1047300014F51671300002F01DFA0700B846404625
:1047400002F0BEF90090404602F0CDF9049004A9B1
:10475000684602F0D8F9002801D0012000E00020CE
:10476000C0B200281DD0684602F0DBF9050004F253
:104770000910019094F809028DF80800B4F8380285
:10478000ADF80A00B4F83A02ADF80C0001A890E8C0
:104790000E0015F1080002F021FA684602F0E3F974
:1047A000D5E706B0BDE8F081C82F002010B50400A1
:1047B000200002F029FA200010BD3000F8B5BEB08C
:1047C000DFF8204627A529002000FBF7D9FCDFF8F9
:1047D000186629003000FBF7D3FC16F118072900F2
:1047E0003800FBF7CDFC16F1300002F013FADFF8C9
:1047F000FC0502F01CFADFF8F8552A00DFF8F41582
:1048000002A802F01EFA2A00DFF8EC150EA802F04A
:104810002DFA2A00DFF8E4151AA802F027FA2A0078
:10482000DFF8DC1526A802F00CFADFF8D825DFF84F
:10483000D81532A802F02FFA052202A9684602F024
:104840003FFAD0E9002311001A00DFF8C00502F09A
:104850003EFA05233022DFF8B81502A802F04DFA1F
:104860003FB0F0BD00000000F8B5ADF5407DDFF8C9
:10487000A4653100B4A8FBF783FC0100DFF86C45A8
:10488000200002F04DFA07006820FEF71BFF05002C
:104890003100BAA8FBF774FC0100280002F083FE87
:1048A0003860BAA8FBF710FAB4A8FBF70DFADFF8E6
:1048B00068653100A8A8FBF763FC0100200002F046
:1048C0002FFA07006820FEF7FDFE05003100AEA8B4
:1048D000FBF756FC0100280003F019F83860AEA879
:1048E000FBF7F2F9A8A8FBF7EFF9DFF83065310024
:1048F0009CA8FBF745FC0100200002F011FA07001C
:104900006020FEF7DFFE05003100A2A8FBF738FCAF
:104910000100280003F098F83860A2A8FBF7D4F94A
:104920009CA8FBF7D1F9DFF8F864310090A8FBF7F9
:1049300027FC0100200002F0F3F907006820FEF7D1
:10494000C1FE0500310096A8FBF71AFC0100280003
:1049500003F0CEFB386096A8FBF7B6F990A8FBF7FA
:10496000B3F9DFF8C064310084A8FBF709FC01004B
:10497000200002F0D5F907006420FEF7A3FE050031
:1049800031008AA8FBF7FCFB0100280003F02EFD94
:1049900038608AA8FBF798F984A8FBF795F9DFF847
:1049A0008864310078A8FBF7EBFB0100200002F0DF
:1049B000B7F907006820FEF785FE050031007EA8E4
:1049C000FBF7DEFB0100280004F044F938607EA804
:1049D000FBF77AF978A8FBF777F9DFF81464310070
:1049E0006CA8FBF7CDFB0100200002F099F907004D
:1049F0008820FEF767FE0500310072A8FBF7C0FBB8
:104A00000100280004F090FB386072A8FBF75CF905
:104A10006CA8FBF759F9DFF81464310060A8FBF7C4
:104A2000AFFB0100200002F07BF907006820FEF7D1
:104A300049FE0500310066A8FBF7A2FB0100280033
:104A400004F079FD386066A8FBF73EF960A8FBF733
:104A50003BF9DFF8DC63310054A8FBF791FB010060
:104A6000200002F05DF907006820FEF72BFE05002C
:104A700031005AA8FBF784FB01002800FFF70CFC6B
:104A800038605AA8FBF720F954A8FBF71DF9DFF8A6
:104A9000A463310048A8FBF773FB0100200002F07B
:104AA0003FF907006820FEF70DFE050031004EA813
:104AB000FBF766FB0100280005F000F938604EA8FE
:104AC000FBF702F948A8FBF7FFF8DFF86C63310049
:104AD0003CA8FBF755FB0100200002F021F907007C
:104AE0006820FEF7EFFD0500310042A8FBF748FB08
:104AF0000100280005F028FD386042A8FBF7E4F823
:104B00003CA8FBF7E1F8CD4E310030A8FBF738FBAD
:104B10000100200002F004F907006820FEF7D2FD32
:104B20000500310036A8FBF72BFB0100280006F03A
:104B3000A9F8386036A8FBF7C7F830A8FBF7C4F827
:104B4000B04E310024A8FBF71BFB0100200002F04F
:104B5000E7F80700A020FEF7B5FD050031002AA800
:104B6000FBF70EFB0100280006F02DFB38602AA899
:104B7000FBF7AAF824A8FBF7A7F8B14E310018A854
:104B8000FBF7FEFA0100200002F0CAF807006820D7
:104B9000FEF798FD050031001EA8FBF7F1FA0100B1
:104BA000280006F086FE38601EA8FBF78DF818A8CE
:104BB000FBF78AF88AA631000CA8FBF7E1FA01009E
:104BC000200002F0ADF807006820FEF77BFD05002D
:104BD000310012A8FBF7D4FA0100280007F020F9F1
:104BE000386012A8FBF770F80CA8FBF76DF8954D2C
:104BF00029006846FBF7C4FA0100200002F090F893
:104C000006006820FEF75EFD0400290006A8FBF7F9
:104C1000B7FA0100200007F00DFA306006A8FBF794
:104C200053F86846FBF750F800F056F80DF5417D53
:104C3000F0BD38B50400844D2100280007F050FB7A
:104C40000020287081490868002804D00868096895
:104C50000968496A884731BD80B57B4800780028DB
:104C600001D0002001E000F002F8C0B202BDF8B5AA
:104C7000764C206800282DD0206821680968C96A10
:104C80008847C0B2002801D0012000E00020C0B257
:104C900000281FD06C4D2E1D544F3100380007F0F6
:104CA0002CFB002801D0012000E00020C0B2002829
:104CB00010D02068664908603100380007F030FBEA
:104CC00000682060E969206800F096FF01202870E4
:104CD000012000E00020F2BD80B586B04D49684655
:104CE000FBF74EFA002100F008F86846FAF7ECFFEF
:104CF00001205549087007B000BDF8B504000D004B
:104D00003A4E2100300007F0F8FA00280FD04F4F3C
:104D100038684F4908602100300007F001FB006847
:104D200038602900386800F067FF386800E000202C
:104D3000F2BD70B586B004000D00344E290030007D
:104D400007F032FB002808D02900300007F03FFBB5
:104D500001006846FAF7D4FE03E025496846FBF7F0
:104D60000FFA69462000FEF7C8FD6846FAF7ACFF67
:104D700006B070BD70B586B004000D00280000F0CC
:104D800013FA060030003168096988470100684657
:104D9000FAF7B6FE01002000FFF7CBFF6846FAF7EE
:104DA00093FF06B070BD38B586B00400294D2900C8
:104DB0000E4807F0A2FA002804D029006846FAF746
:104DC0009FFE03E013496846FBF7DAF969462000C5
:104DD000FEF793FD6846FAF777FF07B030BD000095
:104DE00043440000AC2D0020C02C0020F02F0020F8
:104DF000AC0205080014050808140508101405087D
:104E000018140508B8020508C4020508F82F002088
:104E100095A30308E0130508E813050894020508A4
:104E2000F0130508A002050804F4040814F40408AB
:104E3000B0C9040824F40408F813050834F404087D
:104E400044F4040854F40408A82D00204430002041
:104E500048300020F02C002010B50400201DFAF787
:104E600033FF200010BD30002DE9F043CDB0DFF856
:104E7000B465310035A8FBF783F98AA739003BA850
:104E8000FBF77EF9DFF8A085414641A8FBF778F9EA
:104E90000FF21429494647A8FBF772F9042235A9F5
:104EA00003A807F0C8FAD0E900456B4621002A00A4
:104EB000DFF8780507F0C6FA04231822DFF870152A
:104EC00035A801F01AFFDFF86C25310005A807F0BE
:104ED000CEFADFF86425390011A807F0DDFADFF813
:104EE0005C2541461DA807F0ECFADFF85425494639
:104EF00029A807F0FBFA042205A901A801F0E0FEA9
:104F0000D0E9002311001A00DFF8380501F0DFFEB8
:104F100004233022DFF8301505A801F0EEFEDFF89B
:104F20002C0507F0F8FA4DB0BDE8F08380B500F02D
:104F3000A4F901BD78B58FB005000C002000FBF787
:104F40004FF80600200001F051FA020033002F2133
:104F5000684601F0F2FB684607F0E7FA03283BD108
:104F60000021684601F090FC010009A8FAF7C8FD8D
:104F7000010003A807F0F3FA09A8FAF7A5FE89A132
:104F800003A8FBF7EEF8C0B2002801D0012000E032
:104F90000020C0B200281CD003A92800FAF7B0FDF9
:104FA0000121684601F070FC010015F11800FAF7C4
:104FB000A7FD0221684601F067FC010015F13000F1
:104FC000FAF79EFD03A8FAF77FFE684601F010FD90
:104FD00014E003A8FAF778FE72A631002800FBF768
:104FE000CFF8310015F11800FBF7CAF8310015F1C0
:104FF0003000FBF7C5F8684601F0FAFC10B070BD50
:1050000078B595B004000D002800FAF7E9FF060016
:10501000280001F0EBF9020033002F21684601F06F
:105020008CFB03A807F0DCFB684607F07EFA032838
:1050300020D10021684601F027FC01002000FAF78A
:105040005FFD0121684601F01FFC010014F118000A
:10505000FAF756FD0221684601F016FC010014F132
:105060003000FAF74DFD03A807F0C9FB684601F0D0
:10507000BFFC14E04BA631002000FBF781F83100A3
:1050800014F11800FBF77CF8310014F13000FBF745
:1050900077F803A807F0B3FB684601F0A9FC16B047
:1050A00070BD000052414D004344000038B586B049
:1050B000040021006846FAF723FD07F077FA05009F
:1050C0006846FAF701FE280080B207B030BD2DE92E
:1050D000F04190B005000E001700DFF87043390072
:1050E000200007F09BFB002801D0012000E00020F9
:1050F000C0B200284FD03900200007F0A2FB010009
:1051000002A807F0D2FBDFF81C8341460AA8FBF790
:1051100037F8010002A807F0DFFB04000AA8FAF73D
:10512000D3FD002C01D0012000E00020C0B20028F7
:105130002ED0414604A8FBF723F8010002A807F08F
:10514000DEFB0100684607F00EFC04A8FAF7BCFD80
:105150003100684607F01EFC002801D0012000E065
:105160000020C0B2002810D03100684607F025FCAE
:10517000046821002800226892689047684607F07A
:1051800050FC02A807F054FC09E0684607F049FC0F
:1051900002A807F04DFCA2A12800FAF7F1FF10B019
:1051A000BDE8F0810000000078B59BB00500290043
:1051B00004A8FFF7BFFEA54C04A9200007F02EFBB2
:1051C000002801D0012000E00020C0B200283BD020
:1051D00004A9200007F035FB010002A807F065FBD9
:1051E0000AA907F079FB002801D0012000E0002087
:1051F000C0B2002825D00AA902A807F080FB010050
:10520000684607F0B0FB10A907F0C4FB002801D0E6
:10521000012000E00020C0B200280FD010A968468D
:1052200007F0CBFB0468684607F0FBFB02A807F019
:10523000FFFB04A807F0E3FA20001CE0684607F033
:10524000F0FB02A807F0F4FB16A81421F6F708FB00
:105250000C20FEF737FA040016A983B06846142222
:10526000F6F71EFB0EBC200007F006FC060004A8A3
:1052700007F0C5FA30001CB070BD2DE9F0439DB0B9
:105280007349684607F0CEFC0098002800F0C480FF
:105290000199009801F0B0F8019B009A2F2108A80D
:1052A00001F04BFA08AC200007F0DAFC0390200074
:1052B00007F0E6FC079007A903A807F0F1FC002817
:1052C00001D0012000E00020C0B2002800F0A18041
:1052D00003A807F0F3FC0600300001F087F8010096
:1052E000684607F09FFC0098002800F08E80019926
:1052F000009801F081F84D4C200007F0E5FC029089
:10530000200007F0F1FC069006A902A807F0C8FCEF
:10531000002801D0012000E00020C0B2002874D095
:1053200002A80068C04607003900464807F04FF859
:10533000010017A8FAF7E4FB01F058F801F07EF835
:10534000C0B2002801D0012000E00020C0B2002837
:1053500054D0404AD2E90001CDE9040104A801F08B
:105360007CF80598002801D0012000E00020C0B2A0
:10537000002843D02B493800FBF703FBC0B20028BC
:1053800001D0012400E000242000C0B200280AD08F
:10539000390011A8FAF7B4FB059A049907F0CDFC7F
:1053A0008146002007E0059B049A3900300007F091
:1053B000ABFC804600202000C0B2002801D04D4642
:1053C00000E04546E4B2002C02D011A8FAF77CFCBC
:1053D000002DC3D029000BA82A681268904731001D
:1053E0001A4807F0BFFC390007F000FD0BA907F0D1
:1053F00041FD05600BA8FAF767FCAFE717A8FAF7BD
:1054000063FC02A807F07AFD7EE703A807F07AFDA7
:1054100051E708A801F0ECFA00201DB0BDE8F083C8
:10542000312E30001810050828100508942F002090
:10543000C9FC0008301005083810050840100508A0
:1054400048100508D02F002095A30308D82F00206E
:10545000201005085010050810B50400200000F0C9
:10546000DBF810BD10B50400200000F02EF9542127
:105470002000FAF753FA10BD10B50400200000F028
:1054800024F910BD1CB5040094F85000C00602D5E4
:10549000E06C009007E02079002802D0E06C0090DA
:1054A00001E0A06C00906946200000F03DF86946DC
:1054B000200000F001F813BDF0B58DB004000D0020
:1054C000B4F90660B4F9087094F85000000707D5E5
:1054D000A189B4F84400091A022091FBF0F00600FB
:1054E00014F12C0101A8FAF70BFB14F1140107A821
:1054F000FAF706FB00902B883A0012B2310009B28D
:1055000001A8FAF7ADFC07A8FAF7DEFB01A8FAF745
:10551000DBFB0DB0F0BD1CB50400200000F056F818
:105520000090BDF8020016BD38B584B004000D002F
:1055300094F85000400719D4200000F047F800907C
:10554000B4F90600ADF804002089ADF80600BDF8F6
:105550000000ADF80800BDF80200ADF80A00688848
:10556000ADF80C0001A807C8FAF73EFC05B030BD45
:1055700038B58CB004000D00290014F12C00FAF7A6
:1055800002FD002819D0290014F12C00FAF709FDBA
:1055900014F12C016846FAF7B3FA14F1140106A8C5
:1055A000FAF7AEFA01006846FAF7F4FA606406A862
:1055B000FAF78AFB6846FAF787FB0DB030BD10B5E5
:1055C0000C0014F12C01FAF79BFA10BD30B58DB028
:1055D0000400206D012816D114F12C0101A8FAF75E
:1055E0008FFA14F1140107A8FAF78AFA010001A84A
:1055F000FAF7D0FA050007A8FAF766FB01A8FAF750
:1056000063FB280006E0A089ADF800006089ADF8D2
:10561000020000980DB030BD78B595B004000D00C3
:1056200028788DF800000DF1020015F140010822E4
:10563000F6F726F9684690E80E002000FAF75AFDC2
:105640002C4820602AA6310015F11C00FAF789FDCC
:10565000C0B2002806D015F11C0114F11400FAF7AD
:105660004FFA04E0244914F11400FAF789FD3100DF
:1056700014F12C00FAF784FD14F12C0109A8FAF7B3
:105680003FFA14F114010FA8FAF73AFA010009A839
:10569000FAF780FA60640FA8FAF716FB09A8FAF780
:1056A00013FBA86BA064E86BE064686B2065291DA0
:1056B00003A8FAF725FA01002000FFF759FF03A815
:1056C000FAF702FB200016B070BD10B504000948BF
:1056D000206014F12C00FAF7F7FA14F11400FAF72D
:1056E000F3FA2000FAF70CFD200010BD00000000C6
:1056F00000000000F8A7040864FF040870B5040067
:105700000D00AC4237D0002201212000FAF79DFDA8
:105710002800FAF735FF06002000FAF731FF3100C4
:10572000FAF734FF002806D02800FAF729FF010015
:10573000200007F0EEFB2800FAF722FF0600200009
:10574000FAF71EFF3100FAF721FF00280CD02800DD
:10575000FAF7A6FE06002800FAF792FE32000100D2
:10576000200007F0E0FB06E02800C046C04601002C
:105770002000FEF7E9F8200070BD38B504002000D5
:1057800007F0E4FB0500200007F0E6FB2A000168B3
:10579000684607F0E7FB006832BD38B5040020001A
:1057A00007F0D4FB0500200007F0E7FB2A000168A2
:1057B000684607F0D7FB006832BD38B504000D001D
:1057C0002900200007F0E0FB002801D1012000E0C3
:1057D0000020C0B232BD10B5040020000068C046F1
:1057E00010BD10B50400200007F0EDFB200010BD37
:1057F00010B50400002020700DA1201DFAF7C0FC98
:105800000C4914F11C00FAF7BBFC012060630A4844
:105810000068A06309480068E06314F1400008498B
:105820000822F6F72DF80020A064200010BD00BF6C
:1058300000000000ACFF0408701505087415050889
:105840007010050838B504000D0028782070291D57
:10585000201DFAF755F915F11C0114F11C00FAF797
:105860004FF9686B6063A86BA063E86BE06314F1A9
:10587000400015F140010822F6F702F8A86CA06478
:10588000200032BD10B50400200000F06DF8382172
:105890002000FAF743F810BD02000020704710B551
:1058A0000C004449FAF76CFC10BD2DE9F841C5B075
:1058B00004000D0016001F002000FAF715FC3E48FA
:1058C00020605420FDF7FEFE8046390032A8FFF725
:1058D000B9FF01004046FFF79FFE606132A800F06B
:1058E00066F9310014F11800FAF70AF95420FDF7AF
:1058F000E9FE804639001FA8FFF7A4FF01004046DB
:10590000FFF78AFE20631FA800F051F95420FDF72D
:10591000D9FE804639000CA8FFF794FF01004046ED
:10592000FFF77AFE60630CA800F041F9290006A891
:10593000FAF7E6F80100206BFFF71AFE06A8FAF75F
:10594000C3F93000FFF730FC20612169684607F099
:10595000B2F869466069FFF70BFE6846FAF7B4F9DA
:10596000200046B0BDE8F08110B504001248206068
:10597000206B002804D0206B216B09688969884757
:105980006069002804D0606961690968896988478D
:10599000606B002804D0606B616B09688969884777
:1059A00014F11800FAF790F92000FAF7A9FB20008B
:1059B00010BD0000F4020508ECAA04081CB50400A0
:1059C000206BFFF703FE0090BDF8020016BD10B576
:1059D00086B004002079216B08712089216B088131
:1059E000E088216BC880206B216B096809688847B3
:1059F000206900280DD020796169087120896169CA
:105A000008814B206169C88060696169096809681B
:105A10008847206900281AD02169684622691268DF
:105A2000D26890476946606BFFF7A2FD6846FAF7B7
:105A30004BF92079616B08712089616B08816920BD
:105A4000616BC880606B616B09680968884706B044
:105A500010BD016001EB82034360704776B504001E
:105A60001D002900200007F0B2FA68464068C046D1
:105A7000060068460068C04601003200200007F0BA
:105A8000ACFA200076BD760010B50400200000F0CE
:105A900057F810BD10B50400200000F072F8202166
:105AA0002000F9F73BFF10BD10B50400200000F006
:105AB00068F810BD13B5040001A914F1140007F033
:105AC00099FA13BD70B504000D002800FFF765FEBC
:105AD00006002800FFF751FE0100320014F1140007
:105AE00007F00FFB70BD3EB5040014F1140528004B
:105AF000FFF743FE00902800FFF74FFE019001A939
:105B00006846FFF75AFE002801D0012000E000207F
:105B1000C0B200280FD06846FFF75DFE0500286878
:105B2000002804D028682968096889698847684678
:105B3000FFF757FEE3E714F1140007F0F2FA37BD60
:105B40003EB504000D002000FAF7CEFA134820609D
:105B500014F1140000F0A7F82900684607F0FCFAD9
:105B600001002000FFF7AEFF684600F019F82000A2
:105B70003EBD10B5040014F1140007F024FB80B200
:105B800010BD10B504000548206014F1140000F0A9
:105B900007F82000FAF7B4FA200010BDA4A5040805
:105BA00010B50400200007F01DFB200010BD10B54B
:105BB000040014F11C00FAF787F8201DFAF784F8A6
:105BC000200010BD10B50400200000F023F810BD27
:105BD00010B50400200000F03DF85C212000F9F72A
:105BE0009DFE10BD10B50400200000F033F810BD7C
:105BF000704702000020704738B504000D00A56210
:105C0000012084F8200020002168096A884731BDFE
:105C1000704770473EB504000D00684600F043F839
:105C200001002000FFF730FF6846FFF7B9FF134877
:105C30002060002084F820000020A062290014F1D8
:105C40002C00F9F75DFF0CA114F14400FAF798FA63
:105C500020003EBD10B504000848206014F1440047
:105C6000FAF732F814F12C00FAF72EF82000FFF7BB
:105C70001BFF200010BD000000000000448B040842
:105C800010B5040020002168896A8847002084F844
:105C9000200010BD90F82000002801D1012000E074
:105CA0000020C0B270471CB504006946200007F010
:105CB0008EF9200016BD690010B50400200000F028
:105CC0008BFA28212000F9F729FE10BDFEB504004B
:105CD0000D002000FFF74DFF80B2002801D1012008
:105CE00000E00020C0B2002801D0002044E014F100
:105CF00014073800FFF741FD00903800FFF74DFD15
:105D0000019001A96846FFF758FD002801D0012045
:105D100000E00020C0B2002818D06846FFF75BFD05
:105D20000600290030683268126852689047C0B295
:105D3000002801D0012000E00020C0B2002801D0DE
:105D4000002019E06846FFF74CFDDAE728680128D3
:105D500011D16868102802D0802805D009E0200001
:105D600000F00BF8002007E0200000F062F80020AF
:105D700002E0002000E00020FEBD70B5040020001D
:105D8000FFF7F7FE80B2002801D1012000E00020DB
:105D9000C0B200284CD10025618C14F1140007F02A
:105DA0005EFA002100680171668C761E002E01D516
:105DB000002006002000FFF7DCFE05002800451E3D
:105DC00080B2002834D0280080B28642F6D1290063
:105DD00089B214F1140007F042FA006840790028F3
:105DE00001D0012000E00020C0B2002816D0300011
:105DF000461E0128E2DA2000FFF7BBFE80B202282F
:105E000001DB012000E000206084618C14F11400AB
:105E100007F025FA01210068017109E06684290074
:105E200089B214F1140007F01AFA01210068017117
:105E300070BD2DE9FC4704002000FFF79AFE050025
:105E4000280080B2002851D000275FF00009618C43
:105E500014F1140007F003FA002100680171B4F88E
:105E6000228018F101084046290080B289B2884298
:105E700001D1681E8046002714F1140A5046FFF72E
:105E80007CFC00905046FFF788FC019001A9684611
:105E9000FFF793FC002801D0012000E00020C0B2F1
:105EA000002823D06846FFF796FC060040463900DC
:105EB00080B289B2884214D13068407900280AD073
:105EC000404610F10108290080B289B2884208D109
:105ED000681E804605E0A4F8228001203168087120
:105EE00004E07F1C6846FFF77CFCCFE7BDE8F38742
:105EF00010B5040014F1140007F065F9002806D06D
:105F0000618C14F1140007F0B4F9006800E000207F
:105F100010BD2DE9FF4104002000FFF72AFE80B2EA
:105F2000002801D1012000E00020C0B200286ED17D
:105F3000684600210022002380E80E00B4F9060024
:105F4000ADF800002089ADF80200A089ADF804008A
:105F50006089ADF80600684607C8F9F745FF2000DC
:105F600000F0ABF80500A68C27893000E18C80B2E8
:105F7000884249D0310089B214F1140007F06FF95A
:105F8000E1880068C180310089B214F1140007F083
:105F900066F98046200007F07DF9A189081AD8F833
:105FA00000108881310089B214F1140007F057F90C
:105FB000791C00680181310089B214F1140007F0E6
:105FC0004EF98046310089B214F1140007F047F908
:105FD0000068016889688847D8F800104881310056
:105FE00089B214F1140007F03AF900684089C71922
:105FF000310089B214F1140007F031F9006801682A
:1060000009688847761CB0E7200000F002F8BDE878
:10601000FF812DE9FF41040094F82100002848D0B9
:106020002000FFF7A6FD0500280000B2002805D0DB
:106030006089290009B290FBF1F600E06689300022
:1060400080B2022801DA0226FFE7280000B2401ED3
:1060500000280CD06189300080B2091A4FF47A70A0
:106060004143280000B2401E91FBF0F700E00027FA
:10607000B4F80880390089B2608C41434FF47A70DB
:1060800091FBF0F010EB08086846504991E80C10BD
:1060900080E80C10E188B4F90C004118881EADF8B6
:1060A0000000ADF80280ADF80660684607C8F9F751
:1060B0009BFEBDE8FF8140897047F8B50400A08CC5
:1060C000618C884201D3608CA084608CE18C884212
:1060D0000FD32000FFF74DFD618C80B2814201D3C8
:1060E000012000E00020C0B2002802D1A08C401C9A
:1060F000A084A68C002700256089290089B28842E7
:1061000021D32000FFF735FD310089B280B28142F2
:1061100001D2012000E00020C0B200280DD03100E3
:1061200089B214F1140007F09AF8006801688968D0
:1061300088474519761C7F1CDEE7A08C3818E08460
:10614000380080B209E0380080B2002800D07F1EFD
:10615000A08C3818E084380080B2F2BD10B504007D
:106160002000FFF7C0FC0020A084E084608410BD04
:1061700078B585B004000D001600310002A806F0C5
:10618000EBFF01002000FFF77FFC02A8FFF708FDEE
:106190000F482060002084F82000287884F821002F
:1061A000002060840020A0840120E0840020207171
:1061B0000848D0E90023CDE90023A01D6946082244
:1061C000F5F75EFB200006B070BD0000B40C0508BA
:1061D0008CA20408D814050810B504002000FFF7AD
:1061E00063FC200010BD38B504000D00290020001C
:1061F000FAF7D5FB32BD704710B50400200000F05F
:1062000091F858212000F9F789FB10BDF8B592B03C
:106210000400B4F90600ADF804002089ADF80600CA
:10622000B4F84400ADF80800B4F84600ADF80A0030
:10623000606D851D606D00280DD0B5F90000ADF8CA
:1062400004006888ADF80600B4F84600ADF8080010
:10625000E888ADF80A0003A8304991E84C0080E8CE
:106260004C00BDF90400ADF80C00BDF80600ADF817
:106270000E00BDF80A00ADF81000BDF80800ADF83A
:10628000120003A807C8F9F7AFFDBDF80A10B4F86B
:106290004400091A022091FBF0F6BDF9067014F1D2
:1062A0002C0106A8F9F72CFC14F114010CA8F9F73D
:1062B00027FC009000233A0012B2310009B206A870
:1062C000F9F7CEFD0CA8F9F7FFFC06A8F9F7FCFCDE
:1062D00013B0F0BD30B593B004000D00290068463E
:1062E000FFF7B0FA01002000FFF7B6F86846FFF7A5
:1062F0005EFC0B482060A86C6065206D50F02000AB
:1063000020650020E08000202081B4F84400A081B6
:10631000B4F846006081200013B030BD28FF0408A7
:10632000B0A7040810B504002000FFF7A5F820006E
:1063300010BD704770B40C241B4B1D4D1E68664386
:10634000A8511E6866432E4471601E6804FB06F463
:106350002C44A2601C68641C1C601C68202C01D3A7
:1063600000241C6070BC704730B401000F4A1068F4
:106370000D4B1B68984201D1002012E00C4B1468B1
:106380000C20444303EB040090E8380081E8380017
:106390001068401C10601068202801D30020106095
:1063A000012030BC704700002C300020303000202D
:1063B000A426002010B50400200006F074FF10BDD4
:1063C00038B504000D002800C046C04601006A46EA
:1063D000200006F070FF31BD1CB504000DF1010274
:1063E0006946200006F087FF200016BD10B50400A6
:1063F0002000FAF7CEFB10BDDFF87C241060DFF838
:106400007C2411607047F8B505002E00DFF86804A1
:1064100007683100380006F074FF0400002C0BD030
:106420002800F6F7AFFA044420780D2800D1641C48
:1064300020780A2800D1641C2000F2BD10B50400A9
:106440002000FFF7E0FFDFF838140860002801D0D3
:10645000012000E00020C0B210BD7CB50600002085
:106460000090684600F05EF810F1030F02D010F1C2
:10647000020F06D1DFF80C14D1E90023C6E900238E
:106480000CE001007FF00302891A01D0C91E00D17F
:10649000E5E700990C000500C6E9004573BD30B47E
:1064A000020000231068451C1560007804002000DD
:1064B000C0B2002804D00A2808D00D2803D008E074
:1064C0005FF0FF300FE07FF001000CE07FF0020092
:1064D00009E05B1C20000D00C0B2EDB2A84201D162
:1064E000180000E0DEE730BC704700783B2801D19F
:1064F000012000E00020C0B2704700785B2801D185
:10650000012000E00020C0B270470200491E0029AF
:1065100006D01000421C00783D28F7D1002000E092
:1065200001207047F8B50400DFF854733D683868FF
:1065300000900026684600F052F80600002E01D4B4
:10654000012000E00020C0B200283AD00098386056
:10655000012E33DB2800FFF7C8FF002801D00120FF
:1065600000E00020C0B2002804D0002020605FF0CE
:10657000FF302AE02800FFF7C0FF002801D00120EB
:1065800000E00020C0B2002804D0002020607FF08E
:1065900001001AE031002800FFF7B7FF002801D002
:1065A000012000E00020C0B2002804D000202060BC
:1065B0007FF0030009E02560300006E00098050048
:1065C000B8E7002020607FF00200F2BD0168097882
:1065D0000A2901D1012000E00020C0B2704770B547
:1065E00005000026A54800682A68A3490968521AD0
:1065F000801A00281ED02868411C296000780400F9
:106600002000C0B20A2811D00D2811D12800FFF7B0
:10661000DDFF002801D0012000E00020C0B20028EA
:1066200002D02868401C2860300005E0300003E0FC
:10663000761CD7E77FF0020070BD70B40300002520
:106640001068461E166000280DD06D1C0868461C98
:106650000E600078040020001E00C0B2F6B2B04206
:10666000EED1280001E05FF0FF3070BC70472DE9EB
:10667000F84386B004000D0016001F00D6F8008015
:106680003A0031002800C0B2FFF7D7FF8146B9F1C8
:10669000010F0DDBB9F1010241466846F9F70FFD24
:1066A00001002000FDF729F96846F9F70DFB03E02A
:1066B00070A12000F9F764FD07B0BDE8F0832DE973
:1066C000F84187B004000D0016000096370029003D
:1066D000C9B26846FFF7E3FE8046B8F1010F0DDB53
:1066E000B8F10102390001A8F9F7E9FC0100200026
:1066F000FDF703F901A8F9F7E7FA03E05DA120002F
:10670000F9F73EFD08B0BDE8F08170B40300002544
:1067100010780400521C20000E00C0B2F6B2B04245
:1067200004D16D1C9D4201D1100004E02000C0B2D4
:106730000A28EDD1002070BC7047FEB58CB0040073
:106740000D00200006F0F3FD4AA16846F9F718FD98
:106750000DAE0EAB32002900C9B206A8FFF787FFC5
:1067600006A96846FEF7CAFF0E9810F1010F01D086
:10677000012700E0002706A8F9F7A6FAFFB2002FCC
:1067800004D06946200006F0DAFDE2E76846F9F732
:106790009BFA0FB0F0BD2DE9F0478CB007000C005C
:1067A00015001E00306810F1010F02D0306800287B
:1067B00007D17FF0010030602EA13800F9F7E0FC2E
:1067C00027E0D5F80080D6F800903200290020009C
:1067D000C0B2FFF732FF8246BAF1010F0DDBBAF10A
:1067E0000102414606A8F9F76AFC01003800FDF7EE
:1067F00084F806A8F9F768FA0BE04A46414668466D
:10680000F9F75DFC01003800FDF777F86846F9F705
:106810005BFA0CB0BDE8F087FEB58CB004000D004B
:10682000200006F084FD13A16846F9F7A9FC0DAE1F
:106830000EAB32002900C9B206A8FFF7ACFF06A9CB
:106840006846FEF75BFF0E9810F1020F01D001279A
:1068500000E0002706A8F9F737FAFFB2002F04D0AE
:106860006946200006F06BFDE2E76846F9F72CFA6E
:106870000FB0F0BD000000003430002038300020A0
:106880003C300020D013050838B504000D0020006E
:1068900006F0DFFD01681820454301EB050032BD1D
:1068A00038B504000D002000FFF784FD290020000A
:1068B00006F0D5FD200032BD78B585B004000D008E
:1068C0002900200006F0F5FD0290200006F003FEEE
:1068D000049004A902A806F00EFE002816D102A812
:1068E0000068C0460100200006F00EFE06002000F1
:1068F00006F015FE32002900FAF795F9002801D1BB
:10690000012000E0002090F0010000E00120C0B272
:1069100000280CD0290003A8FAF7C6F901A80090B6
:1069200003AB064A0299200006F0FFFD029002A880
:1069300006F020FE183006B070BD00BF2626030802
:1069400078B585B004000D002900200006F01AFE7D
:106950000290200006F028FE049004A902A806F088
:1069600033FE002816D102A80068C04601002000AE
:1069700006F033FE0600200006F03AFE3200290041
:10698000FAF751F9002801D1012000E0002090F031
:10699000010000E00120C0B200280CD0290003A8AB
:1069A000FAF782F901A8009003AB064A0299200089
:1069B00006F024FE029002A806F045FE183006B04C
:1069C00070BD00BF2626030838B504000D00200066
:1069D00006F041FE2A000100200006F04CFE31BD09
:1069E00010B5040014F10800FDF7E0FE200010BD12
:1069F00010B50400200006F063FE200010BDFEB5B7
:106A000006000F003A003100684606F098FEDDE906
:106A10000045002000906A462900200006F097FEFD
:106A20000098FEBD7CB504000D002900200006F092
:106A300040FD0090200006F04EFD019001A968463F
:106A400006F059FD002816D168460068C0460100CE
:106A5000200006F059FD0600200006F060FD32001F
:106A60002900FAF7E0F8002801D1012000E0002019
:106A700090F0010000E00120C0B2002801D0F9F739
:106A800029FE684606F076FD183076BDFEB5060094
:106A90000F003A003100684606F066FEDDE9004569
:106AA000002000906A462900200006F065FE00984C
:106AB000FEBD10B50400200006F06BFE006810BD9E
:106AC00038B50400200006F06BFE006806F06EFE8C
:106AD0000500200006F070FE02002968684606F0F6
:106AE00071FE006832BD38B50400200006F064FE77
:106AF0000500200006F054FE2A000168684606F0F2
:106B000061FE006832BD38B504000D002900200088
:106B100006F063FE002801D1012000E00020C0B291
:106B200032BD10B50400200006F060FE10BD32B585
:106B300004000021684606F05FFE0100200006F018
:106B400063FE05002900200006F084FE0099200065
:106B500006F0AFFE32BD38B504002568200000F015
:106B600002F8280032BD10B50400200006F0AEFE89
:106B7000200010BD7CB504000D002900200006F0A7
:106B800001FD0090200006F00FFD019001A968466C
:106B900006F01AFD002816D168460068C0460100BC
:106BA000200006F01AFD0600200006F021FD32004C
:106BB0002900FAF738F8002801D1012000E0002070
:106BC00090F0010000E00120C0B2002801D0F9F7E8
:106BD00081FD684606F037FD183076BD3EB50400ED
:106BE000200006F07CFE002801D0F9F7D1FD20003E
:106BF000406AC04605006846C046C04601002800FD
:106C00002A689268904737BD10B50400200006F04E
:106C100072FE10BD1CB5040069462000F9F70FFB99
:106C2000002200212000F9F710FB200016BD1CB542
:106C300004000DF101026946200006F063FE200009
:106C400016BD70B504000D0016002800C046C046F1
:106C500001002000F9F794FA3000C046C046010058
:106C600014F11800F9F78CFA200070BD70B504001B
:106C70000D0016002800C046C04601002000F9F7AC
:106C80007FFA3000C046C046010014F11800F9F741
:106C900077FA200070BD70B504000D0016002800C2
:106CA000C046C04601002000F9F76AFA3000C0462D
:106CB000C046010014F11800F9F762FA200070BD17
:106CC0000160302303FB02F30B444360704737B588
:106CD00004000DF101026946200006F019FE01A82A
:106CE0004068C046050001A80068C04601002A00AF
:106CF000200006F013FE20003EBD2DE9F0411646AF
:106D0000044673430D46E7187642A046B84503D2C1
:106D100037443846A847F9E7A4F10800BDE8F081F8
:106D200078B585B004000D002900200006F007FEAC
:106D30000290200006F015FE049004A902A806F0B7
:106D400020FE002816D102A80068C04601002000DD
:106D500006F020FE0600200006F027FE3200290083
:106D6000F9F761FF002801D1012000E0002090F038
:106D7000010000E00120C0B200280FD02800C0466A
:106D8000C046010003A8F9F757FF01A8009003AB24
:106D9000054A0299200006F00EFE029002A806F0B5
:106DA0002FFE183006B070BD67A803081FB5040099
:106DB00001A890E80E00206800F041FC1FBD70B5EE
:106DC00004000D00160032002900206800F0A4FA2B
:106DD00070BD10B50400200000F06FFC6821200099
:106DE000F8F79CFD10BD10B50400E06DE16D096879
:106DF0000968884710BD10B590B00400200000F06D
:106E0000DCFADFF8EC186846F9F7BAF9210006A8B1
:106E100006F0FEFD01006846FDF79FFB206606A810
:106E2000FDF7C4FC6846F8F74FFF002084F86400C3
:106E300010B010BD10B586B00400DFF8B418684675
:106E4000F9F79EF914F16001FDF7C7FB6846F8F702
:106E50003BFFE06DE16D0968C9698847002084F84F
:106E6000200006B010BD2DE9F041A0B005000E00D5
:106E700000243068012806D0032840F0C58028008F
:106E800000F0EAF8C0E07068012820D008280ED091
:106E900020283FD040286CD0442800F09080B0F5E6
:106EA000807F79D0B0F5827F00F09C80ACE018A89C
:106EB0002021F4F7D5FCDFF83C1819A8F9F760F9A0
:106EC00018A8FDF7B6FE18A8FDF7C6FF9CE028003D
:106ED00000F03FFA0400002C1BD014F11800FEF75C
:106EE00063F9804615F12C01DFF80C08F9F759F821
:106EF00010A82021F4F7B4FCDFF8001811A8F9F766
:106F00003FF9CDF85C8010A8FDF793FE10A8FDF7BF
:106F1000A3FF79E0280000F01CFA0400002C27D021
:106F2000DFF8DC8714F1180118F11800F9F739F8C7
:106F3000616902A8FEF743FB02A94046FEF7DEFBAB
:106F400002A8F8F7C1FE15F12C0118F13000F9F78D
:106F500028F808A82021F4F783FCDFF8A81709A86F
:106F6000F9F70EF908A8FDF764FE08A8FDF774FF0D
:106F70004AE0002085F86500B068012804D1DFF8F8
:106F8000880790ED000A03E0DFF8800790ED000A23
:106F9000280000F0D1F837E0002085F86500B068DF
:106FA000012804D1DFF8600790ED000A03E0DFF864
:106FB0005C0790ED000A280000F021F924E0012090
:106FC00085F86500B068012804D1DFF83C0790ED32
:106FD000000A03E0DFF8340790ED000A280000F013
:106FE000ABF811E0012085F86500B068012804D1F4
:106FF000DFF8140790ED000A03E0DFF8100790EDCA
:10700000000A280000F0FBF815F114084046FEF7CE
:10701000B4FB00904046FEF7C0FB019001A9684612
:10702000FEF7CBFB002801D0012000E00020C0B219
:1070300000280DD06846FEF7CEFB07003100386807
:107040003A681268526890476846FEF7CAFBE5E75F
:10705000002020B0BDE8F08190F86410002910D025
:10706000DFF8AC261188002904D01188491E118050
:10707000118806E01E211180002180F8641090F82C
:10708000641070472DE9F0418EB005000E0095F8B0
:107090006500002802D0DFF87C1601E0DFF87816E2
:1070A00008A8F9F76DF85FF0000816F11404200045
:1070B000FEF763FB00902000FEF76FFB019001A933
:1070C0006846FEF77AFB002801D0012000E000208E
:1070D000C0B2002829D06846FEF77DFB070039685A
:1070E00002A83A68126812699047DFF8301602A8C1
:1070F000F9F747FC040002A8F8F7E6FDE4B2002C1B
:1071000001D0012000E00020C0B2002809D03C6876
:1071100008A914F11800F9F725FA002801D0A046B3
:1071200003E06846FEF75DFBC9E708A8F8F7CCFD69
:1071300040460EB0BDE8F08138B52DED028B8EB023
:107140000500B0EE408A95F86400002853D1E96D3F
:107150002800FFF797FF0400002C4CD0616901A8BC
:10716000FEF72DFA002101A806F0A0FC009095F88A
:107170006500002816D0DFF8A8059DED000A30EE66
:10718000480AD0ED000AB4EE600AF1EE10FA02D51A
:10719000006800901CE09DED000A30EE480A8DED7D
:1071A000000A15E0DFF87C059DED000A30EE480A84
:1071B000D0ED000AB4EE600AF1EE10FA02D50068D4
:1071C000009005E09DED000A30EE480A8DED000AC2
:1071D00050A2694607A806F0AAFC07A901A8FEF775
:1071E0008DFA07A8F8F770FD01A9280000F06AF8E9
:1071F00001A8F8F769FD0EB0BDEC028B31BD38B5C2
:107200002DED028B8EB00500B0EE408A95F864003B
:10721000002853D1E96D2800FFF734FF0400002C4B
:107220004CD0616901A8FEF7CAF9002101A806F057
:107230003DFC009095F86500002816D0DFF8E804C2
:107240009DED000A30EE080AD0ED000AF4EE400A87
:10725000F1EE10FA02D5006800901CE09DED000AE6
:1072600030EE080A8DED000A15E0DFF8C0049DED50
:10727000000A30EE080AD0ED000AF4EE400AF1EE02
:1072800010FA02D50068009005E09DED000A30EE8E
:10729000080A8DED000A1FA2694607A806F047FC00
:1072A00007A901A8FEF72AFA07A8F8F70DFD01A91A
:1072B000280000F007F801A8F8F706FD0EB0BDECB5
:1072C000028B31BD38B590B004000D0094F8650014
:1072D000002802D0DFF8581401E0DFF8581468469F
:1072E000F8F74EFF0120A4F86600012084F864003E
:1072F000210006A806F008FD02002900684606F0F5
:1073000056FD06A806F0EAFE6846F8F7DDFC11B067
:1073100030BD000025660000CB88002B07D08B888D
:1073200053F002038B80002380F8643010E0B0F843
:107330006630002B05D0B0F866305B1EA0F86630D2
:1073400006E08B8853F002038B80002380F86430C2
:1073500070477CB5050015F114042000FEF70DFA06
:1073600000902000FEF719FA019001A96846FEF787
:1073700024FA002801D0012000E00020C0B200283B
:1073800019D06846FEF727FA0600306831680968A8
:10739000C96888470400002C04D020000069C0465A
:1073A000010000E00021002901D0200004E068462F
:1073B000FEF717FAD9E7002076BD2DE9F847ADF5BD
:1073C000597D8246DAF85C00DAF85C100968C96910
:1073D000884754A8FEF70CFA01206190D64AD2E9FA
:1073E0000001CDE9640100208DF850013820FCF740
:1073F00069F90400D1490CA8F8F7C2FEC54912A8E2
:10740000F8F7BEFE54A967A8FEF71CFA030012AAFB
:107410000CA92000FEF749FA06903820FCF752F933
:107420000500C74918A8F8F7ABFEBB491EA8F8F736
:10743000A7FE54A97AA8FEF705FA03001EAA18A908
:107440002800FEF732FA07903820FCF73BF90600D7
:10745000BC4924A8F8F794FEBB492AA8F8F790FE87
:1074600054A98DA8FEF7EEF903002AAA24A930003A
:10747000FEF71BFA08903820FCF724F90700B349FF
:1074800030A8F8F77DFEB24936A8F8F779FE54A97E
:10749000A0A8FEF7D7F9030036AA30A93800FEF7F6
:1074A00004FA09903820FCF70DF98046A9493CA858
:1074B000F8F766FEA84942A8F8F762FE54A9B3A8F7
:1074C000FEF7C0F9030042AA3CA94046FEF7EDF9D9
:1074D0000A903820FCF7F6F8814683A148A8F8F70F
:1074E0004FFE9E494EA8F8F74BFE54A9C6A8FEF7DA
:1074F000A9F903004EAA48A94846FEF7D6F90B9011
:10750000062206A904A8FEF7A4FA02006B46D2E9F7
:1075100000010A00010001A8FEF7A0FA0100DAF854
:107520005C00FEF7CFFA01A8FEF73AFBC6A8FEF70B
:107530003EFB4EA8F8F7C8FB48A8F8F7C5FBB3A870
:10754000FEF735FB42A8F8F7BFFB3CA8F8F7BCFBF9
:10755000A0A8FEF72CFB36A8F8F7B6FB30A8F8F782
:10756000B3FB8DA8FEF723FB2AA8F8F7ADFB24A8F0
:10757000F8F7AAFB7AA8FEF71AFB1EA8F8F7A4FBF7
:1075800018A8F8F7A1FB67A8FEF711FB12A8F8F7F7
:107590009BFB0CA8F8F798FB54A8FEF708FB0DF529
:1075A0005A7DBDE8F087F8B590B004000D002900C1
:1075B0000AA8F8F7A5FA01002000FEF703FB0AA8C5
:1075C000F8F782FB6648206000202066002084F8DF
:1075D0006400002084F865000320A4F866000121FF
:1075E00000226E463000F9F719FE2820FCF76AF8F1
:1075F000060007A8FEF757FB020069463000FEF7B9
:10760000B7FDE06507A8FEF7CBFAE06D0190012217
:1076100001A905A8FEF71DFA0DF10103D0E90067E5
:1076200031003A0002A8FEF719FA01002000FEF727
:1076300049FA02A8FEF7B4FA200011B0F0BDFEB579
:1076400088B00400E06D10F114052800FEF795F8ED
:1076500000902800FEF7A1F8019001A96846FEF706
:10766000ACF8002801D0012000E00020C0B20028C2
:107670001CD06846FEF7AFF807003D682800006997
:10768000C046060019A308AA310002A8D6F800C017
:10769000DCF804C0E04702A96869FDF769FF02A8A9
:1076A000F8F712FB6846FEF79CF8D6E700220021A7
:1076B0000220FEF73FFE0BB0F0BD10B504002848D5
:1076C0002060E06DE16D0968C9698847E06D0028B8
:1076D00004D0E06DE16D0968896988472000FEF7F4
:1076E00081FA200010BD00004F75740000000000FA
:1076F0009011050844010508F02C00209811050898
:10770000C02C0020500105087C15050878150508D7
:10771000C400002034F2040844F20408680105089B
:1077200088150508801505088C15050884150508B9
:1077300074F2040884F20408C8110508A0110508B1
:10774000A8110508B011050854F20408B81105087D
:1077500064F20408C011050820DE04085C01050875
:10776000F489040810B50400200000F013F9682122
:107770002000F8F7D3F810BD10B50400E06DE16DFE
:1077800009680968884710BDF0B5CDB0040014A899
:10779000FEF72EF80A2021907C4AD2E90001CDE9BB
:1077A000240101208DF8500077A115A8FEF71BFDDC
:1077B0005420FBF787FF060014A93AA8FEF742F809
:1077C0000100300006F0E0FC20663AA8FEF7EFF971
:1077D0003C20FBF777FF060014A927A8FEF732F834
:1077E0000100300006F07CFE606627A8FEF7DFF996
:1077F000A56A29000EA82A68126890470EA9206E73
:10780000FDF7B6FE0EA8F8F75FFA290008A806F003
:10781000E9FE08A9606E06F083FD08A8F8F754FA9F
:10782000206E216E096889688847E16D4989081AC8
:10783000616E4881E06DE16D0968C9698847206E15
:107840000190606E0290022201A906A8FEF701F9DC
:107850006B46D0E9006731003A0003A8FEF7FEF856
:107860000100E06DFEF72EF903A8FEF799F914A8C0
:10787000FEF79DF94DB0F0BD10B50400E06DE16D6F
:107880000968C9698847002084F8200010BDF8B550
:107890008AB004000D002868012811D16868012809
:1078A00001D008280CD102A82021F3F7D9FF03A8A2
:1078B000FDF779FA02A8FDF7BCF902A8FDF7CCFAAA
:1078C00014F114073800FDF758FF00903800FDF759
:1078D00064FF019001A96846FDF76FFF002801D001
:1078E000012000E00020C0B200280DD06846FDF75E
:1078F00072FF0600290030683268126852689047AB
:107900006846FDF76EFFE5E700200BB0F0BDF8B567
:1079100090B004000D0029000AA8F8F7F1F8010062
:107920002000FEF74FF90AA8F8F7CEF918482060B2
:1079300000202066002060662820FBF7C3FE0600BA
:1079400007A8FEF7B0F90100300007F079F8E0650C
:1079500007A8FEF725F9E06D0190012201A905A80D
:10796000FEF777F86B46D0E9006731003A0002A8CD
:10797000FEF774F801002000FEF7A4F802A8FEF755
:107980000FF9200011B0F0BD2D2D2D008811050834
:10799000BC89040810B504002000FEF723F920007C
:1079A00010BD704710B50400200000F081FA60217E
:1079B0002000F7F7B3FF10BD10B50400E06DE16DD6
:1079C00009680968884710BDF8B58AB004000D0041
:1079D0002868012811D1686808280ED102A8202142
:1079E000F3F73EFFDFF8601403A8F8F7C9FB02A81D
:1079F000FDF71FF902A8FDF72FFA14F1140738005C
:107A0000FDF7BBFE00903800FDF7C7FE019001A90D
:107A10006846FDF7D2FE002801D0012000E00020DA
:107A2000C0B200280DD06846FDF7D5FE060029003B
:107A3000306832681268526890476846FDF7D1FE98
:107A4000E5E700200BB0F0BD2DE9F34FADF5C06DBB
:107A5000ABB00400DDF8B016C1A8F8F751F801008A
:107A60002000FEF7AFF8C1A8F8F72EF9DFF8DC0325
:107A70002060DFF8DC0300788DF80000AEA8FDF789
:107A8000B7FE0120BB90DFF8CC23D2E90001CDE99D
:107A9000BE012820FBF716FE05008820FBF712FE2A
:107AA0000600ED4912A8F8F76BFBE74918A8F8F7AC
:107AB00067FBAEA9C7A8FDF7C5FE030018AA12A967
:107AC000300007F0D0F8A2908820FBF7FBFD0700FC
:107AD000E2491EA8F8F754FBE14924A8F8F750FB47
:107AE000AEA9DAA8FDF7AEFE030024AA1EA938004D
:107AF00007F0B9F8A3908820FBF7E4FD8046D94948
:107B00002AA8F8F73DFBD84930A8F8F739FBAEA909
:107B1000EDA8FDF797FE030030AA2AA9404607F01A
:107B2000A2F80DF5227BCBF808008820FBF7CAFDF0
:107B30008146CE4936A8F8F723FBCD493CA8F8F793
:107B40001FFBAEA90DF58060FDF77CFE03003CAA8B
:107B500036A9484607F087F8CBF80C008820FBF7D9
:107B6000B1FD8246C34942A8F8F70AFBC24948A8BA
:107B7000F8F706FBAEA9FFA85030FDF763FE03003F
:107B800048AA42A9504607F06EF8A6908820FBF755
:107B900099FD0190B9494EA8F8F7F2FAB84954A8EE
:107BA000F8F7EEFAAEA90DF59360FDF74BFE030072
:107BB00054AA4EA9019807F056F8A7908820FBF721
:107BC00081FD0290AF495AA8F8F7DAFAAE4960A8E9
:107BD000F8F7D6FAAEA9FFA8E830FDF733FE0300A8
:107BE00060AA5AA9029807F03EF8A8908820FBF7EF
:107BF00069FD0390A54966A8F8F7C2FAA4496CA8E4
:107C0000F8F7BEFAAEA90DF5A660FDF71BFE03005E
:107C10006CAA66A9039807F026F8A9908820FBF7BC
:107C200051FD04909B4972A8F8F7AAFA9A4978A8DE
:107C3000F8F7A6FAAEA9FFA8FF308130FDF702FEE3
:107C4000030078AA72A9049807F00DF8AA9088207A
:107C5000FBF738FD059091497EA8F8F791FA904915
:107C600084A8F8F78DFAAEA90DF5B960FDF7EAFD25
:107C7000030084AA7EA9059806F0F5FFAB90882042
:107C8000FBF720FD069087498AA8F8F779FA86491C
:107C900090A8F8F775FAAEA940F214606844FDF7B1
:107CA000D1FD030090AA8AA9069806F0DCFFCBF864
:107CB00028008820FBF706FD83467C4996A8F8F744
:107CC0005FFA60A19CA8F8F75BFAAEA90DF5CC604D
:107CD000FDF7B8FD03009CAA96A9584606F0C3FF1D
:107CE000AD900C22A2A910A8FDF7B3FE02000DF181
:107CF0000103D2E900010A0001000DA8FDF7AEFE64
:107D0000020069462800FEF733FAE065E06D07904F
:107D1000012207A90BA8FDF79CFE02000DF102034A
:107D2000D2E900010A00010008A8FDF797FE010052
:107D30002000FDF7C7FE08A8FDF732FF0DA8FDF7EC
:107D40002FFF0DF5CC60FDF732FF9CA8F7F7BCFFC5
:107D500096A8F7F7B9FF40F214606844FDF727FFD3
:107D600090A8F7F7B1FF8AA8F7F7AEFF0DF5B96055
:107D7000FDF71DFF84A8F7F7A7FF7EA8F7F7A4FF7C
:107D8000FFA8FF308130FDF712FF78A8F7F79CFFBE
:107D900072A8F7F799FF0DF5A660FDF708FF6CA82C
:107DA000F7F792FF66A8F7F78FFFFFA8E830FDF717
:107DB000FEFE60A8F7F788FF5AA8F7F785FF0DF5D4
:107DC0009360FDF7F4FE54A8F7F77EFF4EA8F7F78F
:107DD0007BFFFFA85030FDF7EAFE48A8F7F774FFD5
:107DE00042A8F7F771FF0DF58060FDF7E0FE3CA8B3
:107DF000F7F76AFF36A8F7F767FFEDA8FDF7D7FE9C
:107E000030A8F7F761FF2AA8F7F75EFFDAA8FDF7B9
:107E1000CEFE24A8F7F758FF1EA8F7F755FFC7A80E
:107E2000FDF7C5FE18A8F7F74FFF12A8F7F74CFFAC
:107E3000AEA8FDF7BCFE20000DF5C06D2DB0BDE86D
:107E4000F08F000043440000D01105082C8A04087C
:107E50005A920308F811050834DE040894F2040865
:107E6000A4F20408D8110508E0110508B4F20408CA
:107E70007401050848DE0408C4F204080CD30408A1
:107E8000D4F20408ECC8040808C904085CDE04083D
:107E9000E4F20408E8110508F011050870DE040892
:107EA000F4F2040884DE040804F3040880010508E1
:107EB00010B504002000FDF795FE200010BD7047AE
:107EC00010B50400200000F0B3F968212000F7F796
:107ED00025FD10BD10B50400200000F095F86420C9
:107EE000A4F8640010BD10B50400206E216E09686E
:107EF000C9698847002084F8200010BD10B504002F
:107F0000E06DE16D09680968884710BDF8B592B069
:107F100005000E003068012802D0032812D04CE082
:107F2000706808280DD10AA82021F3F799FCB949F7
:107F30000BA8F8F725F90AA8FCF77BFE0AA8FCF7BE
:107F40008BFF3AE0286EFDF714FE80B2002801D1C5
:107F5000012000E00020C0B200282BD002A8202180
:107F6000F3F77EFCB5F86400002801D0012400E09E
:107F700000242000C0B2002801D0002007E0A5495D
:107F800003A8F8F7FDF802A8FCF753FE0020200034
:107F9000C0B2002806D0B5F86400411EA5F86410F0
:107FA00080B200E00020E4B2002C06D102A8FCF769
:107FB00053FF02E06420A5F8640015F114042000CA
:107FC000FDF7DBFB00902000FDF7E7FB019001A926
:107FD0006846FDF7F2FB002801D0012000E00020F8
:107FE000C0B200280DD06846FDF7F5FB0700310050
:107FF00038683A681268526890476846FDF7F1FBA6
:10800000E5E7002013B0F0BD2DE9F041BAB004005F
:10801000206E216E0968C969884727A8FDF7E8FB2B
:108020007D4AD2E90001CDE93701012034907B4F30
:10803000380006F057FE0090380006F063FE01900D
:1080400001A9684606F06EFE002801D0012000E07C
:108050000020C0B2002845D0684606F071FE050039
:1080600015F1180007F0F9F8C0B2002801D001207E
:1080700000E00020C0B2002830D0D5F83080414662
:108080000EA806F0AFFA0EA928A8FDF737FB0EA838
:10809000F7F71AFE8820FBF715FB070028A902A8AE
:1080A000F7F72EFD5B4908A8F8F76AF827A914A886
:1080B000FDF7C8FB030008AA02A9380006F0D3FDAB
:1080C000060014A8FDF773FD08A8F7F7FDFD02A848
:1080D000F7F7FAFD3100206EFDF7ECFC684607F07B
:1080E00035F9ADE727A8FDF762FD3AB0BDE8F081AC
:1080F0002DE9F043B9B004000D0029000DA8F7F7F1
:10810000FFFC01002000FDF75DFD0DA8F7F7DCFD89
:10811000434820606420A4F86400012100226F46D7
:108120003800F9F77BF82820FBF7CCFA07000AA8FB
:10813000FDF7B9FD020069463800FEF719F8E06561
:108140000AA8FDF72DFD26A8FDF752FBE06D38903B
:10815000344927A8FEF747F85820FBF7B3FA070081
:1081600026A913A8FDF76EFB01003800FEF7B2F850
:10817000060013A8FDF71BFD3100E06DFDF79AFC2A
:10818000294800788DF800002820FBF79BFA0700AB
:1081900007A8FDF788FD020069463800FDF7E8FFF3
:1081A000206607A8FDF7FCFC2048D0E90023CDE9B4
:1081B00002233000316889688847D0F13E00ADF86D
:1081C0000C00206E801D02A90822F3F759FB216ED6
:1081D000E06DFDF76FFCE06D0190012201A905A89B
:1081E000FDF737FC0DF10103D0E9008941464A460D
:1081F00002A8FDF733FC01002000FDF763FC02A894
:10820000FDF7CEFC26A8FDF7D2FC200039B0BDE872
:10821000F08300006010050878100508B82F0020D2
:10822000A488040868100508D670030880100508A3
:1082300010B504002000FDF7D5FC200010BD7047EC
:1082400010B50400200000F06DF964212000F7F75C
:1082500065FB10BD10B50400200000F053F810BD00
:1082600010B50400206E216E0968C9698847002096
:1082700084F8200010BD10B50400E06DE16D0968C0
:108280000968884710BDF8B58AB004000D00286859
:10829000012810D1686808280DD102A82021F3F721
:1082A000DFFA994903A8F7F76BFF02A8FCF7C1FCB6
:1082B00002A8FCF7D1FD14F114073800FDF75DFAB0
:1082C00000903800FDF769FA019001A96846FDF7B2
:1082D00074FA002801D0012000E00020C0B200287C
:1082E0000DD06846FDF777FA06002900306832683D
:1082F0001268526890476846FDF773FAE5E7002078
:108300000BB0F0BD2DE9F041BAB00400206E216E33
:108310000968C969884727A8FDF76AFA7B4AD2E944
:108320000001CDE9370101203490794F380006F083
:10833000D9FC0090380006F0E5FC019001A96846E0
:1083400006F0F0FC002801D0012000E00020C0B2BF
:10835000002845D0684606F0F3FC050015F118002A
:1083600007F0CDF9C0B2002801D0012000E00020C4
:10837000C0B2002830D0D5F8308041460EA806F0B3
:1083800031F90EA928A8FDF7B9F90EA8F7F79CFC5A
:108390008820FBF797F9070028A902A8F7F7B0FB98
:1083A000594908A8F7F7ECFE27A914A8FDF74AFADF
:1083B000030008AA02A9380006F055FC060014A81C
:1083C000FDF7F5FB08A8F7F77FFC02A8F7F77CFCA0
:1083D0003100206EFDF76EFB684606F0B7FFADE793
:1083E00027A8FDF7E4FB3AB0BDE8F0812DE9F043A2
:1083F000B9B004000D0029000DA8F7F781FB0100BA
:108400002000FDF7DFFB0DA8F7F75EFC4148206078
:10841000012100226F463800F8F700FF2820FBF703
:1084200051F907000AA8FDF73EFC02006946380032
:10843000FDF79EFEE0650AA8FDF7B2FB26A8FDF752
:10844000D7F9E06D3890344927A8FDF7CCFE5820C5
:10845000FBF738F9070026A913A8FDF7F3F9010087
:108460003800FDF737FF060013A8FDF7A0FB310029
:10847000E06DFDF71FFB294800788DF800002820EB
:10848000FBF720F9070007A8FDF70DFC020069467D
:108490003800FDF76DFE206607A8FDF781FB204838
:1084A000D0E90023CDE9022330003168896888478C
:1084B000D0F13E00ADF80C00206E801D02A908220C
:1084C000F3F7DEF9216EE06DFDF7F4FAE06D01904F
:1084D000012201A905A8FDF7BCFA0DF10103D0E9BD
:1084E000008941464A4602A8FDF7B8FA010020007B
:1084F000FDF7E8FA02A8FDF753FB26A8FDF757FBA6
:10850000200039B0BDE8F083A8130508B0130508B2
:1085100010300020B48B0408F4F30408E7A6030825
:10852000B813050810B504002000FDF75BFB200020
:1085300010BD70471FB5040001A890E80E00206828
:1085400000F018FC1FBD10B50400200000F082FBF5
:1085500010BD10B50400200000F04AFC6821200086
:10856000F7F7DCF910BD10B50400200000F040FC66
:1085700010BD10B50400206E216E09680968884797
:1085800010BD10B590B0040020002168096B884729
:10859000DFF898186846F7F7F3FD210006A807F002
:1085A00007F901006846FBF7D8FFE06506A8FCF76D
:1085B000FDF86846F7F788FB10B010BD10B586B01F
:1085C0000400DFF868186846F7F7DAFD14F15C017B
:1085D000FCF703F86846F7F777FB606E616E096891
:1085E000C9698847002084F8200006B010BD2DE935
:1085F000F041A0B005000E0000243068012868D1C9
:108600007068012814D0082802D0202833D060E0F8
:1086100018A82021F3F724F9DFF8141819A8F7F7A0
:10862000AFFD18A8FCF705FB18A8FCF715FC50E0F7
:10863000280000F076F80400002C1BD014F118007C
:10864000FCF7B2FD804615F12C01DFF8E807F7F7DB
:10865000A8FC10A82021F3F703F9DFF8DC1711A814
:10866000F7F78EFDCDF85C8010A8FCF7E2FA10A8B1
:10867000FCF7F2FB2DE0280000F053F80400002C7A
:1086800027D0DFF8B88714F1180118F11800F7F7B0
:1086900088FC616902A8FCF792FF02A94046FDF739
:1086A0002DF802A8F7F710FB15F12C0118F1300096
:1086B000F7F777FC08A82021F3F7D2F8DFF8801746
:1086C00009A8F7F75DFD08A8FCF7B3FA08A8FCF7BE
:1086D000C3FB15F114084046FDF74FF800904046E3
:1086E000FDF75BF8019001A96846FDF766F80028E0
:1086F00001D0012000E00020C0B200280DD0684663
:10870000FDF769F80700310038683A681268526866
:1087100090476846FDF765F8E5E7002020B0BDE822
:10872000F0817CB50500286E10F114042000FDF7DF
:1087300024F800902000FDF730F8019001A9684668
:10874000FDF73BF8002801D0012000E00020C0B276
:10875000002819D06846FDF73EF8060030683168F9
:108760000968C96888470400002C04D0200000690B
:10877000C046010000E00021002901D0200004E0F3
:108780006846FDF72EF8D9E7002076BD2DE9F14FB8
:10879000ADF5006D82B0DDF80808406EDDF8081810
:1087A000496E0968C96988470EA8FDF721F80120BC
:1087B0001B90DFF89026D2E90001CDE91E010020D0
:1087C0008DF838003820FAF77DFF0400DFF87816BE
:1087D00021A8F7F7D5FCDFF8741627A8F7F7D0FC27
:1087E0000EA9E4A8FDF72EF8030027AA21A920006E
:1087F000FDF75BF8D5903820FAF764FF0500DFF845
:1088000050162DA8F7F7BCFCDFF8481633A8F7F789
:10881000B7FC0EA9F7A8FDF715F8030033AA2DA998
:108820002800FDF742F8D6903820FAF74BFF0600F3
:10883000DFF8241639A8F7F7A3FCDFF820163FA8C5
:10884000F7F79EFC0EA90DF58560FCF7FBFF030012
:108850003FAA39A93000FDF728F8D7903820FAF759
:1088600031FF0700DFF8F81545A8F7F789FCDFF8B6
:10887000F4154BA8F7F784FC0EA9FFA87830FCF795
:10888000E1FF03004BAA45A93800FDF70EF8D89088
:108890003820FAF717FF8046DFF8CC1551A8F7F714
:1088A0006FFCDFF8C81557A8F7F76AFC0EA90DF59D
:1088B0009860FCF7C7FF030057AA51A94046FCF790
:1088C000F4FFD9903820FAF7FDFE8146DFF8A015B5
:1088D0005DA8F7F755FCDFF89C1563A8F7F750FC87
:1088E0000EA9FFA8FF301130FCF7ACFF030063AA0C
:1088F0005DA94846FCF7D9FFDA903820FAF7E2FE86
:108900008246DFF8741569A8F7F73AFCDFF86C15B2
:108910006FA8F7F735FC0EA90DF5AB60FCF792FFD9
:1089200003006FAA69A95046FCF7BFFFDB9038200F
:10893000FAF7C8FE0190DFF8481575A8F7F720FC94
:10894000DFF840157BA8F7F71BFC0EA9FFA8FF3046
:10895000A930FCF777FF03007BAA75A90198FCF703
:10896000A4FF0DF5557BCBF81C003820FAF7AAFEC2
:108970000290B6A181A8F7F703FCDFF80C1587A8D1
:10898000F7F7FEFB0EA90DF5BE60FCF75BFF0300D9
:1089900087AA81A90298FCF788FFDD903820FAF7B2
:1089A00091FE0390AAA18DA8F7F7EAFBDFF8DC148B
:1089B00093A8F7F7E5FB0EA940F23C606844FCF78A
:1089C00041FF030093AA8DA90398FCF76EFFDE9088
:1089D0003820FAF777FE0490DFF8B41499A8F7F777
:1089E000CFFBDFF8B0149FA8F7F7CAFB0EA90DF56F
:1089F000D160FCF727FF03009FAA99A90498FCF710
:108A000054FFDF903820FAF75DFE0590DFF88814F8
:108A1000A5A8F7F7B5FBDFF88414ABA8F7F7B0FB10
:108A20000EA940F2D4606844FCF70CFF0300ABAA27
:108A3000A5A90598FCF739FFE0903820FAF742FE27
:108A40000690DFF85C14B1A8F7F79AFBDFF854142E
:108A5000B7A8F7F795FB0EA90DF5E460FCF7F2FE59
:108A60000300B7AAB1A90698FCF71FFFE1903820D0
:108A7000FAF728FE0790DFF83014BDA8F7F780FB5F
:108A8000DFF82814C3A8F7F77BFB0EA940F26C703F
:108A90006844FCF7D7FE0300C3AABDA90798FCF7FA
:108AA00004FFCBF834003820FAF70CFE0890DFF80A
:108AB0000014C9A8F7F764FBDFF8F813CFA8F7F79D
:108AC0005FFB0EA90DF5F760FCF7BCFE0300CFAA13
:108AD000C9A90898FCF7E9FECBF838000F22D5A900
:108AE0000CA8FCF7B6FF02006B46D2E900010A00B1
:108AF000010009A8FCF7B2FF0100DDF80808406E8C
:108B0000FCF7E0FF09A8FDF74BF80DF5F760FDF75E
:108B10004EF8CFA8F7F7D8F8C9A8F7F7D5F840F27C
:108B20006C706844FDF743F8C3A8F7F7CDF8BDA80B
:108B3000F7F7CAF80DF5E460FDF739F8B7A8F7F7CD
:108B4000C3F8B1A8F7F7C0F840F2D4606844FDF765
:108B50002EF8ABA8F7F7B8F8A5A8F7F7B5F80DF514
:108B6000D160FDF724F89FA8F7F7AEF899A8F7F7BA
:108B7000ABF840F23C606844FDF719F893A8F7F7AA
:108B8000A3F88DA8F7F7A0F80DF5BE60FDF70FF874
:108B900087A8F7F799F881A8F7F796F8FFA8FF30AC
:108BA000A930FDF704F87BA8F7F78EF875A8F7F75A
:108BB0008BF80DF5AB60FCF7FAFF6FA8F7F784F8B8
:108BC00069A8F7F781F8FFA8FF301130FCF7EFFF35
:108BD00063A8F7F779F85DA8F7F776F80DF59860D0
:108BE000FCF7E5FF57A8F7F76FF851A8F7F76CF80F
:108BF000FFA87830FCF7DBFF4BA8F7F765F845A82E
:108C0000F7F762F80DF58560FCF7D1FF3FA8F7F79D
:108C10005BF839A8F7F758F8F7A8FCF7C8FF33A8AE
:108C2000F7F752F82DA8F7F74FF8E4A8FCF7BFFFC5
:108C300027A8F7F749F821A8F7F746F80EA8FCF798
:108C4000B6FF0DF5006D03B0BDE8F08F4B75000069
:108C50004B6900002DE9F043B9B004000D00290074
:108C60000DA8F6F74DFF01002000FCF7ABFF0DA8A3
:108C7000F7F72AF8904820600020E06501210022E3
:108C80006F463800F8F7CAFA2820FAF71BFD0700EC
:108C90000AA8FDF708F8020069463800FDF768FAEF
:108CA00020660AA8FCF77CFF26A8FCF7A1FD206E31
:108CB0003890824927A8FDF796FA5820FAF702FD66
:108CC000070026A913A8FCF7BDFD01003800FDF739
:108CD00001FB060013A8FCF76AFF3100206EFCF7C9
:108CE000E9FE774800788DF800002820FAF7EAFCC2
:108CF000070007A8FCF7D7FF020069463800FDF718
:108D000037FA606607A8FCF74BFF6E48D0E90023EE
:108D1000CDE902233000316889688847D0F13E00F0
:108D2000ADF80C00606E801D02A90822F2F7A8FDC4
:108D3000616E206EFCF7BEFE206E0190012201A93B
:108D400005A8FCF786FE0DF10103D0E90089414634
:108D50004A4602A8FCF782FE01002000FCF7B2FEA2
:108D600002A8FCF71DFF26A8FCF721FF200039B060
:108D7000BDE8F083FEB588B00400606E10F1140504
:108D80002800FCF7FAFC00902800FCF706FD019093
:108D900001A96846FCF711FD002801D0012000E080
:108DA0000020C0B200281CD06846FCF714FD070064
:108DB0003D6828000069C04606001BA308AA3100D0
:108DC00002A8D6F800C0DCF804C0E04702A9686930
:108DD000FCF7CEFB02A8F6F777FF6846FCF701FD2B
:108DE000D6E7002200210220FDF7A4FA0BB0F0BD67
:108DF00010B5040030482060606E616E0968C96972
:108E00008847206E216E0968C9698847206E00284E
:108E100004D0206E216E0968896988472000FCF71C
:108E2000E1FE200010BD0000000000003C0005082D
:108E300048000508F02C0020F8100508C02C002080
:108E4000540005082811050800110508C4F104089C
:108E500008110508D4F104081011050880DD040884
:108E60006000050894DD04086C000508B4C8040817
:108E700078000508D0C80408840005084CD204080E
:108E800090000508A8DD0408E4F10408F4F10408E2
:108E900018110508BCDD040820110508D0DD040800
:108EA0009C00050864D20408A80005087CD20408C8
:108EB000B400050894D20408587E04086CDD040848
:108EC000DA7803083011050870B504000D001600AB
:108ED00032002900206800F0F7F870BD10B50400DA
:108EE000200000F063F988212000F6F717FD10BD7F
:108EF00010B50400E06DE16D09680968884710BD90
:108F0000F0B5CDB00400B14D15F1180114F16C00AD
:108F1000F7F747F814F16C00FCF746F9A066E06D2E
:108F2000E16D0968C969884714A8FCF761FC0A204B
:108F30002190A74AD2E90001CDE9240100208DF853
:108F40005000A1A115A8FDF74EF95420FAF7BAFB7D
:108F5000060014A93AA8FCF775FC0100300005F0E2
:108F600013F920663AA8FCF722FE01208DF8500084
:108F70008C20FAF7A7FB060014A927A8FCF762FCCF
:108F800001003000F6F72AFC606627A8FCF70FFE08
:108F9000A16E0EA8A26E1268126890470EA9206EEC
:108FA000FCF7E6FA0EA8F6F78FFE290008A8F6F7F8
:108FB000A7FD0100606EF6F75DFA08A8F6F784FEDB
:108FC000206E0190606E0290022201A906A8FCF7B3
:108FD00040FD6B46D0E9006731003A0003A8FCF77A
:108FE0003DFD0100E06DFCF76DFD03A8FCF7D8FD29
:108FF00014A8FCF7DCFD4DB0F0BD10B50400E06D29
:10900000E16D0968C9698847002084F8200010BD17
:1090100070B592B004000D0014F114063000FCF796
:10902000ACFB00903000FCF7B8FB019001A968464A
:10903000FCF7C3FB002801D0012000E00020C0B2F3
:1090400000280DD06846FCF7C6FB060029003068F2
:1090500032681268526890476846FCF7C2FBE5E741
:109060002868012819D16868082802D020280FD064
:1090700013E00AA82021F2F7F3FB0BA8FBF793FEFD
:109080000AA8FBF7D6FD0AA8FBF7E6FE012019E0C7
:10909000200000F023F8012014E094F88400002858
:1090A0000FD0002084F8840002A82021F2F7D8FB1A
:1090B00003A8FBF778FE02A8FBF7BBFD02A8FBF7AD
:1090C000CBFE002012B070BD002903D08B8853F076
:1090D00002038B80012380F88430704738B590B04C
:1090E0000500696E6846F6F7A1FA290006A806F0A1
:1090F0006DFB0200694615F16C0006F075FB04007B
:1091000006A804F0EBFFE4B2002C01D0012000E03F
:109110000020C0B2002802D1012085F884006846F2
:10912000F6F7D2FD11B030BDF8B590B004000D00D7
:1091300029000AA8F6F7E4FC01002000FCF742FD34
:109140000AA8F6F7C1FD234820600020A06614F1AC
:109150006C00FDF75FFD002084F884002820FAF7FA
:10916000B1FA060007A8FCF79EFD0100300005F0EB
:1091700067FCE06507A8FCF713FDE06D0190012294
:1091800001A905A8FCF765FC6B46D0E90067310032
:109190003A0002A8FCF762FC01002000FCF792FCF8
:1091A00002A8FCF7FDFC200011B0F0BD10B50400D2
:1091B0000848206014F16C00F6F786FD2000FCF7EB
:1091C00011FD200010BD00002D2D2D00C02C002011
:1091D00080110508848904081FB5040001A890E8DF
:1091E0000E00206800F0D0FA1FBD70B504000D001D
:1091F000160032002900206800F04CF970BD10B54F
:109200000400200000F03CFB68212000F6F786FBFC
:1092100010BDF8B5B2B0DFF8F445DFF8F415200062
:10922000F6F7AEFFDFF8EC55DFF8EC152800F6F79F
:10923000A7FFDFF8E865DFF8E8153000F6F7A0FFD4
:10924000DFF8E075DFF8E0153800F6F799FF220047
:10925000DFF8D81502A806F04BFB2A00DFF8D0157E
:109260000EA806F05AFB320089A11AA806F06AFB84
:109270003A00DFF8C01526A806F03AFB042202A93E
:109280006846FDF71DFDD0E9002311001A00DFF844
:10929000A805FDF71CFD04233022DFF8A01502A865
:1092A000FDF72BFD33B0F0BD10B50400E06DE16DAE
:1092B00009680968884710BD10B590B00400DFF850
:1092C00080156846F6F75CFF210006A806F04FFB04
:1092D00001006846FBF741F9206606A8FBF766FA2D
:1092E0006846F6F7F1FC10B010BD10B586B004006A
:1092F000DFF84C156846F6F743FF14F16001FBF701
:109300006CF96846F6F7E0FC002084F8200006B00F
:1093100010BD2DE9F04192B005000E000024306828
:10932000012849D17068012814D0082802D02028CB
:1093300033D041E00AA82021F2F792FADFF80415B1
:109340000BA8F6F71DFF0AA8FBF773FC0AA8FBF7AA
:1093500083FD31E0280000F0BAF80400002C1BD097
:1093600015F12C01DFF8E004F6F71BFE14F11800EC
:10937000FBF71AFF804602A82021F2F771FADFF806
:10938000CC1403A8F6F7FCFECDF8248002A8FBF766
:1093900050FC02A8FBF760FD0EE0280000F097F8F3
:1093A0000400002C08D014F11800FBF7FDFE8046E5
:1093B0004146280000F028F815F114084046FCF753
:1093C000DCF900904046FCF7E8F9019001A96846F5
:1093D000FCF7F3F9002801D0012000E00020C0B222
:1093E00000280DD06846FCF7F6F907003100386810
:1093F0003A681268526890476846FCF7F2F9E5E768
:10940000002012B0BDE8F08170B586B004000D00F8
:10941000290068462A6812689047DFF81C6469468C
:10942000300002F0C1FF002801D0012000E0002040
:10943000C0B2002807D06946300002F0C8FF010022
:10944000200000F005F86846F6F73EFC06B070BD57
:1094500038B590B004000D00DFF8F4136846F6F755
:109460008FFE0320A4F86600012084F86400210028
:1094700006A806F08AFA02002900684604F097FC64
:1094800006A804F02BFE6846F6F71EFC11B030BDAE
:1094900056414300CB88002B07D08B8853F0020342
:1094A0008B80002380F8643010E0B0F86630002B29
:1094B00005D0B0F866305B1EA0F8663006E08B88F9
:1094C00053F002038B80002380F8643070477CB532
:1094D000050015F114042000FCF74FF9009020005E
:1094E000FCF75BF9019001A96846FCF766F90028D2
:1094F00001D0012000E00020C0B2002819D0684649
:10950000FCF769F90600306831680968C96888475E
:109510000400002C04D020000069C046010000E0D7
:109520000021002901D0200004E06846FCF759F929
:10953000D9E7002076BD2DE9F34FADF5657D040038
:10954000E6996DA8F6F7DCFA01002000FCF73AFB7B
:109550006DA8F6F7B9FBBF48206000202066002008
:1095600084F864000320A4F86600BB4800788DF8F6
:1095700000005AA8FCF73CF901206790B74AD2E9ED
:109580000001CDE96A0100208DF868012820FAF772
:1095900099F805003820FAF795F80600B04912A8A6
:1095A000F6F7EEFDAF4918A8F6F7EAFD5AA973A839
:1095B000FCF748F9030018AA12A93000FCF775F966
:1095C0000C903820FAF77EF807008EA11EA8F6F757
:1095D000D7FDA54924A8F6F7D3FD5AA986A8FCF71C
:1095E00031F9030024AA1EA93800FCF75EF90D909A
:1095F0003820FAF767F880468C492AA8F6F7C0FDAC
:109600009A4930A8F6F7BCFD5AA999A8FCF71AF9AF
:10961000030030AA2AA94046FCF747F90E903820EB
:10962000FAF750F88146824936A8F6F7A9FD904925
:109630003CA8F6F7A5FD5AA9ACA8FCF703F903006E
:109640003CAA36A94846FCF730F90F903820FAF7C3
:1096500039F882466CA142A8F6F792FD854948A8E0
:10966000F6F78EFD5AA9BFA8FCF7ECF8030048AA4C
:1096700042A95046FCF719F910903820FAF722F861
:1096800083466C494EA8F6F77BFD7B4954A8F6F754
:1096900077FD5AA9D2A8FCF7D5F8030054AA4EA921
:1096A0005846FCF702F9119006220CA90AA8FCF70B
:1096B000D0F902000DF10203D2E900010A00010015
:1096C00007A8FCF7CBF9020069462800FCF750FD1B
:1096D000E06507A8FCF764FAD2A8FCF768FA54A87A
:1096E000F6F7F2FA4EA8F6F7EFFABFA8FCF75FFA22
:1096F00048A8F6F7E9FA42A8F6F7E6FAACA8FCF7AC
:1097000056FA3CA8F6F7E0FA36A8F6F7DDFA99A87B
:10971000FCF74DFA30A8F6F7D7FA2AA8F6F7D4FAEC
:1097200086A8FCF744FA24A8F6F7CEFA1EA8F6F7A6
:10973000CBFA73A8FCF73BFA18A8F6F7C5FA12A8FB
:10974000F6F7C2FA0020E16D4884E06D0190012235
:1097500001A905A8FCF77DF90DF10103D0E9006727
:1097600031003A0002A8FCF779F901002000FCF76B
:10977000A9F902A8FCF714FA5AA8FCF718FA200075
:109780000DF5677DBDE8F08FFEB588B00400E06D93
:1097900010F114052800FBF7F0FF00902800FBF7FC
:1097A000FCFF019001A96846FCF707F8002801D0EA
:1097B000012000E00020C0B200281CD06846FCF761
:1097C0000AF807003D6828000069C04606002B4BD8
:1097D00008AA310002A8D6F800C0DCF804C0E047AF
:1097E00002A96869FBF7C4FE02A8F6F76DFA68469D
:1097F000FBF7F7FFD6E7002200210220FCF79AFDD5
:109800000BB0F0BD52756E0056414300882E00200B
:1098100090120508A02E002098120508B82E0020EE
:10982000A0120508D02E0020A81205087012050805
:109830007812050880120508E82F002095A3030878
:1098400058120508A4010508F02C00206012050834
:10985000C80105089C8A04088B980308B012050803
:109860006812050824F30408B001050834F304085D
:1098700044F30408BC01050854F3040888120508E1
:1098800010B504002000FCF7ADF9200010BD7047B2
:109890001FB5040001A890E80E00206800F09EFAB1
:1098A0001FBD10B50400200000F0D6FA682120008A
:1098B000F6F734F810BD10B50400E06DE16D0968ED
:1098C0000968884710BD10B590B00400200000F072
:1098D000FEF8DFF8C0156846F6F752FC210006A82E
:1098E00006F061F801006846FAF737FE606606A8E0
:1098F000FAF75CFF6846F6F7E7F910B010BD10B54F
:1099000086B00400DFF88C156846F6F739FC14F1D0
:109910006401FAF762FE6846F6F7D6F9206E216E0A
:109920000968C9698847002084F8200006B010BD86
:109930002DE9F041A0B005000E0000243068012898
:1099400068D17068012814D0082802D0202833D0AC
:1099500060E018A82021F1F783FFDFF83C1519A873
:10996000F6F70EFC18A8FBF764F918A8FBF774FAD1
:1099700050E0280000F076F80400002C1BD014F111
:109980001800FBF711FC804615F12C01DFF80C05DF
:10999000F6F707FB10A82021F1F762FFDFF80015AA
:1099A00011A8F6F7EDFBCDF85C8010A8FBF741F9A4
:1099B00010A8FBF751FA2DE0280000F053F804003E
:1099C000002C27D0DFF8DC8414F1180118F11800FE
:1099D000F6F7E7FA616902A8FBF7F1FD02A9404634
:1099E000FBF78CFE02A8F6F76FF915F12C0118F1C0
:1099F0003000F6F7D6FA08A82021F1F731FFDFF89A
:109A0000A81409A8F6F7BCFB08A8FBF712F908A8E8
:109A1000FBF722FA15F114084046FBF7AEFE009062
:109A20004046FBF7BAFE019001A96846FBF7C5FE68
:109A3000002801D0012000E00020C0B200280DD095
:109A40006846FBF7C8FE0700310038683A681268BC
:109A5000526890476846FBF7C4FEE5E7002020B057
:109A6000BDE8F0817CB50500E86D10F1140420001C
:109A7000FBF783FE00902000FBF78FFE019001A909
:109A80006846FBF79AFE002801D0012000E0002084
:109A9000C0B2002819D06846FBF79DFE060030686A
:109AA00031680968C96888470400002C04D0200088
:109AB0000069C046010000E00021002901D020001B
:109AC00004E06846FBF78DFED9E7002076BD2DE95E
:109AD000F847ADF5597D8246DAF86000DAF8601093
:109AE0000968C969884754A8FBF782FE0120619084
:109AF000DFF8B823D2E90001CDE9640100208DF838
:109B000050013820F9F7DEFD0400E9490CA8F6F70A
:109B100037FBE84912A8F6F733FB54A967A8FBF70F
:109B200091FE030012AA0CA92000FBF7BEFE0690CE
:109B30003820F9F7C7FD0500DF4918A8F6F720FB24
:109B4000DE491EA8F6F71CFB54A97AA8FBF77AFE9B
:109B500003001EAA18A92800FBF7A7FE07903820CB
:109B6000F9F7B0FD0600D64924A8F6F709FBD54958
:109B70002AA8F6F705FB54A98DA8FBF763FE03009E
:109B80002AAA24A93000FBF790FE08903820F9F7A4
:109B900099FD0700CC4930A8F6F7F2FACB4936A870
:109BA000F6F7EEFA54A9A0A8FBF74CFE030036AA7C
:109BB00030A93800FBF779FE09903820F9F782FDCB
:109BC0008046C3493CA8F6F7DBFAC24942A8F6F73B
:109BD000D7FA54A9B3A8FBF735FE030042AA3CA963
:109BE0004046FBF762FE0A903820F9F76BFD81468C
:109BF000B94948A8F6F7C4FAB8494EA8F6F7C0FA2A
:109C000054A9C6A8FBF71EFE03004EAA48A9484661
:109C1000FBF74BFE0B90062206A904A8FBF719FFE1
:109C200002006B46D2E900010A00010001A8FBF71F
:109C300015FF0100DAF86000FBF744FF01A8FBF70D
:109C4000AFFFC6A8FBF7B3FF4EA8F6F73DF848A84C
:109C5000F6F73AF8B3A8FBF7AAFF42A8F6F734F8EC
:109C60003CA8F6F731F8A0A8FBF7A1FF36A8F6F755
:109C70002BF830A8F6F728F88DA8FBF798FF2AA84C
:109C8000F6F722F824A8F6F71FF87AA8FBF78FFF5B
:109C90001EA8F6F719F818A8F6F716F867A8FBF744
:109CA00086FF12A8F6F710F80CA8F6F70DF854A8DE
:109CB000FBF77DFF0DF55A7DBDE8F0872DE9F043F8
:109CC000B9B004000D0029000DA8F5F719FF010037
:109CD0002000FBF777FF0DA8F5F7F6FF804820601E
:109CE00000206066012100226F463800F7F796FADF
:109CF0002820F9F7E7FC07000AA8FBF7D4FF0200C9
:109D000069463800FCF734FAE0650AA8FBF748FF1B
:109D100026A8FBF76DFDE06D3890724927A8FCF787
:109D200062FA5820F9F7CEFC070026A913A8FBF722
:109D300089FD01003800FCF7CDFA060013A8FBF7F7
:109D400036FF3100E06DFBF7B5FE674800788DF80F
:109D500000002820F9F7B6FC070007A8FBF7A3FFCF
:109D6000020069463800FCF703FA206607A8FBF7F3
:109D700017FF5E48D0E90023CDE9022330003168A7
:109D800089688847D0F13E00ADF80C00206E801D38
:109D900002A90822F1F774FD216EE06DFBF78AFE3F
:109DA000E06D0190012201A905A8FBF752FE0DF11B
:109DB0000103D0E9008941464A4602A8FBF74EFE5E
:109DC00001002000FBF77EFE02A8FBF7E9FE26A8B3
:109DD000FBF7EDFE200039B0BDE8F083FEB588B09A
:109DE0000400206E10F114052800FBF7C6FC00905B
:109DF0002800FBF7D2FC019001A96846FBF7DDFCC7
:109E0000002801D0012000E00020C0B200281CD0B2
:109E10006846FBF7E0FC07003D6828000069C04683
:109E200006001BA308AA310002A8D6F800C0DCF87F
:109E300004C0E04702A96869FBF79AFB02A8F5F79E
:109E400043FF6846FBF7CDFCD6E700220021022045
:109E5000FCF770FA0BB0F0BD10B50400204820608C
:109E6000206E216E0968C9698847E06DE16D096857
:109E7000C9698847E06D002804D0E06DE16D09688C
:109E8000896988472000FBF7ADFE200010BD000067
:109E900000000000E4000508F0000508F02C002098
:109EA00068110508C02C0020FC0005087011050889
:109EB00008010508F8DD0408140105080CDE040893
:109EC00020010508ACD2040824F20408C4D2040816
:109ED0002C010508DCD2040838010508F4D2040876
:109EE0004C890408E4DD04083A7A0308781105086F
:109EF0001FB5040001A890E80E00206800F0B4FB34
:109F00001FBD10B50400200000F0F0FB6821200008
:109F1000F5F704FD10BD10B50400E06DE16D0968B2
:109F20000968884710BD10B590B00400200000F00B
:109F3000FEF8DFF8F4176846F6F722F9210006A8C4
:109F400005F03FFD01006846FAF707FB606606A8CA
:109F5000FAF72CFC6846F5F7B7FE10B010BD10B547
:109F600086B00400DFF8C0176846F6F709F914F167
:109F70006401FAF732FB6846F5F7A6FE206E216E03
:109F80000968C9698847002084F8200006B010BD20
:109F90002DE9F041A0B005000E0000243068012832
:109FA00068D17068012814D0082802D0202833D046
:109FB00060E018A82021F1F753FCDFF8701719A80A
:109FC000F6F7DEF818A8FAF734FE18A8FAF744FFF7
:109FD00050E0280000F076F80400002C1BD014F1AB
:109FE0001800FBF7E1F8804615F12C01DFF8400777
:109FF000F5F7D7FF10A82021F1F732FCDFF834176E
:10A0000011A8F6F7BDF8CDF85C8010A8FAF711FE9C
:10A0100010A8FAF721FF2DE0280000F053F8040003
:10A02000002C27D0DFF8108714F1180118F1180060
:10A03000F5F7B7FF616902A8FBF7C1FA02A940462C
:10A04000FBF75CFB02A8F5F73FFE15F12C0118F1B8
:10A050003000F5F7A6FF08A82021F1F701FCDFF892
:10A06000DC1609A8F6F78CF808A8FAF7E2FD08A8AC
:10A07000FAF7F2FE15F114084046FBF77EFB00905C
:10A080004046FBF78AFB019001A96846FBF795FB68
:10A09000002801D0012000E00020C0B200280DD02F
:10A0A0006846FBF798FB0700310038683A68126889
:10A0B000526890476846FBF794FBE5E7002020B024
:10A0C000BDE8F0817CB50500E86D10F114042000B6
:10A0D000FBF753FB00902000FBF75FFB019001A909
:10A0E0006846FBF76AFB002801D0012000E0002051
:10A0F000C0B2002819D06846FBF76DFB0600306837
:10A1000031680968C96888470400002C04D0200021
:10A110000069C046010000E00021002901D02000B4
:10A1200004E06846FBF75DFBD9E7002076BD2DE92A
:10A13000F14FADF5DF6DDDF8F806006EDDF8F816CD
:10A14000096E0968C969884718A8FBF751FB012007
:10A150002590DFF8EC25D2E90001CDE928010020A7
:10A160008DF860003820F9F7ADFA0400DFF8D41557
:10A170002BA8F6F705F8DFF8D01531A8F6F700F8A8
:10A1800018A9C7A8FBF75EFB030031AA2BA9200082
:10A19000FBF78BFB0B903820F9F794FA0500DFF8FA
:10A1A000AC1537A8F5F7ECFFDFF8A4153DA8F5F7D7
:10A1B000E7FF18A9DAA8FBF745FB03003DAA37A97A
:10A1C0002800FBF772FB0C903820F9F77BFA0600A9
:10A1D000DFF8801543A8F5F7D3FFDFF87C1549A811
:10A1E000F5F7CEFF18A9EDA8FBF72CFB030049AA51
:10A1F00043A93000FBF759FB0D903820F9F762FABC
:10A200000700DFF858154FA8F5F7BAFFDFF850152B
:10A2100055A8F5F7B5FF18A90DF58060FBF712FBFF
:10A22000030055AA4FA93800FBF73FFB0E903820DA
:10A23000F9F748FA8046DFF82C155BA8F5F7A0FF80
:10A24000DFF8241561A8F5F79BFF18A9FFA8503087
:10A25000FBF7F8FA030061AA5BA94046FBF725FB70
:10A260000F903820F9F72EFA8146DFF8001567A81D
:10A27000F5F786FFDFF8F8146DA8F5F781FF18A948
:10A280000DF59360FBF7DEFA03006DAA67A9484657
:10A29000FBF70BFB10903820F9F714FA8246A8A1BF
:10A2A00073A8F5F76DFFDFF8CC1479A8F5F768FF10
:10A2B00018A9FFA8E830FBF7C5FA030079AA73A92B
:10A2C0005046FBF7F2FA11903820F9F7FBF9834674
:10A2D000DFF8A4147FA8F5F753FFDFF8A01485A8D2
:10A2E000F5F74EFF18A90DF5A660FBF7ABFA0300D2
:10A2F00085AA7FA95846FBF7D8FA12903820F9F7BB
:10A30000E1F901908FA18BA8F5F73AFFDFF87014FF
:10A3100091A8F5F735FF18A9FFA8FF308130FBF7AA
:10A3200091FA030091AA8BA90198FBF7BEFA13904A
:10A330003820F9F7C7F90290DFF8481497A8F5F725
:10A340001FFFDFF844149DA8F5F71AFF18A90DF5B3
:10A35000B960FBF777FA03009DAA97A90298FBF76B
:10A36000A4FA14903820F9F7ADF90390DFF81C1423
:10A37000A3A8F5F705FFDFF81814A9A8F5F700FF63
:10A3800018A940F214606844FBF75CFA0300A9AA1C
:10A39000A3A90398FBF789FA15903820F9F792F9E9
:10A3A0000490D0A1AFA8F5F7EBFEDFF8E813B5A84D
:10A3B000F5F7E6FE18A90DF5CC60FBF743FA0300AC
:10A3C000B5AAAFA90498FBF770FA16903820F9F7F0
:10A3D00079F90590C4A1BBA8F5F7D2FEEE49C1A852
:10A3E000F5F7CEFE18A940F2AC606844FBF72AFAF4
:10A3F0000300C1AABBA90598FBF757FA17900D22D5
:10A400000BA909A8FBF725FB02006B46D2E9000166
:10A410000A00010006A8FBF721FB0100DDF8F806A1
:10A42000006EFBF74FFB06A8FBF7BAFB40F2AC60EF
:10A430006844FBF7BCFBC1A8F5F746FCBBA8F5F7E1
:10A4400043FC0DF5CC60FBF7B2FBB5A8F5F73CFC7F
:10A45000AFA8F5F739FC40F214606844FBF7A7FB9E
:10A46000A9A8F5F731FCA3A8F5F72EFC0DF5B96006
:10A47000FBF79DFB9DA8F5F727FC97A8F5F724FCB3
:10A48000FFA8FF308130FBF792FB91A8F5F71CFC89
:10A490008BA8F5F719FC0DF5A660FBF788FB85A8DE
:10A4A000F5F712FC7FA8F5F70FFCFFA8E830FBF7E3
:10A4B0007EFB79A8F5F708FC73A8F5F705FC0DF508
:10A4C0009360FBF774FB6DA8F5F7FEFB67A8F5F743
:10A4D000FBFBFFA85030FBF76AFB61A8F5F7F4FB24
:10A4E0005BA8F5F7F1FB0DF58060FBF760FB55A865
:10A4F000F5F7EAFB4FA8F5F7E7FBEDA8FBF757FBED
:10A5000049A8F5F7E1FB43A8F5F7DEFBDAA8FBF76E
:10A510004EFB3DA8F5F7D8FB37A8F5F7D5FBC7A844
:10A52000FBF745FB31A8F5F7CFFB2BA8F5F7CCFBE4
:10A5300018A8FBF73CFB0DF5C06D3FB0BDE8F08FF0
:10A5400046696E00553556002DE9F043B9B0040058
:10A550000D0029000DA8F5F7D3FA01002000FBF744
:10A5600031FB0DA8F5F7B0FB8C4820600020606639
:10A57000012100226F463800F6F750FE2820F9F737
:10A58000A1F807000AA8FBF78EFB02006946380015
:10A59000FBF7EEFDE0650AA8FBF702FB26A8FBF738
:10A5A00027F9E06D38907E4927A8FBF71CFE58205C
:10A5B000F9F788F8070026A913A8FBF743F901006B
:10A5C0003800FBF787FE060013A8FBF7F0FA31000E
:10A5D000E06DFBF76FFA734800788DF800002820D3
:10A5E000F9F770F8070007A8FBF75DFB0200694662
:10A5F0003800FBF7BDFD206607A8FBF7D1FA6A48D3
:10A60000D0E90023CDE9022330003168896888470A
:10A61000D0F13E00ADF80C00206E801D02A908228A
:10A62000F1F72EF9216EE06DFBF744FAE06D019031
:10A63000012201A905A8FBF70CFA0DF10103D0E9ED
:10A64000008941464A4602A8FBF708FA01002000AB
:10A65000FBF738FA02A8FBF7A3FA26A8FBF7A7FA3C
:10A66000200039B0BDE8F083FEB588B00400206E4C
:10A6700010F114052800FBF780F800902800FBF784
:10A680008CF8019001A96846FBF797F8002801D0E3
:10A69000012000E00020C0B200281CD06846FBF773
:10A6A0009AF807003D6828000069C04606001DA30F
:10A6B00008AA310002A8D6F800C0DCF804C0E047C0
:10A6C00002A96869FAF754FF02A8F5F7FDFA68468F
:10A6D000FBF787F8D6E7002200210220FBF72AFECD
:10A6E0000BB0F0BD55696E0049696E0010B50400ED
:10A6F0002A482060206E216E0968C9698847E06D8C
:10A70000E16D0968C9698847E06D002804D0E06DF3
:10A71000E16D0968896988472000FBF763FA20002A
:10A7200010BD00000000000030130508EC01050812
:10A73000F02C002038130508C02C0020F801050873
:10A740008013050804020508E4D304081002050874
:10A75000C0DE04084813050874F304085013050804
:10A7600084F304085813050894F3040860130508DB
:10A77000A4F304081C02050868130508B4F30408D0
:10A780002802050870130508C4F3040878130508A7
:10A79000D4F3040834020508400205087C8B040841
:10A7A00040130508E6A60308881305081FB5040032
:10A7B00001A890E80E00206800F0F4FA1FBD10B563
:10A7C0000400200000F02CFB68212000F5F7A6F81B
:10A7D00010BD10B50400E06DE16D09680968884797
:10A7E00010BD10B590B00400200000F005F9DFF8AE
:10A7F0006C166846F5F7C4FC210006A805F0EFF8D2
:10A8000001006846F9F7A9FE606606A8F9F7CEFFD1
:10A810006846F5F759FA10B010BD10B586B00400BF
:10A82000DFF838166846F5F7ABFC14F16401F9F768
:10A83000D4FE6846F5F748FA206E216E0968C969AA
:10A840008847002084F8200006B010BD2DE9F843A9
:10A85000A6B005000E000024306801286FD1706892
:10A86000012814D0082802D0202833D067E01EA881
:10A870002021F0F7F5FFDFF8E8151FA8F5F780FCB9
:10A880001EA8FAF7D6F91EA8FAF7E6FA57E028004C
:10A8900000F07DF80400002C1BD014F11800FAF72A
:10A8A00083FC804615F12C01DFF8B805F5F779FB3C
:10A8B00016A82021F0F7D4FFDFF8AC1517A8F5F79C
:10A8C0005FFCCDF8748016A8FAF7B3F916A8FAF76A
:10A8D000C3FA34E0280000F05AF80400002C2ED00F
:10A8E000DFF8888518F1180914F118014846F5F7C2
:10A8F00058FB616902A8FAF762FE02A94046FAF71E
:10A90000FDFE02A8F5F7E0F915F12C0118F1300071
:10A91000F5F747FB494610A8FAF72CFA08A82021BA
:10A92000F0F79EFF10A909A8F5F7EAF808A8FAF7CA
:10A9300080F908A8FAF790FA10A8F5F7C5F915F10B
:10A9400014084046FAF719FF00904046FAF725FF31
:10A95000019001A96846FAF730FF002801D00120D4
:10A9600000E00020C0B200280DD06846FAF733FF9F
:10A970000700310038683A681268526890476846A4
:10A98000FAF72FFFE5E7002027B0BDE8F0837CB59C
:10A990000500E86D10F114042000FAF7EEFE0090B7
:10A9A0002000FAF7FAFE019001A96846FAF705FFC0
:10A9B000002801D0012000E00020C0B2002819D0FA
:10A9C0006846FAF708FF0600306831680968C96808
:10A9D00088470400002C04D020000069C046010014
:10A9E00000E00021002901D0200004E06846FAF7C9
:10A9F000F8FED9E7002076BD2DE9F14FADF58D6D5C
:10AA0000DDF86804006EDDF86814096E0968C9692C
:10AA100088476FA8FAF7ECFE01207C90DFF85024FD
:10AA2000D2E90001CDE97F0100208DF8BC0138207A
:10AA3000F8F748FE0400DFF83C140FA8F5F7A0FB78
:10AA4000DFF8341415A8F5F79BFB6FA982A8FAF775
:10AA5000F9FE030015AA0FA92000FAF726FF0790B8
:10AA60003820F8F72FFE0500DFF810141BA8F5F7C3
:10AA700087FBDFF80C1421A8F5F782FB6FA995A8D6
:10AA8000FAF7E0FE030021AA1BA92800FAF70DFF40
:10AA900008903820F8F716FE0600DFF8E81327A81C
:10AAA000F5F76EFBDFF8E0132DA8F5F769FB6FA94A
:10AAB000A8A8FAF7C7FE03002DAA27A93000FAF7C5
:10AAC000F4FE0DF11C0BCBF808003820F8F7FAFD66
:10AAD0000700EE4933A8F5F753FBED4939A8F5F720
:10AAE0004FFB6FA9BBA8FAF7ADFE030039AA33A943
:10AAF0003800FAF7DAFE0A903820F8F7E3FD8046CE
:10AB0000E4493FA8F5F73CFBE34945A8F5F738FBD6
:10AB10006FA9CEA8FAF796FE030045AA3FA94046C2
:10AB2000FAF7C3FE0B903820F8F7CCFD8146DB49DD
:10AB30004BA8F5F725FBDA4951A8F5F721FB6FA9DA
:10AB4000E1A8FAF77FFE030051AA4BA94846FAF79D
:10AB5000ACFE0C903820F8F7B5FD8246D14957A8D5
:10AB6000F5F70EFBD0495DA8F5F70AFB6FA9F4A82D
:10AB7000FAF768FE03005DAA57A95046FAF795FE5A
:10AB80000D903820F8F79EFD0190C84963A8F5F7AD
:10AB9000F7FAC74969A8F5F7F3FA6FA9FFA82030BB
:10ABA000FAF750FE030069AA63A90198FAF77DFE3F
:10ABB000CBF81C00082207A905A8FAF74AFF0200F3
:10ABC0006B46D2E900010A00010002A8FAF746FF2D
:10ABD0000100DDF86804006EFAF774FF02A8FAF7C6
:10ABE000DFFFFFA82030FAF7E2FF69A8F5F76CF85D
:10ABF00063A8F5F769F8F4A8FAF7D9FF5DA8F5F7A7
:10AC000063F857A8F5F760F8E1A8FAF7D0FF51A864
:10AC1000F5F75AF84BA8F5F757F8CEA8FAF7C7FF9B
:10AC200045A8F5F751F83FA8F5F74EF8BBA8FAF795
:10AC3000BEFF39A8F5F748F833A8F5F745F8A8A8F6
:10AC4000FAF7B5FF2DA8F5F73FF827A8F5F73CF878
:10AC500095A8FAF7ACFF21A8F5F736F81BA8F5F789
:10AC600033F882A8FAF7A3FF15A8F5F72DF80FA877
:10AC7000F5F72AF86FA8FAF79AFF0DF5806D1BB06B
:10AC8000BDE8F08F2DE9F043B9B004000D002900B4
:10AC90000DA8F4F735FF01002000FAF793FF0DA887
:10ACA000F5F712F883482060002060660121002239
:10ACB0006F463800F6F7B2FA2820F8F703FD0700D0
:10ACC0000AA8FAF7F0FF020069463800FBF750FACD
:10ACD000E0650AA8FAF764FF26A8FAF789FDE06D97
:10ACE0003890754927A8FBF77EFA5820F8F7EAFC58
:10ACF000070026A913A8FAF7A5FD01003800FBF705
:10AD0000E9FA060013A8FAF752FF3100E06DFAF7EE
:10AD1000D1FE6A4800788DF800002820F8F7D2FCB0
:10AD2000070007A8FAF7BFFF020069463800FBF7E3
:10AD30001FFA206607A8FAF733FF6148D0E900231D
:10AD4000CDE902233000316889688847D0F13E00A0
:10AD5000ADF80C00206E801D02A90822F0F790FDCE
:10AD6000216EE06DFAF7A6FEE06D0190012201A9C7
:10AD700005A8FAF76EFE0DF10103D0E900894146FE
:10AD80004A4602A8FAF76AFE01002000FAF79AFE86
:10AD900002A8FAF705FF26A8FAF709FF200039B044
:10ADA000BDE8F083FEB588B00400206E10F11405F4
:10ADB0002800FAF7E2FC00902800FAF7EEFC019078
:10ADC00001A96846FAF7F9FC002801D0012000E04B
:10ADD0000020C0B200281CD06846FAF7FCFC07002F
:10ADE0003D6828000069C04606001BA308AA310080
:10ADF00002A8D6F800C0DCF804C0E04702A96869E0
:10AE0000FAF7B6FB02A8F4F75FFF6846FAF7E9FC29
:10AE1000D6E7002200210220FBF78CFA0BB0F0BD30
:10AE200010B5040023482060206E216E0968C969AE
:10AE30008847E06DE16D0968C9698847E06D0028C1
:10AE400004D0E06DE16D0968896988472000FAF750
:10AE5000C9FE200010BD0000000000008C010508A4
:10AE600098010508F02C002000120508C02C0020D5
:10AE7000481205080812050824D304081012050812
:10AE80003CD304081812050854D3040820120508FE
:10AE90006CD304082812050884D30408301205086E
:10AEA0009CD3040838120508B4D3040840120508DE
:10AEB000CCD30408648A040814F304088A980308AD
:10AEC0005012050870B504000D001600320029006C
:10AED000206800F092F870BD10B50400200000F06A
:10AEE0000FFAA0212000F4F719FD10BD10B50400E1
:10AEF000E06DE16D09680968884710BD38B5040048
:10AF0000DFF8485415F1180114F16C00F5F749F811
:10AF1000290014F18400F5F744F814F16C00FAF7F5
:10AF200043F9A066200000F0BEF831BD10B5040062
:10AF3000206E216E0968C9698847002084F82000C6
:10AF400010BD70B592B004000D0014F1140630006D
:10AF5000FAF713FC00903000FAF71FFC019001A9EA
:10AF60006846FAF72AFC002801D0012000E0002002
:10AF7000C0B200280DD06846FAF72DFC0600290063
:10AF8000306832681268526890476846FAF729FCC0
:10AF9000E5E72868012819D16868082802D0202828
:10AFA0000FD013E00AA82021F0F75AFC0BA8F9F7FC
:10AFB000FAFE0AA8F9F73DFE0AA8F9F74DFF0120AD
:10AFC00019E0200000F023F8012014E094F89C0020
:10AFD00000280FD0002084F89C0002A82021F0F760
:10AFE0003FFC03A8F9F7DFFE02A8F9F722FE02A84A
:10AFF000F9F732FF002012B070BD002903D08B8812
:10B0000053F002038B80012380F89C30704738B5E1
:10B0100090B005002900684600F01FF8290006A836
:10B0200004F0EBFC0200694615F16C0004F0DCFB57
:10B03000040006A803F052F8E4B2002C01D001206D
:10B0400000E00020C0B2002802D1012085F89C0059
:10B050006846F4F739FE11B030BDF8B58CB0050084
:10B060000E00306E316E0968C96888470400B6A1C9
:10B070002800F5F785F8002C13D0210006A8FAF770
:10B080009EFAB76E06AA3900684604F038FE694693
:10B090002800FAF733FB6846F4F716FE06A8F4F723
:10B0A00013FE0DB0F0BD2DE9F043B3B00400206EE7
:10B0B000216E0968C9698847A16E07A8A26E126847
:10B0C0001268904707A9606EFAF752FA07A8F4F7DA
:10B0D000FBFD20A8FAF78CFB01202D909C4AD2E9B9
:10B0E0000001CDE9300100208DF88000A76E5FF0EF
:10B0F000FF30ADF800006B4614F18402390004A85B
:10B1000004F042FD5FF000080DF11009484601F01F
:10B11000A7FD0190484601F0B3FD039003A901A8E3
:10B1200001F0BEFD002801D0012000E00020C0B2E7
:10B1300000282BD001A801F0C1FD0600310021A894
:10B14000F4F72FFF5420F8F7BDFA814620A90DA887
:10B15000FAF778FB01004846FAF75EFA05000DA8F9
:10B16000FAF725FD404610F1010880B2BDF9001044
:10B17000884201D101202871029502A9206E143065
:10B1800004F0CAFE01A801F0BDFEC7E70020216E51
:10B190008884BDF9000010F1010F03D0BDF9000053
:10B1A00080B200E00020216E488404A801F0BDF9BF
:10B1B000216EC88404A8FBF71BFC20A8FAF7F7FC53
:10B1C00033B0BDE8F083F0B5B9B004000D0029003C
:10B1D0000DA8F4F795FC01002000FAF7F3FC0DA888
:10B1E000F4F772FD5B4820600020A06656A631008F
:10B1F00014F16C00F4F7C4FF310014F18400F4F78B
:10B20000BFFF002084F89C00012100226E46300020
:10B21000F6F704F82820F8F755FA06000AA8FAF716
:10B2200042FD020069463000FAF7A2FFE0650AA875
:10B23000FAF7B6FC26A8FAF7DBFAE06D3890464933
:10B2400027A8FAF7D0FF5820F8F73CFA060026A9FD
:10B2500013A8FAF7F7FA01003000FBF73BF8606635
:10B2600013A8FAF7A4FC616EE06DFAF723FC3B48E3
:10B2700000788DF800002820F8F724FA060007A8C7
:10B28000FAF711FD020069463000FAF771FF2066F7
:10B2900007A8FAF785FC3248D0E90023CDE902235C
:10B2A000606E616E096889688847D0F13E00ADF82C
:10B2B0000C00206E801D02A90822F0F7E1FA216E31
:10B2C000E06DFAF7F7FBE06D0190012201A905A8F6
:10B2D000FAF7BFFB0DF10103D0E9006731003A0036
:10B2E00002A8FAF7BBFB01002000FAF7EBFB02A86B
:10B2F000FAF756FC26A8FAF75AFC200039B0F0BD40
:10B3000010B5040013482060206E216E0968C969D9
:10B310008847E06DE16D0968C9698847E06D0028DC
:10B3200004D0E06DE16D09688969884714F18400F3
:10B33000F4F7CAFC14F16C00F4F7C6FC2000FAF72D
:10B3400051FC200010BD000000000000C02C0020B7
:10B35000201305080C8B040864F3040802A50308F5
:10B360002813050810B50400200000F070FB6821C8
:10B370002000F4F7D3FA10BD10B50400E06DE16DC4
:10B3800009680968884710BD10B50400200000F066
:10B3900000F910BD10B50400206E216E0968C9695E
:10B3A0008847002084F8200010BD2DE9F843A6B09E
:10B3B00005000E000024306801281DD0032840F04D
:10B3C0008B80DFF8C48698F80000002807D098F832
:10B3D000000098F80000401E88F800000BE0DFF83D
:10B3E000AC0690E80E00280000F0F3FA0A2088F876
:10B3F000000098F800006FE07068012814D0082859
:10B4000002D0202833D067E01EA82021F0F728FAC8
:10B41000DFF87C161FA8F4F7B3FE1EA8F9F709FCA5
:10B420001EA8F9F719FD57E0280000F07DF8040088
:10B43000002C1BD014F11800F9F7B6FE804615F168
:10B440002C01DFF85006F4F7ACFD16A82021F0F728
:10B4500007FADFF8441617A8F4F792FECDF87480C7
:10B4600016A8F9F7E6FB16A8F9F7F6FC34E0280071
:10B4700000F05AF80400002C2ED0DFF8208618F1D6
:10B48000180914F118014846F4F78BFD616902A808
:10B49000FAF795F802A94046FAF730F902A8F4F74E
:10B4A00013FC15F12C0118F13000F4F77AFD494630
:10B4B00010A8F9F75FFC08A82021F0F7D1F910A92E
:10B4C00009A8F4F71DFB08A8F9F7B3FB08A8F9F7DA
:10B4D000C3FC10A8F4F7F8FB15F114084046FAF77E
:10B4E0004CF900904046FAF758F9019001A96846D6
:10B4F000FAF763F9002801D0012000E00020C0B273
:10B5000000280DD06846FAF766F907003100386860
:10B510003A681268526890476846FAF762F9E5E7B8
:10B52000002027B0BDE8F0837CB50500E86D10F180
:10B5300014042000FAF721F900902000FAF72DF901
:10B54000019001A96846FAF738F9002801D00120D6
:10B5500000E00020C0B2002819D06846FAF73BF995
:10B560000600306831680968C96888470400002C03
:10B5700004D020000069C046010000E0002100293D
:10B5800001D0200004E06846FAF72BF9D9E7002043
:10B5900076BD2DE9F14FADF5AE6DDDF87005006EAD
:10B5A000DDF87015096E0968C96988478AA8FAF735
:10B5B0001FF901209790DFF8E824D2E90001CDE9D6
:10B5C0009A0100208DF828023820F8F77BF8040053
:10B5D000DFF8D01412A8F4F7D3FDDFF8CC1418A8C4
:10B5E000F4F7CEFD8AA99DA8FAF72CF9030018AA52
:10B5F00012A92000FAF759F908903820F8F762F8F4
:10B600000500DFF8A8141EA8F4F7BAFDDFF8A014AF
:10B6100024A8F4F7B5FD8AA9B0A8FAF713F9030036
:10B6200024AA1EA92800FAF740F909903820F8F753
:10B6300049F80600DFF87C142AA8F4F7A1FDDFF82A
:10B64000781430A8F4F79CFD8AA9C3A8FAF7FAF891
:10B65000030030AA2AA93000FAF727F90A90382007
:10B66000F8F730F80700DFF8541436A8F4F788FD2F
:10B67000DFF84C143CA8F4F783FD8AA9D6A8FAF7A2
:10B68000E1F803003CAA36A93800FAF70EF90B904E
:10B690003820F8F717F88046DFF8281442A8F4F7A6
:10B6A0006FFDDFF8241448A8F4F76AFD8AA9E9A819
:10B6B000FAF7C8F8030048AA42A94046FAF7F5F895
:10B6C0000C903820F7F7FEFF8146DFF800144EA8F3
:10B6D000F4F756FDDFF8F81354A8F4F751FD8AA9E2
:10B6E000FCA8FAF7AFF8030054AA4EA94846FAF7A7
:10B6F000DCF80D903820F7F7E5FF8246DFF8D41329
:10B700005AA8F4F73DFDDFF8D01360A8F4F738FD30
:10B710008AA9FFA84030FAF795F8030060AA5AA951
:10B720005046FAF7C2F80E903820F7F7CBFF834661
:10B73000EA4966A8F4F724FDE9496CA8F4F720FD6E
:10B740008AA90DF59160FAF77DF803006CAA66A945
:10B750005846FAF7AAF80F903820F7F7B3FF019090
:10B76000E04972A8F4F70CFDDF4978A8F4F708FD6A
:10B770008AA9FFA8D830FAF765F8030078AA72A959
:10B780000198FAF792F810903820F7F79BFF029093
:10B79000D6497EA8F4F7F4FCD54984A8F4F7F0FC68
:10B7A0008AA90DF5A460FAF74DF8030084AA7EA9D2
:10B7B0000298FAF77AF811900A2208A906A8FAF76F
:10B7C00048F902006B46D2E900010A00010003A813
:10B7D000FAF744F90100DDF87005006EFAF772F926
:10B7E00003A8FAF7DDF90DF5A460FAF7E0F984A8EB
:10B7F000F4F76AFA7EA8F4F767FAFFA8D830FAF7E8
:10B80000D6F978A8F4F760FA72A8F4F75DFA0DF5A6
:10B810009160FAF7CCF96CA8F4F756FA66A8F4F739
:10B8200053FAFFA84030FAF7C2F960A8F4F74CFACF
:10B830005AA8F4F749FAFCA8FAF7B9F954A8F4F7AA
:10B8400043FA4EA8F4F740FAE9A8FAF7B0F948A885
:10B85000F4F73AFA42A8F4F737FAD6A8FAF7A7F9B4
:10B860003CA8F4F731FA36A8F4F72EFAC3A8FAF791
:10B870009EF930A8F4F728FA2AA8F4F725FAB0A818
:10B88000FAF795F924A8F4F71FFA1EA8F4F71CFAA2
:10B890009DA8FAF78CF918A8F4F716FA12A8F4F78D
:10B8A00013FA8AA8FAF783F90DF5A06D1DB0BDE86B
:10B8B000F08F2DE9F043B9B004000D0029000DA868
:10B8C000F4F71EF901002000FAF77CF90DA8F4F74F
:10B8D000FBF98848206000206066012100226F4645
:10B8E0003800F5F79BFC2820F7F7ECFE07000AA8C4
:10B8F000FAF7D9F9020069463800FAF739FCE06531
:10B900000AA8FAF74DF926A8F9F772FFE06D38900A
:10B91000794927A8FAF767FC5820F7F7D3FE070004
:10B9200026A913A8F9F78EFF01003800FAF7D2FC18
:10B93000060013A8FAF73BF93100E06DFAF7BAF800
:10B940006E4800788DF800002820F7F7BBFE07004E
:10B9500007A8FAF7A8F9020069463800FAF708FCC8
:10B96000206607A8FAF71CF96548D0E90023CDE95D
:10B9700002233000316889688847D0F13E00ADF875
:10B980000C00206E801D02A90822EFF779FF216EBE
:10B99000E06DFAF78FF8E06D0190012201A905A88A
:10B9A000FAF757F80DF10103D0E9008941464A46FC
:10B9B00002A8FAF753F801002000FAF783F802A86A
:10B9C000FAF7EEF826A8FAF7F2F8200039B0BDE849
:10B9D000F083FEB588B00400206E10F11405280035
:10B9E000F9F7CBFE00902800F9F7D7FE019001A9E6
:10B9F0006846F9F7E2FE002801D0012000E00020AF
:10BA0000C0B200281CD06846F9F7E5FE07003D6883
:10BA100028000069C04606001AA308AA310002A83F
:10BA2000D6F800C0DCF804C0E04702A96869F9F75D
:10BA30009FFD02A8F4F748F96846F9F7D2FED6E769
:10BA4000002200210220FAF775FC0BB0F0BD10B502
:10BA5000040028482060206E216E0968C969884763
:10BA6000E06DE16D0968C9698847E06D002804D080
:10BA7000E06DE16D0968896988472000FAF7B2F83E
:10BA8000200010BD00000000A6300020E0010508E5
:10BA9000D4010508F02C0020B8120508C02C0020A5
:10BAA00010130508C012050820AE0408C8120508C6
:10BAB00040AE0408D012050860AE0408D81205088C
:10BAC00080AE0408E0120508A0AE0408E8120508DC
:10BAD000C0AE0408F0120508E0AE0408F81205082C
:10BAE00000AF04080013050824C90408081305085A
:10BAF000ACDE0408D48A040898DE0408F79F030823
:10BB0000181305081FB5040001A890E80E0020686E
:10BB100000F016FA1FBD10B50400200000F04EFA28
:10BB200068212000F3F7FAFE10BD10B50400E06DA7
:10BB3000E16D09680968884710BD10B590B0040030
:10BB4000200000F0FDF8DFF8B0146846F4F718FBA9
:10BB5000210006A804F06EFA01006846F8F7FDFC23
:10BB6000606606A8F8F722FE6846F4F7ADF810B054
:10BB700010BD10B586B00400DFF87C146846F4F7F9
:10BB8000FFFA14F16401F8F728FD6846F4F79CF811
:10BB9000206E216E0968C9698847002084F820005A
:10BBA00006B010BD2DE9F041A0B005000E00002444
:10BBB0003068012867D17068012814D0082802D0A5
:10BBC000202833D05FE018A82021EFF749FEDFF8E6
:10BBD0002C1419A8F4F7D4FA18A8F9F72AF818A819
:10BBE000F9F73AF94FE0280000F075F80400002C4E
:10BBF0001BD014F11800F9F7D7FA804615F12C0183
:10BC0000DFF8FC03F4F7CDF910A82021EFF728FEA8
:10BC1000DFF8F01311A8F4F7B3FACDF85C8010A8A0
:10BC2000F9F707F810A8F9F717F92CE0280000F049
:10BC300052F80400002C26D0DFF8CC8314F1180150
:10BC400018F11800F4F7ADF9616902A8F9F7B7FC2B
:10BC500002A94046F9F752FD02A8F4F735F815F1AC
:10BC60002C0118F13000F4F79CF908A82021EFF717
:10BC7000F7FDE64909A8F4F783FA08A8F8F7D9FF11
:10BC800008A8F9F7E9F815F114084046F9F775FD29
:10BC900000904046F9F781FD019001A96846F9F747
:10BCA0008CFD002801D0012000E00020C0B2002857
:10BCB0000DD06846F9F78FFD0700310038683A6803
:10BCC0001268526890476846F9F78BFDE5E7002057
:10BCD00020B0BDE8F0817CB50500E86D10F11404DA
:10BCE0002000F9F74AFD00902000F9F756FD019079
:10BCF00001A96846F9F761FD002801D0012000E0A4
:10BD00000020C0B2002819D06846F9F764FD06008B
:10BD1000306831680968C96888470400002C04D07D
:10BD200020000069C046010000E00021002901D088
:10BD3000200004E06846F9F754FDD9E7002076BDFD
:10BD40002DE97843D9B00400206E216E0968C969D5
:10BD5000884746A8F9F74CFD01205390AC4AD2E938
:10BD60000001CDE9560100208DF818013820F7F7C1
:10BD7000A9FC0500A74908A8F4F702FAA6490EA8ED
:10BD8000F4F7FEF946A920A8F9F75CFD03000EAA16
:10BD900008A92800F9F789FD01903820F7F792FCEF
:10BDA00006009E4914A8F4F7EBF99D491AA8F4F788
:10BDB000E7F946A933A8F9F745FD03001AAA14A923
:10BDC0003000F9F772FD0290022201A906A8F9F7E6
:10BDD00040FE6B46D0E9008941464A4603A8F9F780
:10BDE0003DFE0100206EF9F76DFE03A8F9F7D8FEBD
:10BDF00033A8F9F7DCFE1AA8F3F766FF14A8F3F7E7
:10BE000063FF20A8F9F7D3FE0EA8F3F75DFF08A89B
:10BE1000F3F75AFF46A8F9F7CAFE5AB0BDE8708397
:10BE20002DE9F043B9B004000D0029000DA8F3F787
:10BE300067FE01002000F9F7C5FE0DA8F3F744FFE7
:10BE40007848206000206066012100226F4638009B
:10BE5000F5F7E4F92820F7F735FC07000AA8F9F709
:10BE600022FF020069463800FAF782F9E0650AA865
:10BE7000F9F796FE26A8F9F7BBFCE06D38906A4901
:10BE800027A8FAF7B0F95820F7F71CFC070026A9F5
:10BE900013A8F9F7D7FC01003800FAF71BFA0600DF
:10BEA00013A8F9F784FE3100E06DF9F703FE5F484F
:10BEB00000788DF800002820F7F704FC070007A899
:10BEC000F9F7F1FE020069463800FAF751F92066E9
:10BED00007A8F9F765FE5648D0E90023CDE902230B
:10BEE0003000316889688847D0F13E00ADF80C0019
:10BEF000206E801D02A90822EFF7C2FC216EE06DC2
:10BF0000F9F7D8FDE06D0190012201A905A8F9F724
:10BF1000A0FD0DF10103D0E9008941464A4602A87F
:10BF2000F9F79CFD01002000F9F7CCFD02A8F9F714
:10BF300037FE26A8F9F73BFE200039B0BDE8F083B4
:10BF4000FEB588B00400206E10F114052800F9F742
:10BF500014FC00902800F9F720FC019001A9684624
:10BF6000F9F72BFC002801D0012000E00020C0B22E
:10BF700000281CD06846F9F72EFC07003D68280011
:10BF80000069C04606001BA308AA310002A8D6F823
:10BF900000C0DCF804C0E04702A96869F9F7E8FAD4
:10BFA00002A8F3F791FE6846F9F71BFCD6E70022DA
:10BFB00000210220FAF7BEF90BB0F0BD10B5040065
:10BFC00018482060206E216E0968C9698847E06DB5
:10BFD000E16D0968C9698847E06D002804D0E06D0B
:10BFE000E16D0968896988472000F9F7FBFD2000A9
:10BFF00010BD00000000000038110508C000050851
:10C00000F02C002040110508C02C0020CC000508B1
:10C01000581105084811050804F2040850110508D4
:10C0200014F2040814890408D80005088A79030862
:10C0300060110508F8B5ACB004000D002900684691
:10C04000F3F75EFD01002000FCF77DFA6846F3F788
:10C050003BFE9448206019A8F9F7CAFB206E2B908C
:10C0600091491AA8FAF7BFF85820F7F72BFB0700F9
:10C0700019A906A8F9F7E6FB01003800FAF72AF932
:10C08000060006A8F9F793FD0021206E143001F098
:10C09000E6F80068002802D0016889698847002115
:10C0A000206E143001F0DBF8066019A8F9F77FFD67
:10C0B00020002DB0F0BD2DE9F847ADF5597D824641
:10C0C000DAF86400DAF864100968C969884754A886
:10C0D000F9F78EFB01206190744AD2E90001CDE9A5
:10C0E000640100208DF850013820F7F7EBFA0400C6
:10C0F0006F490CA8F4F744F86E4912A8F4F740F819
:10C1000054A967A8F9F79EFB030012AA0CA9200006
:10C11000F9F7CBFB06903820F7F7D4FA050066490B
:10C1200018A8F4F72DF865491EA8F4F729F854A9C2
:10C130007AA8F9F787FB03001EAA18A92800F9F7C7
:10C14000B4FB07903820F7F7BDFA06005C4924A835
:10C15000F4F716F85B492AA8F4F712F854A98DA849
:10C16000F9F770FB03002AAA24A93000F9F79DFB18
:10C1700008903820F7F7A6FA0700534930A8F3F7DC
:10C18000FFFF524936A8F3F7FBFF54A9A0A8F9F71F
:10C1900059FB030036AA30A93800F9F786FB09904D
:10C1A0003820F7F78FFA804649493CA8F3F7E8FFB3
:10C1B000484942A8F3F7E4FF54A9B3A8F9F742FBB2
:10C1C000030042AA3CA94046F9F76FFB0A903820C9
:10C1D000F7F778FA8146404948A8F3F7D1FF3F497D
:10C1E0004EA8F3F7CDFF54A9C6A8F9F72BFB03001F
:10C1F0004EAA48A94846F9F758FB0B90062206A913
:10C2000004A8F9F726FC02006B46D2E900010A00F7
:10C21000010001A8F9F722FC0100DAF86400F9F73F
:10C2200051FC01A8F9F7BCFCC6A8F9F7C0FC4EA860
:10C23000F3F74AFD48A8F3F747FDB3A8F9F7B7FCB1
:10C2400042A8F3F741FD3CA8F3F73EFDA0A8F9F79B
:10C25000AEFC36A8F3F738FD30A8F3F735FD8DA80E
:10C26000F9F7A5FC2AA8F3F72FFD24A8F3F72CFD76
:10C270007AA8F9F79CFC1EA8F3F726FD18A8F3F797
:10C2800023FD67A8F9F793FC12A8F3F71DFD0CA88E
:10C29000F3F71AFD54A8F9F78AFC0DF55A7DBDE8AD
:10C2A000F0870000947E0408E4F30408A013050856
:10C2B0009013050840C904084C020508FCD3040883
:10C2C000981305085CC904085802050814D404082A
:10C2D0006402050878C904087002050894C90408B6
:10C2E00038B504000D0028782070291D201DF3F7B3
:10C2F00058FEE869E061200032BDFEB506000F007F
:10C300003A003100684603F0A3FEDDE90045002055
:10C3100000906A462900200003F0A2FE0098FEBDAE
:10C3200078B585B004000D002900200001F007FB5E
:10C330000290200001F015FB049004A902A801F06E
:10C3400020FB002816D102A80068C046010020008A
:10C3500001F020FB0600200001F027FB320029003D
:10C36000F4F761FC002801D1012000E0002090F0EA
:10C37000010000E00120C0B200280CD0290003A871
:10C38000F4F792FC01A8009003AB064A0299200042
:10C3900003F073FE029002A801F032FB183006B0E1
:10C3A00070BD00BF67A80308FEB506000F003A0085
:10C3B0003100684603F086FEDDE90045002000906C
:10C3C0006A462900200003F085FE0098FEBD7CB57A
:10C3D00004000D002900200003F089FE00902000D9
:10C3E00003F097FE019001A9684603F0A2FE002821
:10C3F00016D168460068C0460100200003F0A2FE86
:10C400000600200003F0A9FE32002900F4F70BFC1F
:10C41000002801D1012000E0002090F0010000E0A0
:10C420000120C0B2002801D0F4F754F9684603F0A7
:10C430009AFE183076BD0160182303FB02F30B440B
:10C440004360704776B504001D002900200003F00A
:10C4500092FE68464068C046060068460068C046CE
:10C4600001003200200003F08CFE200076BD70B584
:10C4700004000D0016002800C046C0460100200040
:10C48000F3F77EFE3000C046C046010014F11800EC
:10C49000F3F776FE200070BD70B504000D001600A5
:10C4A0002800C046C04601002000F3F769FE3000B6
:10C4B000C046C046010014F11800F3F761FE2000E9
:10C4C00070BD70B504000D0016002800C046C046BF
:10C4D00001002000F3F754FE3000C046C0460100C2
:10C4E00014F11800F3F74CFE200070BD70B5040085
:10C4F0000D0016002800C046C04601002000F3F7DA
:10C500003FFE3000C046C046010014F11800F3F7AA
:10C5100037FE200070BD1CB504000DF10102694614
:10C52000200003F03BFE200016BD38B504002000BB
:10C5300003F03AFE0500200003F03DFE2968006884
:10C54000091A182091FBF0F032BD704780B5A2485F
:10C5500003F037FE01BD80B500F040F801BD70B5B5
:10C5600086B004000D009C4E2900300003F033FE1D
:10C57000002801D0012000E00020C0B200280FD028
:10C580002900300003F03AFE01006846F3F7B8FADC
:10C5900001002000F7F7B1F96846F3F795FB03E0D7
:10C5A0008CA12000F3F7ECFD06B070BD38B5040097
:10C5B000894D2100280003F00EFE002801D0012043
:10C5C00000E00020C0B2002806D02100280003F0BF
:10C5D00015FE008E80B200E0002032BD38B596B066
:10C5E0007E49684600F01EFB0098002842D0019961
:10C5F0000098F9F701FF019B009A2F2104A8FAF790
:10C600009CF804AD280000F02BFB0290280000F0FD
:10C6100037FB039003A902A800F042FB002801D0D9
:10C62000012000E00020C0B2002820D002A800F0C5
:10C6300045FB04002000F9F7D9FE0100684600F030
:10C64000F1FA009800280ED0019A009907A800F08E
:10C6500014F82100604803F005FE07A903F046FE28
:10C6600007A803F05AFE02A800F04CFCD2E704A889
:10C67000FAF7BEF9002017B030BD2DE9F8438CB0B1
:10C6800004000D0016000FF24C1949462000F3F784
:10C6900077FD494614F11800F3F772FD002020865B
:10C6A00014F1340003F048FE33002A002F2101A8C2
:10C6B000FAF743F8002101A8FAF7E6F80100200094
:10C6C000F3F76FFC012101A8FAF7DEF8010014F17D
:10C6D0001800F3F766FC022101A8FAF7D5F80A2240
:10C6E000002101F0C0F9208601A800F0B9FA0890F5
:10C6F000032108A803F02AFE804601A800F0C0FA32
:10C700000200414609A803F02CFE0DF12409484619
:10C7100000F0A6FA0090484600F0B2FA079007A988
:10C72000684600F0BDFA002801D0012000E000209A
:10C73000C0B2002844D0684600F0C0FA07003800B4
:10C74000F3F74EFC81463800F9F750FE4B460200E5
:10C750002C2104A8F9F7F1FF0620F6F7B3FF814674
:10C76000012104A8FAF790F81022002101F07BF9CA
:10C77000A9F80200022104A8FAF786F81022002185
:10C7800001F071F9A9F80400032104A8FAF77CF874
:10C790000A22002101F067F9A9F80000002104A88D
:10C7A000FAF772F8010014F1340003F0E9FDC0F863
:10C7B000009004A8FAF71CF9684600F0A3FBAEE766
:10C7C00009A8FAF715F901A8FAF712F90DB0BDE8B2
:10C7D000F083000000000000E02F00205810050842
:10C7E00010B504002000FAF715FA14F11800FAF752
:10C7F00011FA14F13000FAF70DFA200010BD10B54F
:10C80000040014F13000F3F75FFA14F11800F3F7A5
:10C810005BFA2000F3F758FA200010BDFEB50600C1
:10C820000F003A003100684603F0EEFDDDE90045F7
:10C83000002000906A462900200003F0EDFD0098DA
:10C84000FEBD7CB504000D002900200003F0F1FDC1
:10C850000090200003F0FFFD019001A9684603F05D
:10C860000AFE002816D168460068C0460100200074
:10C8700003F00AFE0600200003F011FE320029003A
:10C88000F4F7D1F9002801D1012000E0002090F058
:10C89000010000E00120C0B2002801D0F3F71AFF28
:10C8A000684603F002FE183076BD7CB504000D002A
:10C8B000280003F002FE32000100684603F005FE86
:10C8C00069460DF10100C046C04602002900200063
:10C8D00003F007FE200076BDFEB506000F003A000B
:10C8E0003100684603F003FEDDE9004500200090BA
:10C8F0006A462900200003F002FE0098FEBD7CB5C8
:10C9000004000D002900200003F006FE0090200026
:10C9100003F014FE019001A9684603F01FFE0028F1
:10C9200016D168460068C0460100200003F01FFED3
:10C930000600200003F026FE32002900F4F773F908
:10C94000002801D1012000E0002090F0010000E06B
:10C950000120C0B2002801D0F3F7BCFE684603F006
:10C9600017FE183076BD7CB504000D00280003F0DA
:10C9700017FE32000100684603F01AFE69460DF109
:10C980000100C046C04602002900200003F01CFE42
:10C99000200076BDFEB506000F003A003100684663
:10C9A00003F018FEDDE90045002000906A462900EA
:10C9B000200003F017FE0098FEBD7CB504000D00BA
:10C9C0002900200003F01BFE0090200003F029FE48
:10C9D000019001A9684603F034FE002816D168468C
:10C9E0000068C0460100200003F034FE060020006D
:10C9F00003F03BFE32002900F4F715F9002801D1BD
:10CA0000012000E0002090F0010000E00120C0B211
:10CA1000002801D0F3F75EFE684603F02CFE1830C4
:10CA200076BD10B50400200003F02DFE200010BDDF
:10CA300010B50400200003F02CFE200010BD70474C
:10CA40000EB41EB5040005A983B068461422EEF7A3
:10CA500027FF0EBC200000F00FF81EBC5DF810FB95
:10CA600010B504002000C046C04610BD80B517496F
:10CA70001748F3F785FB01BD0EB416490160019913
:10CA800041600499816003B0704710B50C00616883
:10CA9000002904D062682F21F9F711FE02E00AA1F3
:10CAA000F3F76EFB10BD70B50C0015001E000A49AF
:10CAB000F3F766FB70BD10B50C000849F3F760FB97
:10CAC00010BD01000248704700000000381405083E
:10CAD000E82E0020D4C904082814050830140508DD
:10CAE00080B55B4803F0DBFD01BD38B503F0E0FD28
:10CAF000584C206000F036F8C0B2002801D1002068
:10CB00002FE000F03EF8C0B2002801D1002028E05C
:10CB1000002528002168898880B2884220D22168B7
:10CB20002A0092B21820424301EB02000830009024
:10CB30006D1C1821009803F0C7FD80B2002801D1B8
:10CB4000012000E00020C0B2002804D0694640481F
:10CB500003F0F8FDDDE73E4803F07BFE002000E037
:10CB6000012032BD10B53B4804680821200003F0C5
:10CB7000ABFD80B2002801D1012000E00020C0B24E
:10CB800010BD10B53348046800680168200003F048
:10CB90009BFD3149888080B2002801D1012000E04E
:10CBA0000020C0B210BD38B504000D0029002000DF
:10CBB00003F06AFE002801D1012000E00020C0B28D
:10CBC00032BD7CB504000025214E300003F065FE27
:10CBD0000090300003F071FE019001A9684603F057
:10CBE0007CFE002801D0012000E00020C0B2002817
:10CBF00016D0684603F07FFE06002100306808303A
:10CC0000FFF7D1FF002801D0012000E00020C0B2D2
:10CC1000002801D0306804E0684603F072FEDCE7CB
:10CC2000280076BDF8B506000F000C48D0E9004595
:10CC30003800FFF7C6FF002806D041680D000549FF
:10CC40000968026811440C00C6E90045F1BD000006
:10CC5000AC2F002040300020782F0020D81305088A
:10CC600038B50400200003F053FE0500200000F05A
:10CC7000F0FB2A000168684603F050FE006832BDF0
:10CC800038B50400200003F043FE0500200003F047
:10CC900050FE2A000168684603F040FE006832BD7D
:10CCA00038B504000D002900200003F049FE0028DB
:10CCB00001D1012000E00020C0B232BD10B5040057
:10CCC00020000068C04610BD38B50400200003F005
:10CCD00056FE0500200003F06EFA2A00016868463F
:10CCE00003F053FE006832BD38B50400200003F0A5
:10CCF00046FE0500200003F057FA2A000168684646
:10CD000003F043FE006832BDF8B58AB004000D00A0
:10CD100016001F002000F9F769FB3B0032000100FC
:10CD200005A803F0EDFE684605A91422EEF7B8FD4C
:10CD3000684603F039FF0BB0F0BDF8B586B00400CB
:10CD40000D0016003200290003A803F069FF6846B1
:10CD500003A991E88C0080E88C00684603F088FF06
:10CD600007B0F0BD78B585B004000D0029002000A3
:10CD700003F05FFB0290200003F06DFB049004A918
:10CD800002A803F078FB002816D102A80068C0466C
:10CD90000100200003F078FB0600200003F07FFB79
:10CDA00032002900F3F73FFF002801D1012000E005
:10CDB000002090F0010000E00120C0B200280CD05B
:10CDC000290003A8F3F770FF01A8009003AB064AFF
:10CDD0000299200003F058FF029002A803F065FBBF
:10CDE000183006B070BD00BFD64D030878B585B0C9
:10CDF00004000D002900200003F08EFB02902000AB
:10CE000003F09CFB049004A902A803F0A7FB0028F0
:10CE100016D102A80068C0460100200003F0A7FB5D
:10CE20000600200003F0AEFB32002900F3F7FBFE02
:10CE3000002801D1012000E0002090F0010000E076
:10CE40000120C0B200280CD0290003A8F3F72CFF62
:10CE500001A8009003AB064A0299200003F039FFB5
:10CE6000029002A803F094FB183006B070BD00BF1A
:10CE7000D64D030878B585B004000D0029002000C8
:10CE800003F0BDFB0290200003F0CBFB049004A94B
:10CE900002A803F0D6FB002816D102A80068C046FD
:10CEA0000100200003F0D6FB0600200003F0DDFBAC
:10CEB00032002900F3F7B7FE002801D1012000E07D
:10CEC000002090F0010000E00120C0B200280CD04A
:10CED000290003A8F3F7E8FE01A8009003AB064A77
:10CEE0000299200003F01AFF029002A803F0C3FB8E
:10CEF000183006B070BD00BFD64D03080168183168
:10CF00000160704710B504002000FFF7F7FF200014
:10CF100010BD38B504000D002000F3F731FB2900E7
:10CF200003F021FF31BDF8B504000D00160020000C
:10CF3000F3F7A6FA07002000F3F7B2FA00962B00E9
:10CF400002003900200003F017FFF2BD10B5040005
:10CF50002000C046C04610BD10B504002000FFF7F9
:10CF6000F5FF10BD70B504000D0016003200290059
:10CF7000200003F043FF200070BD10B50400200026
:10CF8000FFF7E4FF001D10BD70B504000D00200088
:10CF9000010000200600280001000020864201D088
:10CFA000012000E00020C0B2002803D029002000AA
:10CFB000C046C04620682968884201D1012000E0AF
:10CFC0000020C0B270BD0168091D0160704710B536
:10CFD0000400200003F018FF10BD73B50400150015
:10CFE00001A8C046C04633002A000199200003F082
:10CFF00019FF73BD2DE9F04104000D00280003F076
:10D0000035FF0100200003F037FF002801D0012088
:10D0100000E00020C0B2002842D0280003F026FF24
:10D0200007002000FFF798FF006803F03DFF0600AF
:10D03000BE1BB6102000FFF7A0FF0700200003F082
:10D0400039FF39680068814203D10121200003F0D3
:10D0500038FF2000FFF791FF07002000FFF78DFF4A
:10D060003A6801682000C046C0462000FFF774FF00
:10D0700007002000FFF781FF006803F015FF8046DE
:10D08000200003F03FFF396801EB8602414603F0C0
:10D090003FFF2000FFF771FF0168091D01602EE0CE
:10D0A0002000FFF76AFF0600200003F003FF31684D
:10D0B0000068814203D10121200003F002FF20001B
:10D0C000FFF75BFF06002000FFF757FF326801689B
:10D0D0002000C046C0462000FFF74FFF006803F065
:10D0E000E3FE0600200003F00DFF2A00310003F0EC
:10D0F0001CFF2000FFF741FF0168091D0160BDE82A
:10D10000F08173B504001500200000F00AF801A8B2
:10D11000C046C04633002A000199200003F012FFE8
:10D1200073BD38B50400200003F038FF2000FFF77E
:10D1300024FF05002000FFF70FFF2A680168200088
:10D1400003F034FF2000FFF718FF05002000FFF771
:10D1500003FF0068286031BDF8B504000D00280009
:10D1600003F031FF32000100684603F032FF6946E8
:10D170002000FFF72CFF280000F025F80100200018
:10D1800003F033FFC0B2002801D0012000E00020EE
:10D19000C0B2002815D02000FFF7DEFE06002800F0
:10D1A00003F062FF0700280003F06EFF33683A00C7
:10D1B0000100200003F078FF06002000FFF7DDFEED
:10D1C00006602000F2BD38B50400200003F07BFFAC
:10D1D0000500200003F07EFF010028680968401A5E
:10D1E000801032BDF8B504002000FFF7B5FE0068DE
:10D1F000002833D0200003F0D1FE2000FFF7BDFE51
:10D2000005002000FFF7A8FE2A680168200003F04F
:10D21000CDFE200003F04EFE05002000FFF79CFE2F
:10D2200006002000FFF798FE0700200003F06AFECA
:10D230002A683168521A9210396803F051FF2000B1
:10D24000FFF78AFE002101602000FFF796FE002113
:10D250000160200003F02EFE00210160F1BD38B511
:10D2600004000D002000FFF777FE006800EB85004A
:10D2700032BD38B504000D002000FFF7A4FF854241
:10D2800001D3F3F713FA2000FFF766FE006800EB06
:10D29000850032BD90F82100002801D0022000E076
:10D2A000002080B2704710B50400002120004162C8
:10D2B000C046200010BD2DE9F84304000D00160003
:10D2C000280003F017FF002813D000275FF00008A4
:10D2D0002000C046C04681462800C046C0463300F4
:10D2E00002004946684603F00FFF494620004162AC
:10D2F000C046BDE8F18310B50400200003F019FF1B
:10D3000010BD70B50D462C7834B970BD11F8013FD1
:10D310001678B34206D0401C2146EFF705FB28B132
:10D3200001462A4612F8013F002BEFD170BD1CB513
:10D3300004006946200002F01EFF200016BD2DE902
:10D34000F04104000D00280003F0FEFE0100200063
:10D3500003F000FF002801D0012000E00020C0B24F
:10D36000002845D0280003F0EFFE0600200000F062
:10D3700070F8006803F006FF361A182096FBF0F6E6
:10D38000200003F0D6FA0700200003F001FF3968FF
:10D390000068814203D10121200003F000FF20003A
:10D3A00003F0C7FA0700200003F0C3FA3A680168E7
:10D3B0002000C046C046200000F04BF807002000C7
:10D3C00003F0B7FA006803F0DDFE8046200003F0AA
:10D3D00007FF3968182202FB06F20A44414603F0AF
:10D3E00005FF200003F0A5FA0168183101602EE066
:10D3F000200003F09EFA0600200003F0C9FE316809
:10D400000068814203D10121200003F0C8FE200002
:10D4100003F08FFA0600200003F08BFA32680168EF
:10D420002000C046C046200003F083FA006803F0E5
:10D43000A9FE0600200003F0D3FE2A00310003F00D
:10D44000E2FE200003F075FA016818310160BDE8C2
:10D45000F08110B50400200003F05AFA10BD70B539
:10D4600004000D00280000F03AFA002820D128001E
:10D4700003F0D6FE002810D02800406AC0460600FF
:10D480002000C046C0460100300032681268904754
:10D49000010020004162C0460AE02800406AC04600
:10D4A0000021026812689047010020004162C046D6
:10D4B00070BD7CB504000D002900200003F0C0FE03
:10D4C0000600200003F0F3FE02003100684603F07E
:10D4D000F6FE006876BD38B50400200003F0E7FED4
:10D4E0000500200003F0F6FE2A000168684603F0FC
:10D4F000E6FE006832BD00680968884201D101205B
:10D5000000E00020C0B2704738B504000D002800CC
:10D5100003F0E6FE0100200003F0E8FE32BD10B586
:10D5200004002000C046C04610BD2DE9F0470400AD
:10D530000D0016001F00DDF820804046C046C046A2
:10D5400081463800C046C04682463000C046C046CC
:10D550004B4652460100200003F0CFFE814648466C
:10D5600003F0BEFE4B4602002900200003F0FAFE45
:10D57000BDE8F08710B50400200004F07BF804F04B
:10D580007FF810BD7CB504000D002900200004F0D8
:10D590007DF80600200004F0B0F802003100684673
:10D5A00004F0B3F8006876BD38B50400200004F03C
:10D5B000A4F80500200004F0B3F82A0001686846CA
:10D5C00004F0A3F8006832BD00680968884201D100
:10D5D000012000E00020C0B2704738B504000D0003
:10D5E000280004F0A3F80100200004F0A5F832BDE3
:10D5F00010B504002000C046C04610BD2DE9F0471C
:10D6000004000D0016001F00DDF820804046C046D3
:10D61000C04681463800C046C04682463000C046FB
:10D62000C0464B4652460100200004F08CF881466B
:10D63000484604F07BF84B4602002900200004F025
:10D64000B7F8BDE8F08710B50400200004F038FA00
:10D6500004F03CFA10BD38B50400200000F0ACF82E
:10D660000500200000F09CF82A000168684604F0DC
:10D6700033FA006832BDF2B5040015006846006850
:10D68000C0460600300004F032FA07002800C04609
:10D69000C04603003A683100200004F02EFA07006B
:10D6A0000121200004F04BFA300004F020FA07605A
:10D6B000380004F01CFA006800F078F80760F1BD4B
:10D6C000F8B504002000FFF7C4FE0068002835D03C
:10D6D000200004F04CFA200003F02BF90500200094
:10D6E000FFF7B7FE2A680168200004F048FA20001E
:10D6F00003F04EFD05002000FFF7ABFE0600200002
:10D70000FFF7A7FE0700200003F06AFD2A683168D2
:10D71000521A182192FBF1F2396804F03DFA200008
:10D72000FFF797FE00210160200003F002F90021BD
:10D730000160200003F02CFD00210160F1BD38B52F
:10D740000C0015002A00210004F030FA31BD31B57B
:10D750000C0015006846C046C04603002A002100A0
:10D76000009804F0DCFA31BD38B50C0015002A0031
:10D77000210004F0EAFA31BD31B50C00150068460D
:10D78000C046C04603002A002100009804F096FB22
:10D7900031BD10B50400200004F0A6FB001D10BD33
:10D7A00010B50400200000F007F810BD10B504000B
:10D7B0002000C046C04610BD10B504002000C04681
:10D7C000C04610BD70B504000D00160032002900DF
:10D7D000200004F08FFB200070BD006809688842BB
:10D7E00001D1012000E00020C0B2704710B5040054
:10D7F00020680830C04610BD38B5040025682000F8
:10D8000000F064F8280032BD73B5040001A8006878
:10D81000C0460500280004F06AF90068FFF7C6FF5B
:10D8200006002800FFF7C2FF006830602800FFF7FD
:10D83000BDFF006804F05BF90600280004F057F90A
:10D8400000683060200004F05BFB0168491E016045
:10D85000280076BD70B504000D002800FFF7A6FF74
:10D8600004F055FB0600200004F057FB310004F0E3
:10D870005AFB280004F03BF904F049FB06002000A5
:10D8800004F04BFB310004F04EFB280004F053FB86
:10D8900004F057FB0600200004F03FFB310004F0C9
:10D8A00056FB200004F039FB0122290004F057FB4D
:10D8B00070BD38B504000D00200004F015FB020017
:10D8C00029006846FFF77EFF006832BD10B50400EE
:10D8D0002068C046C04600682060200010BD10B51A
:10D8E00004002000406AC046002801D1012000E069
:10D8F0000020C0B210BD10B50400200004F039FBB8
:10D90000200010BD10B50400200004F04FFB10BD36
:10D9100010B50400200004F054FB10BD70B50400E5
:10D920000D001600B54209D0200004F055FB01009F
:10D930002A00200004F060FB3035F3E770BD7CB5B1
:10D9400004000D002900200004F06CFB06002000FC
:10D9500004F09FFB02003100684604F0A2FB00685F
:10D9600076BD38B50400200004F093FB05002000CC
:10D9700004F0A2FB2A000168684604F092FB0068EC
:10D9800032BD00680968884201D1012000E0002012
:10D99000C0B2704738B504000D00280004F092FBB7
:10D9A0000100200004F094FB32BD10B504002000FB
:10D9B000C046C04610BD2DE9F04704000D0016001A
:10D9C0001F00DDF820804046C046C0468146380032
:10D9D000C046C04682463000C046C0464B4652460E
:10D9E0000100200004F07BFB8146484604F06AFBFE
:10D9F0004B4602002900200004F0A6FBBDE8F0879A
:10DA000010B50400200004F027FD04F02BFD10BD2C
:10DA100013B504002000F8F7CDFC01A8C046C046AD
:10DA20000100200004F024FD200016BD7CB50C464A
:10DA30001646F3F7AEF80546EFF7E1FC002101606A
:10DA400032466946284604F067FD0646009885423E
:10DA500001D1F2F767FEEFF7D2FC0068222801D16E
:10DA6000F2F74CFE1CE0E1E77CB50C461646F3F7F6
:10DA700090F80546EFF7C3FC002101603246694685
:10DA8000284604F0EDFD06460098854201D1F2F7E4
:10DA900049FEEFF7B4FC0068222801D1F2F72EFE10
:10DAA00014B10098451B2560304676BD7CB50C4608
:10DAB000F3F76FF80546EFF7A2FC00210160284656
:10DAC000694604F0D0FD06460098854201D1F2F780
:10DAD00029FEEFF794FC0068222801D1F2F70EFE30
:10DAE000DEE7704781B013005A1EDBB2002B0CD06A
:10DAF00003788DF80130401C03788DF80030401C0D
:10DB0000BDF800300B80891CEDE701B07047F8B517
:10DB10000500002467A62F003100380004F0AAFD9C
:10DB20000400002C02D02E202070F3E7F1BD2DE977
:10DB3000FC4104000D001600286804F0AFFDCDE99B
:10DB4000000132000021002004F0CCFD80460022BC
:10DB500018F10101200004F0E7FD0021200004F08D
:10DB6000F8FD0700286804F099FD02000B00310061
:10DB7000380004F0F7FDBDE8F3810000010091EDED
:10DB8000000AFDEEC00AB8EEE00A91ED001A31EE8F
:10DB9000400AB5EE400AF1EE10FA02D5B1EE400AA5
:10DBA000FFE79FED451AB4EE410AF1EE10FA01DBF2
:10DBB0004B4824E09FED411AB4EE410AF1EE10FA11
:10DBC00001DB48481BE09FED3E1AB4EE410AF1EE3E
:10DBD00010FA01DB444812E09FED3A1AB4EE410A14
:10DBE000F1EE10FA01DB414809E09FED371AB4EE7F
:10DBF000410AF1EE10FA01DB3D4800E03848704779
:10DC0000010091ED000AB5EE400AF1EE10FA02D5DE
:10DC1000B1EE400AFFE7B5EE400AF1EE10FA01D18D
:10DC2000344846E091ED001AF0EEC10AFDEEE00A3C
:10DC3000F8EEE00A70EEC00AF5EE400AF1EE10FAD6
:10DC400002D5F1EE600AFFE7F5EE400AF1EE10FAB8
:10DC500001D128482DE09FED1D1AB4EE410AF1EEE6
:10DC600010FA01DB234824E09FED191AB4EE410AB3
:10DC7000F1EE10FA01DB20481BE09FED161AB4EE1E
:10DC8000410AF1EE10FA01DB1C4812E09FED121A76
:10DC9000B4EE410AF1EE10FA01DB194809E09FEDFC
:10DCA0000F1AB4EE410AF1EE10FA01DB144800E05D
:10DCB000144870472C0000006766663FED51B83D80
:10DCC000BD74133CFBED6B3A63BEBC3801007A4473
:10DCD0000100C842010020410100803FCECCCC3D74
:10DCE0007000002074000020780000207C000020DC
:10DCF0008000002084000020880000208C0000208C
:10DD0000900000209400002013B50400200004F0CF
:10DD100049FD01A8C046C0460100200004F048FDAE
:10DD2000200016BD70B504000D001600310028005B
:10DD300000F0CCF8C0B270BD70B504000D00160044
:10DD40003100280000F014F9C0B270BD80B5A4B055
:10DD50006A46D2A104A804F037FD0DF10102D0A15A
:10DD600014A804F046FD022204A901A804F056FDFF
:10DD7000D0E9002311001A00D44804F056FD022314
:10DD80004022D34904A8F8F7B8FF25B000BD10B56C
:10DD90000400CBA12000F2F7F4FDC0B2002802D0AD
:10DDA0004FF4FA7001E04FF4FA6080B210BD2DE933
:10DDB000F847B5B00600894690463000F7F7F4F909
:10DDC00005004A4629001DA82B68DB6998472900F1
:10DDD00017A82A68126A9047290011A82A68526A6F
:10DDE0009047310023A8F7F70BF923A8F7F75EF95E
:10DDF0000700390089B20BA800F054F9B54905A80D
:10DE0000F2F7BEF9010023A804F0BDFD040029A823
:10DE1000FFF7BDFFA4F83E0211A801900BA80290E5
:10DE200017A803901DA8049001A883B06946D0E903
:10DE30000023C1E90023D0E90223C1E902230EBC7B
:10DE400014F1090000F02AF82072207A00280CD082
:10DE5000414614F5047004F0D5FDA1884FF6FD701D
:10DE60000140A1805FF0010A01E05FF0000A05A80F
:10DE7000F1F72AFF0BA8F1F727FF23A8FEF7BFFC55
:10DE800011A8F1F721FF17A8F1F71EFF1DA8F1F760
:10DE90001BFF5046C0B236B0BDE8F0870EB430B5B7
:10DEA00004008A4D0399280004F0C0FD002808D022
:10DEB0000399280004F0CDFD03AA210004F0FDFD24
:10DEC00000E00020C0B230BC5DF810FB2DE9F84343
:10DED00004000D000A2200216868FFF7C4FD2070CD
:10DEE0001020607010220021A868FFF7BDFD060019
:10DEF000300080B2000AA070E670E868F2F770F8AF
:10DF00000700BF08002020716771FFB27800A07180
:10DF100010220021E868FFF789FD80463800C0B272
:10DF2000012806D14046000AE07184F80880207A72
:10DF30000BE04046000AE07184F808804046000E7D
:10DF400060724046000CA072A07A3800C0B201286E
:10DF500002D15FF00B0901E05FF00D094946C9B23B
:10DF600089B2200002F0D8FB4846C0B2BDE8F28377
:10DF70002DE9F04F8DB004000D000A2200216868E1
:10DF8000FFF771FD20701620607000222E21A86816
:10DF9000F2F71CF80090009810F1010F01D1002059
:10DFA00078E004230022A96807A804F0A3FD10224A
:10DFB000002107A8FFF758FD0700380080B2000ACB
:10DFC000A070E7705FF0FF330522A96801A804F094
:10DFD00091FD10220021E868FFF728FD80465FF0E0
:10DFE00000095FF0000A37A101A8F2F7CAFCC0B22D
:10DFF000002801D0012000E00020C0B2002805D098
:10E00000FF2081465FEA0820824628E02EA101A871
:10E01000F2F7B7FCC0B2002801D0012000E00020D8
:10E02000C0B2002806D04FF47F40814608F0FF00C0
:10E03000824614E0404680B2002802D05FF0010B17
:10E0400001E05FF0000B1022002101A8FFF7EEFCB9
:10E05000012181400A0092B2D24391468A46484645
:10E0600080B2000A207184F80590504680B2000A00
:10E07000A07184F807A00A263100C9B289B2200035
:10E0800002F04AFB01A8F1F71FFE07A8F1F71CFEFA
:10E090003000C0B20DB0BDE8F08F0000313000009C
:10E0A0003136000038B504000D002A0092B20A494A
:10E0B000684604F057FB69462000F2F761F831BD6D
:10E0C00052414D00480000004C000000C02F0020CD
:10E0D0001FAD030810FF0408C00F050810B50400A9
:10E0E000200004F019FD200010BD704710B5040099
:10E0F000200000F063F854212000F1F70FFC10BD60
:10E1000078B591B004002000F7F760FA019002A8FA
:10E11000284991E82C0080E82C00B4F90600ADF8FD
:10E1200008002089ADF80A00BDF80400ADF80C0025
:10E13000BDF80600ADF80E0002A807C8F1F754FEBE
:10E14000A189B4F84400091A022091FBF0F5B4F952
:10E15000086014F12C0105A8F1F7D2FC14F11401A8
:10E160000BA8F1F7CDFC00900023320012B2290079
:10E1700009B205A8F1F774FE0BA8F1F7A5FD05A8F3
:10E18000F1F7A2FD12B070BD30B593B004000D00E0
:10E1900029006846F7F756FB01002000F7F75CF905
:10E1A0006846F7F704FD04482060012060712000F4
:10E1B00013B030BD58FF0408D4A7040810B50400FC
:10E1C0002000F7F759F9200010BD704710B5040082
:10E1D000200000F0C0F93C212000F1F79FFB10BDAA
:10E1E00038B504000D0014F12C00FEF79EF900284C
:10E1F00001D1002010E0286801280CD1686810289F
:10E2000002D0802804D006E0200000F065F802E08B
:10E21000200000F068F8002032BD2DE9F04395B0F1
:10E22000040014F12C00FEF780F9002851D0684654
:10E2300000210022002380E80E00B4F90600ADF8AA
:10E2400000002089ADF80200A089ADF804006089C3
:10E25000ADF80600684607C8F1F7C6FD200000F0DB
:10E2600008F90500B4F83880E688278914F114010C
:10E270000FA8F1F745FCF1F704FD81460FA8F1F76F
:10E2800023FD4046618F80B2884222D0414689B248
:10E2900014F12C00F8F7F8FA010003A8F1F730FCAC
:10E2A00014F1140109A8F1F72BFC009001233A00A6
:10E2B00012B2310009B203A8F1F7D2FD09A8F1F7B3
:10E2C00003FD03A8F1F700FD19EB070718F101089A
:10E2D000D7E715B0BDE8F083018F002902D0018F88
:10E2E000491E0187704710B5040014F12C00FEF799
:10E2F0001CF9218F020092B2521E914206DA0100EF
:10E3000089B2002902D0218F491C218710BD1CB57C
:10E310000400200000F098F80090BDF8020016BD3F
:10E320002DE9F8439EB004000D0001A8FEF7FFFFA1
:10E33000A68991A7390006A8F1F722FFA946484609
:10E34000F2F79EF800904846F2F7AAF8059005A962
:10E350006846F2F7BBF8002801D0012000E0002059
:10E36000C0B2002849D06846F2F7BEF8007880466F
:10E370004046C0B20A2813D106A901A8FEF7DFFF64
:10E38000390018A8F1F7FCFE010001A804F0CAFB4F
:10E3900018A8F1F799FC390006A8F7F724FF28E040
:10E3A0004246D2B206A90CA804F04DFC14F11401A7
:10E3B00012A8F1F7A5FB01000CA8F1F7EBFB049004
:10E3C00012A8F1F781FC0CA8F1F77EFC3000BDF833
:10E3D000101080B2884207D206A901A8FEF7AFFF4D
:10E3E000390006A8F7F7FFFE4146C9B206A804F0B7
:10E3F00043FC6846F2F77EF8A9E7390006A8F1F772
:10E40000B0FEC0B2002801D0012000E00020C0B260
:10E41000002803D006A901A8FEF791FF14F12C00F3
:10E4200004F034FC01A914F12C0004F04AFC002093
:10E4300020870020608706A8F1F746FC01A8F8F7BE
:10E44000D7FA1FB0BDE8F08318B587B00400A089E3
:10E45000ADF8000014F1140101A8F1F751FBF1F738
:10E4600010FCADF8020001A8F1F72EFC009808B0EE
:10E4700010BD2DE9F04186B00400258F002600274D
:10E4800014F114016846F1F73BFBF1F7FAFB804603
:10E490006846F1F719FC6089390089B2884212D3C5
:10E4A00014F12C00FEF741F8290089B2814204D210
:10E4B00018EB07076D1C761CEDE7208F301860877E
:10E4C000300080B209E0300080B2002800D0761E13
:10E4D000208F30186087300080B206B0BDE8F08130
:10E4E000F8B584B004000D0028788DF804000DF113
:10E4F000060015F140010822EDF7C2F901A890E8E5
:10E500000E002000F1F7F6FD1C4820601AA115F15D
:10E510001C00F1F726FEC0B2002806D015F11C0140
:10E5200014F11400F1F7ECFA04E0154914F11400A9
:10E53000F1F726FE6B461348D0E9006731003A0038
:10E5400014F12C00FDF77EFF00202087002060875B
:10E55000200005B0F0BD10B504000848206014F19B
:10E560002C00F8F745FA14F11400F1F7ADFB200088
:10E57000F1F7C6FD200010BD0000000010AB04083C
:10E58000F00C0508301505080EB41EB5040005A9E9
:10E5900083B068461422EDF783F90EBC200000F02A
:10E5A00003F81EBC5DF810FB0EB41EB5040005A9EF
:10E5B00083B068461422EDF773F90EBC2000FEF715
:10E5C0003FFA234820600798E06000202061200087
:10E5D0001EBC5DF810FB10B504002000FEF740FAE9
:10E5E000200010BD10B50C00E168002904D0E268DD
:10E5F0002F21F8F764F802E014A1F1F7C1FD10BD76
:10E6000010B50C0011A1F1F7BBFD10BD38B50C0021
:10E6100015001049F1F7B4FD31BD10B50C000E49DD
:10E62000F1F7AEFD10BD10B50C000C49F1F7A8FDD7
:10E6300010BD1CB50C000A49D1E90023CDE9002327
:10E6400069460622EDF71CF913BD0000000000002A
:10E65000248C04087C020508C013050888020508FC
:10E66000C813050810B50400200000F021FA282185
:10E670002000F1F753F910BDFEB504000D00200095
:10E68000F7F777FA80B2002801D1012000E00020DE
:10E69000C0B2002801D0002044E014F11407380073
:10E6A000F7F76BF800903800F7F777F8019001A9B9
:10E6B0006846F7F782F8002801D0012000E000202A
:10E6C000C0B2002818D06846F7F785F80600290080
:10E6D00030683268126852689047C0B2002801D092
:10E6E000012000E00020C0B2002801D0002019E085
:10E6F0006846F7F776F8DAE72868012811D16868E4
:10E70000102802D0802805D009E0200000F00BF886
:10E71000002007E0200000F062F8002002E0002066
:10E7200000E00020FEBD70B504002000F7F721FADC
:10E7300080B2002801D1012000E00020C0B20028F2
:10E740004CD10025618C14F11400FEF788FD0021E6
:10E7500000680171668C761E002E01D5002006002F
:10E760002000F7F706FA05002800451E80B20028B1
:10E7700034D0280080B28642F6D1290089B214F143
:10E780001400FEF76CFD00684079002801D00120DC
:10E7900000E00020C0B2002816D03000461E01283C
:10E7A000E2DA2000F7F7E5F980B2022801DB012068
:10E7B00000E000206084618C14F11400FEF74FFD2E
:10E7C00001210068017109E06684290089B214F111
:10E7D0001400FEF744FD01210068017170BD2DE9B0
:10E7E000FC4704002000F7F7C4F90500280080B2B8
:10E7F000002851D000275FF00009618C14F114004B
:10E80000FEF72DFD002100680171B4F8228018F197
:10E8100001084046290080B289B2884201D1681EB1
:10E820008046002714F1140A5046F6F7A6FF009020
:10E830005046F6F7B2FF019001A96846F6F7BDFF12
:10E84000002801D0012000E00020C0B2002823D021
:10E850006846F6F7C0FF06004046390080B289B22C
:10E86000884214D13068407900280AD0404610F11F
:10E870000108290080B289B2884208D1681E80460A
:10E8800005E0A4F8228001203168087104E07F1CB3
:10E890006846F6F7A6FFCFE7BDE8F38710B504009A
:10E8A00014F11400FEF78FFC002806D0618C14F1DF
:10E8B0001400FEF7DEFC006800E0002010BDFEB58D
:10E8C00004002000F7F755F980B2002801D101209B
:10E8D00000E00020C0B2002852D16846002100228A
:10E8E000002380E80E00B4F90600ADF8000020898E
:10E8F000ADF80200A089ADF804006089ADF806000B
:10E90000684607C8F1F770FA200000F03CF80500EF
:10E91000A68C27893000E18C80B2884230D031004B
:10E9200089B214F11400FEF79AFCE1880068C180F6
:10E93000310089B214F11400FEF791FCA18900683E
:10E940008181310089B214F11400FEF788FC00685F
:10E950000781310089B214F11400FEF780FC0068D1
:10E96000016889688847C719310089B214F1140019
:10E97000FEF775FC0068016809688847761CC9E7DE
:10E98000F7BD40897047F8B50400A08C618C8842BF
:10E9900001D3608CA084608CE18C88420FD320006E
:10E9A000F7F7E7F8618C80B2814201D3012000E0E3
:10E9B0000020C0B2002802D1A08C401CA084A68CEC
:10E9C000002700256089290089B2884221D32000D0
:10E9D000F7F7CFF8310089B280B2814201D201202D
:10E9E00000E00020C0B200280DD0310089B214F13F
:10E9F0001400FEF734FC00680168896888474519EF
:10EA0000761C7F1CDEE7A08C3818E084380080B2CA
:10EA100009E0380080B2002800D07F1EA08C381892
:10EA2000E084380080B2F2BD10B504002000F7F792
:10EA30005AF80020A084A08C60840120E08410BDDE
:10EA400038B588B004000D0005A8F7F72CF90100CF
:10EA50002000F7F719F805A8F7F7A2F81248206088
:10EA6000002084F82000002020710020A084A08CC9
:10EA700060840120E0840D48D0E90023CDE9002323
:10EA8000A01D69460822ECF7FBFE290002A8FEF74C
:10EA900063FB01002000F7F715F802A8F7F780F8EC
:10EAA000200009B030BD00007CA5040870140508E2
:10EAB00010B504002000F6F7F7FF200010BD7047E6
:10EAC00010B50400200000F0F6F888212000F0F7CF
:10EAD00025FF10BD80B580A18048F1F751FB01BD35
:10EAE00038B588B004000D002868012802D003283A
:10EAF00018D01AE02079002813D06868202810D197
:10EB000068462021ECF7ACFE14F1540101A8F0F79F
:10EB1000F7FF6846F6F78DF86846F6F79DF901208D
:10EB200004E002E0200000F003F8002009B030BD4E
:10EB300038B598B004002079002876D0674D287F3A
:10EB4000002803D0022858D00ED38AE0A8690028F4
:10EB500004D0A869A869401EA86104E00020A8614B
:10EB600001202877287F7CE0A869002804D0A869C4
:10EB7000A869401EA86102E00420A861A8695FF0AE
:10EB8000FF33D4F8842014F16C0112A803F0B2FF13
:10EB900012A92800F6F7B2FD12A8F1F795F814F1C2
:10EBA0002C0106A8F0F7ACFF14F114010CA8F0F743
:10EBB000A7FF010006A8F0F7EDFF60640CA8F1F7CD
:10EBC00083F806A8F1F780F8A089B4F844108842C9
:10EBD0000AD2D4F88400401CC4F88400290014F13F
:10EBE0002C00F1F7DEF907E0D4F88400002803D008
:10EBF0000A20A8610220287733E0A869002804D001
:10EC0000A869A869401EA8610EE00F20A861002035
:10EC1000287714F16C0114F12C00F1F7C2F90020EF
:10EC2000C4F88400D4F884001BE014F16C0114F1E2
:10EC30002C00F1F7A8F9002813D014F16C016846F4
:10EC4000F0F75EFF01002000F6F792FC6846F1F74E
:10EC50003BF80020C4F8840020480F218161002186
:10EC6000017719B030BDF0B593B004000D00160067
:10EC70001F0039006846F6F7E5FD01002000F6F7B1
:10EC8000EBFB6846F6F793FF15482060310014F15E
:10EC90005400F0F735FF290014F16C00F0F730FF55
:10ECA0000020C4F88400290014F12C00F1F779F950
:10ECB000200013B0F0BD10B504000948206014F125
:10ECC0006C00F1F701F814F15400F0F7FDFF20009B
:10ECD000F6F7D2FB200010BD000000000800002065
:10ECE0001CA8040838B50400200004F0C3F805008F
:10ECF000200004F0C8F802002968684604F0CBF848
:10ED0000006832BD38B50400200004F0BCF80500EE
:10ED1000200004F0CBF82A000168684604F0BBF834
:10ED2000006832BD38B504000D002900200004F051
:10ED3000C3F8002801D1012000E00020C0B232BD9C
:10ED400010B50400200004F0C0F810BD10B5ADF5FA
:10ED5000A96D5AA82021ECF783FD52A82021ECF7D9
:10ED60007FFD4AA82021ECF77BFD42A82021ECF78B
:10ED700077FD3AA82021ECF773FD32A82021ECF7AB
:10ED80006FFD2AA82021ECF76BFD22A82021ECF7CB
:10ED900067FD1AA82021ECF763FD12A82021ECF7EB
:10EDA0005FFD0AA82021ECF75BFD02A82021ECF70B
:10EDB00057FDDFF8181562A8F1F7E2F962ACDFF849
:10EDC00010155AA8F1F7DCF95AAA2100AAA804F0F4
:10EDD00082F8DFF8001568A8F1F7D2F968ACDFF81F
:10EDE000F81452A8F1F7CCF952AA2100B8A804F0FF
:10EDF00072F8DFF8E8146EA8F1F7C2F96EACDFF82C
:10EE0000E0144AA8F1F7BCF94AAA2100C6A804F008
:10EE100062F8DFF8D01474A8F1F7B2F974ACDFF837
:10EE2000C81442A8F1F7ACF942AA2100D4A804F012
:10EE300052F8DFF8B8147AA8F1F7A2F97AACDFF843
:10EE4000B0143AA8F1F79CF93AAA2100E2A804F01C
:10EE500042F8DFF8A01480A8F1F792F980ACDFF84F
:10EE6000981432A8F1F78CF932AA2100F0A804F026
:10EE700032F8DFF8881486A8F1F782F986ACDFF85B
:10EE800080142AA8F1F77CF92AAA2100FEA804F030
:10EE900022F8DFF870148CA8F1F772F98CACDFF867
:10EEA000681422A8F1F76CF922AA21000DF58660FA
:10EEB00004F011F8DFF8541492A8F1F761F992AC5C
:10EEC000DFF84C141AA8F1F75BF91AAA21000DF526
:10EED0008D6004F000F8DFF83C1498A8F1F750F9C1
:10EEE00098ACDFF8341412A8F1F74AF912AA2100FD
:10EEF0000DF5946003F0EFFFDFF820149EA8F1F702
:10EF00003FF99EACDFF818140AA8F1F739F90AAAFC
:10EF100021000DF59B6003F0DEFFDFF80814A4A8C4
:10EF2000F1F72EF9A4ACDFF8001402A8F1F728F9E4
:10EF300002AA21000DF5A26003F0CDFF0C22AAA9C0
:10EF4000684603F0D7FFD0E9002311001A00DFF86C
:10EF5000DC0303F0D6FF0C233822DFF8D413AAA871
:10EF6000F7F7CBFE02A803F0E2FFA4A8F0F7ACFE8F
:10EF70000AA803F0DCFF9EA8F0F7A6FE12A803F093
:10EF8000D6FF98A8F0F7A0FE1AA803F0D0FF92A829
:10EF9000F0F79AFE22A803F0CAFF8CA8F0F794FEBF
:10EFA0002AA803F0C4FF86A8F0F78EFE32A803F06B
:10EFB000BEFF80A8F0F788FE3AA803F0B8FF7AA851
:10EFC000F0F782FE42A803F0B2FF74A8F0F77CFECF
:10EFD0004AA803F0ACFF6EA8F0F776FE52A803F043
:10EFE000A6FF68A8F0F770FE5AA803F0A0FF62A879
:10EFF000F0F76AFE0DF5A96D10BD38B592B0CB4C97
:10F000002000FFF76FFE00902000FFF77BFE0190CD
:10F0100001A96846FFF786FE002801D0012000E024
:10F020000020C0B200280DD06846FFF789FE04001A
:10F0300014F118052800F6F7B7F82063684600F0C9
:10F0400085F9E5E7BB4902A8F1F79AF80FF221210B
:10F0500008A803F073FF010002A8F5F77EFA08A8DC
:10F06000F5F7A4FB02A8F0F72FFE13B030BD2DE991
:10F07000F84F88B004000D00AF4F3878002805D154
:10F080008FA1AE48F1F77CF801203870A74F380007
:10F09000FFF728FE00903800FFF734FE019001A929
:10F0A0006846FFF73FFE002801D0012000E0002065
:10F0B000C0B200285BD06846FFF742FE060016F19A
:10F0C000180700222100380003F046FF10F1010F5D
:10F0D00002D05FF0010801E05FF000084046C0B2D6
:10F0E000002840D0D6F8309075A32A00494602A8DF
:10F0F000D9F800C0DCF804C0E047DFF840A202A95C
:10F100005046F6F7FBFA02A8F0F7DEFD0FF2B41B4B
:10F1100059465046F1F735FCC0B200280CD16AA11F
:10F120005046F1F72EFCC0B2002801D1012000E0CA
:10F13000002090F0010000E00120C0B200280FD0B4
:10F14000012086F8340059465046F1F71AFCC0B247
:10F15000002801D0012000E0002086F8350002E000
:10F16000002086F83400684600F0F0F897E709B010
:10F17000BDE8F08F3EB500246C4D2800FFF7B2FDCE
:10F1800000902800FFF7BEFD019001A96846FFF737
:10F19000C9FD002801D0012000E00020C0B20028F5
:10F1A00018D06846FFF7CCFD050095F8342095F897
:10F1B00035101000C0B200280AD00800C0B20028E4
:10F1C00002D10120040005E0684600F0BFF8DCE74A
:10F1D000002004002000C0B23EBD7CB50024584D84
:10F1E00000202870514E3000FFF77CFD0090300069
:10F1F000FFF788FD019001A96846FFF793FD0028FD
:10F2000001D0012000E00020C0B2002819D06846DB
:10F21000FFF796FD060096F83400012805D196F810
:10F220003500002801D1012100E000210800C0B212
:10F23000002802D02878401C2870684600F086F824
:10F24000D9E7404908782A78904201D0012000E0AF
:10F2500000202A780A70C0B276BD017F002904D050
:10F26000407F002801D1012000E00020C0B270479B
:10F2700017B587B02F496846F0F782FF07A9FFF757
:10F28000F6FE6846F0F720FD2F4CFFF773FF207065
:10F290002078002801D0012000E0002080B203F097
:10F2A00072FE2078002801D0012000E0002080B20A
:10F2B00003F09EFE0AB010BD23480078704700009E
:10F2C000000000003000000031000000780F050849
:10F2D0008CDB0408800F0508A0DB0408880F0508F4
:10F2E00064F10408900F0508B4DB0408980F0508C2
:10F2F000C8DB0408A00F0508DCDB0408A80F05081C
:10F30000F0DB0408C8FE040804DC0408D4FE04088A
:10F3100018DC0408E0FE04082CDC0408B00F050823
:10F3200040DC0408ECFE0408ECD10408B82F0020EF
:10F33000C9AD0308700F0508A0300020C82D0020BB
:10F340009E3000209F300020C600002010B5040031
:10F35000200003F067FE200010BD704710B5ADF52A
:10F36000627D3AA82021ECF77BFA32A82021ECF745
:10F3700077FA2AA82021ECF773FA22A82021ECF7CB
:10F380006FFA1AA82021ECF76BFA12A82021ECF7EB
:10F3900067FA0AA82021ECF763FA02A82021ECF70B
:10F3A0005FFADFF8B41342A8F0F7EAFE42ACDFF8E8
:10F3B000AC133AA8F0F7E4FE3AAA210072A803F0D1
:10F3C0008AFDDFF89C1348A8F0F7DAFE48ACDFF8B6
:10F3D000941332A8F0F7D4FE32AA210080A803F0DB
:10F3E0007AFDDFF884134EA8F0F7CAFE4EACDFF8C2
:10F3F0007C132AA8F0F7C4FE2AAA21008EA803F0E5
:10F400006AFDDFF86C1354A8F0F7BAFE54ACDFF8CD
:10F41000641322A8F0F7B4FE22AA21009CA803F0EE
:10F420005AFDD5495AA8F0F7ABFE5AACD3491AA8F1
:10F43000F0F7A6FE1AAA2100AAA803F04CFDD049B5
:10F4400060A8F0F79DFE60ACCE4912A8F0F798FED8
:10F4500012AA2100B8A803F03EFDCB4966A8F0F738
:10F460008FFE66ACC9490AA8F0F78AFE0AAA2100F5
:10F47000C6A803F030FDC6496CA8F0F781FE6CAC5D
:10F48000C44902A8F0F77CFE02AA2100D4A803F028
:10F4900022FD082272A9684603F02CFDD0E9002362
:10F4A00011001A00BC4803F02CFD08233822BB4988
:10F4B00072A8F7F722FC02A803F039FD6CA8F0F758
:10F4C00003FC0AA803F033FD66A8F0F7FDFB12A8C1
:10F4D00003F02DFD60A8F0F7F7FB1AA803F027FD55
:10F4E0005AA8F0F7F1FB22A803F021FD54A8F0F789
:10F4F000EBFB2AA803F01BFD4EA8F0F7E5FB32A8B2
:10F5000003F015FD48A8F0F7DFFB3AA803F00FFD64
:10F5100042A8F0F7D9FB0DF5627D10BD38B592B069
:10F520009D4C2000FFF7DEFB00902000FFF7EAFB78
:10F53000019001A96846FFF7F5FB002801D00120E2
:10F5400000E00020C0B200280DD06846FFF7F8FBAD
:10F55000040014F118052800F5F726FE206368461C
:10F56000FFF7F4FEE5E78E4902A8F0F709FE0FF277
:10F57000A51108A803F0E2FC010002A8F4F7EDFFD2
:10F5800008A8F5F713F902A8F0F79EFB13B030BDF9
:10F590002DE9F84F88B004000D00824F387800281C
:10F5A00005D16AA18048F0F7EBFD012038707A4F51
:10F5B0003800FFF797FB00903800FFF7A3FB01909E
:10F5C00001A96846FFF7AEFB002801D0012000E04A
:10F5D0000020C0B200285BD06846FFF7B1FB0600F0
:10F5E00016F1180700222100380003F0B5FC10F1D5
:10F5F000010F02D05FF0010801E05FF00008404613
:10F60000C0B2002840D0D6F8309050A32A00494616
:10F6100002A8D9F800C0DCF804C0E047DFF888A1F0
:10F6200002A95046F6F76AF802A8F0F74DFB0FF270
:10F63000201B59465046F1F7A4F9C0B200280CD15E
:10F6400044A15046F1F79DF9C0B2002801D1012034
:10F6500000E0002090F0010000E00120C0B200288E
:10F660000FD0012086F8340059465046F1F789F949
:10F67000C0B2002801D0012000E0002086F835004B
:10F6800002E0002086F834006846FFF75FFE97E747
:10F6900009B0BDE8F08F3EB501243F4D2800FFF7CB
:10F6A00021FB00902800FFF72DFB019001A968467F
:10F6B000FFF738FB002801D0012000E00020C0B295
:10F6C000002819D06846FFF73BFB050095F8340089
:10F6D000002805D095F83500002801D0012100E070
:10F6E00000210800C0B2002802D10020040003E07D
:10F6F0006846FFF72BFED9E72000C0B23EBD017F70
:10F70000002904D0407F002801D1012000E0002022
:10F71000C0B2704717B587B021496846F0F730FD91
:10F7200007A9FFF735FF6846F0F7CEFA1F4CFFF741
:10F73000B2FF20702078002801D0002000E00120D6
:10F7400080B203F07CFC0AB010BD00000000000095
:10F7500030000000310000001015050834E30408F3
:10F760001815050848E30408C00C05085CE3040804
:10F77000CC0C05082CD404082015050870E30408F7
:10F780002815050884E30408D80C050844D40408A7
:10F79000E40C05085CD4040810300020C9AD03084F
:10F7A00008150508AB300020482F0020C8000020B5
:10F7B00013B504002000F6F7FDFD01A8C046C046C1
:10F7C0000100200003F04EFC200016BD13B504001C
:10F7D000200002F0E7FF01A8C046C046010020005B
:10F7E00003F04CFC200016BDF8B59CB004000D00E1
:10F7F000160021000AA8F5F703FC3AA10AA8F1F7C0
:10F80000C0F8C0B2002801D0012000E00020C0B242
:10F8100000280AD02900200000F01BF807000AA8E1
:10F82000FCF7EDFF3800C0B211E03100684603F08C
:10F8300031FC020029002000FEF7B9FA07006846F3
:10F84000FEF74CFC0AA8FCF7DAFF3800C0B21DB086
:10F85000F0BD70B59CB004000D0021000AA8F5F7BA
:10F86000CFFB2000F5F7A0FC06002A00310004A819
:10F870003368DB699847310002A83268926A904782
:10F88000684602A90622EBF7FBFF184910A8F1F71A
:10F8900078F8C0B2002801D0012000E00020C0B2FA
:10F8A000002804D004A9684603F000FC10E00EA173
:10F8B00010A8F1F766F8C0B2002801D0012000E0DE
:10F8C0000020C0B2002803D004A9684603F03DFC24
:10F8D00004A8F0F7F9F90AA8FCF791FF00201CB082
:10F8E00070BD0000534C460043440000201405083E
:10F8F00070B504000D0016002800C046C046010087
:10F900002000F0F73DFC3000C046C046010014F175
:10F910001800F0F7F5F8200070BD70B504000D0078
:10F9200016002800C046C04601002000F0F728FC61
:10F930003000C046C046010014F11800F0F7E0F8AE
:10F94000200070BD70B504000D0016002800C046F0
:10F95000C04601002000F0F713FC3000C046C0464E
:10F96000010014F11800F0F7CBF8200070BD13B5BA
:10F9700004002000F6F71EFD01A8C046C0460100A5
:10F98000200003F03BFC200016BD13B5040020004E
:10F9900002F008FF01A8C046C0460100200003F0A5
:10F9A00039FC200016BD13B504002000F6F702FD57
:10F9B00001A8C046C0460100200003F037FC20002B
:10F9C00016BD13B504002000F6F7F4FC01A8C046EC
:10F9D000C0460100200003F035FC200016BD13B521
:10F9E00004002000F6F7E6FC01A8C046C04601006E
:10F9F000200003F033FC200016BD13B504002000E6
:10FA000002F0D0FE01A8C046C0460100200003F06D
:10FA100031FC200016BD704780B5DFF8E414DFF834
:10FA2000E404F0F7ADFB01BD0EB41EB5040005A95A
:10FA300083B068461422EBF733FF0EBC2000FEF7BC
:10FA4000A3FDDFF8C4042060099A2F210220F6F7F5
:10FA50005CFE6061099A2F210120F6F756FE2061B5
:10FA6000206903F066FCE0610999059803F0A8FCA1
:10FA700084ED060A20001EBC5DF810FB10B50C00DA
:10FA80006169002904D062692F21F6F718FE02E0AF
:10FA9000D2A1F0F775FB10BDF8B586B004000D00DB
:10FAA00016001F0032002900684600F0D5F9CBA1EE
:10FAB0006846F0F756FBC0B2002804D06946200023
:10FAC000F0F71EF805E03B0032002900200000F0AE
:10FAD0008EF86846F0F7F8F807B0F0BD2DE9F0476A
:10FAE0008CB004000D00AE6832002F210420F6F720
:10FAF0000CFE0700019701A8F6F771FD81464B4601
:10FB00003A002F2103A8F6F718FE2000FDF70FFC9E
:10FB10000DF10C0A5046FDF7A3F800905046FDF792
:10FB2000AFF8029002A96846FDF7BAF8002801D0A4
:10FB3000012000E00020C0B200281FD06846FDF779
:10FB4000BDF88046002223214046F0F73FFA824666
:10FB50001AF1010F0ED05FF0FF331AF10102414696
:10FB600006A802F0C7FF06A92000FDF7E8FB06A8DB
:10FB7000F0F7AAF86846FDF7C5F9D3E703A8F6F74A
:10FB800037FF0CB0BDE8F0872DE9FC4104000D0003
:10FB900016001F0029002000FFF7A0FF2000FDF73E
:10FBA0006FF880462000FDF75BF83200414603F015
:10FBB00043FC00902000FDF763F8019001A968461E
:10FBC000FDF76EF8002801D0012000E00020C0B24F
:10FBD000002807D02000FDF743F8009903F042FC0D
:10FBE000388002E05FF0FF303880BDE8F3812DE916
:10FBF000FE4F94B004000D001599280000F010F994
:10FC00000600A8680290029A2F210420F6F77DFDD5
:10FC10000700019701A8F6F7E2FC0490049B3A0064
:10FC20002F2105A8F6F789FD0DF1140A5046FDF7BE
:10FC300017F800905046FDF723F8039003A9684693
:10FC4000FDF72EF8002801D0012000E00020C0B20E
:10FC500000284AD06846FDF731F88046002223216B
:10FC60004046F0F7B3F982461AF1010F39D000216E
:10FC7000404602F06EFD0078782802D15FF0010B5B
:10FC800001E05FF0000B5146404602F062FD0021AA
:10FC900001704046F6F7AAFB5946C9B201440EA8C6
:10FCA000F0F76EFA10220021FDF7DDFE81460EA866
:10FCB000F0F70AF83000C0B2814512D15FF0FF338F
:10FCC0001AF10102414608A803F0DCFB0100200004
:10FCD000F3F713FE08A8EFF7F7FF05A8F6F788FE7D
:10FCE0000AE06846FDF70EF9A8E782A12000F0F7C8
:10FCF00047FA05A8F6F77CFE17B0BDE8F08F2DE9AE
:10FD0000F84F92B004000D001600AF683A002F21A2
:10FD10000420F6F7FAFC8046CDF8048001A8F6F737
:10FD20005EFC8246534642462F2103A8F6F705FDA6
:10FD30000DF10C0B5846FCF793FF00905846FCF76A
:10FD40009FFF029002A96846FCF7AAFF002801D095
:10FD5000012000E00020C0B2002835D06846FCF742
:10FD6000ADFF8146002223214846F0F72FF9834654
:10FD70001BF1010F24D05FF0FF331BF10102494654
:10FD800006A802F0B7FE310006A8F0F7EBFB00284A
:10FD900013D05B46002249460CA802F0ABFE0CA92A
:10FDA0002000F3F7AAFD0CA8EFF78EFF06A8EFF7E7
:10FDB0008BFF03A8F6F71CFE0DE006A8EFF784FF03
:10FDC0006846FDF79FF8BDE704A12000F0F7D8F9D9
:10FDD00003A8F6F70DFE13B0BDE8F08F0000000099
:10FDE000F8B504000D0016000021300002F0B1FC4F
:10FDF0000078782801D1012700E000275FF0FF3369
:10FE00003A003100200002F075FEF1BD38B5040063
:10FE10000D0006222869411C2000F0F750F931BD81
:10FE200018B40200908BB1F90630C31A08681C00A0
:10FE300024B2204404788DF80040441C20788DF8CA
:10FE40000100D08B012802D19DF8010001E09DF84E
:10FE50000000C0B212BC704770B506000C0015005F
:10FE60002879002804D123A13000F0F789F924E093
:10FE7000B4F91C0003F09CFAC0B2002801D00120A4
:10FE800000E00020C0B2002804D020493000F0F784
:10FE900077F912E0B4F91C00E988884204DB28896C
:10FEA000B4F91C10884204DA19493000F0F768F9F7
:10FEB00003E011A13000F0F763F970BD10B50C003C
:10FEC0000EA1F0F75DF910BD01000E4870473EB578
:10FED0000C00B4F91C50B4F91E104D190D49D1E9AC
:10FEE0000023CDE90023ADF8005069460622EBF768
:10FEF000C7FC37BD3F0000000000000031360000A5
:10FF0000900C0508182F00208C8C0408780C05082C
:10FF1000840C0508981405082DE9F04104000D0033
:10FF2000280000F0C1FF0100200000F0A5FF00281C
:10FF300001D0012000E00020C0B2002845D02800F8
:10FF400000F0B2FF07002000FDF706F8006800F09F
:10FF5000ABFF0600BE1BB6102000FDF70EF8070031
:10FF6000200000F0A7FF39680068814203D1012119
:10FF7000200000F0A6FF2000FCF7FFFF0700200094
:10FF8000FCF7FBFF3A6801682000C046C04620002D
:10FF9000FCF7E2FF006800EB8600C046C0460700A1
:10FFA0002000FCF7EAFF006800F07EFF804620009A
:10FFB00000F0A8FF3A00414603F07DFA2000FCF76C
:10FFC000DCFF0168091D016032E02000FCF7D5FF6D
:10FFD0000600200000F06EFF31680068814203D106
:10FFE0000121200000F06DFF2000FCF7C6FF060095
:10FFF0002000FCF7C2FF326801682000C046C046FE
:020000040802F0
:100000002800C046C04606002000FCF7B6FF006886
:1000100000F04AFF0700200000F074FF32003900B2
:1000200003F049FA2000FCF7A8FF0168091D0160F0
:10003000BDE8F08113B504002000F6F7BBF901A874
:10004000C046C0460100200003F042FA200016BD61
:1000500038B50C0015002A00210003F045FA31BD27
:1000600031B50C0015006846C046C04603002A00A2
:100070002100009803F0F1FA31BD2DE9F0470400AA
:100080000D0016001F00DDF820804046C046C04627
:1000900081463800C046C04682463000C046C04651
:1000A0004B4652460100200003F0EDFA81464846D7
:1000B00002F008F84B4602002900200002F044F844
:1000C000BDE8F08738B50C0015002A00210003F0C8
:1000D0000FFB31BD31B50C0015006846C046C04667
:1000E00003002A002100009803F0BBFB31BD7CB562
:1000F00004000D002900200003F0C9FB06002000C9
:1001000003F0FCFB02003100684603F0FFFB0068CF
:1001100076BD38B50400200003F0F0FB0500200098
:1001200003F0FFFB2A000168684603F0EFFB00685C
:1001300032BD00680968884201D1012000E000203A
:10014000C0B2704738B504000D00280003F0EFFB83
:100150000100200003F0F1FB32BD10B504002000C7
:10016000C046C04610BD10B50400200003F0ECFBF3
:1001700003F0F0FB10BD10B50400200003F0F0FB0D
:1001800010BD73B50400150001A8C046C046330079
:100190002A000199200003F0F1FB73BD10B50400A3
:1001A000200003F00FFC10BD10B50400200000F08B
:1001B000E6FB001D10BD10B50400200000F0DFFBC1
:1001C00010BD1CB504000DF101026946200003F0CA
:1001D00004FC200016BDFEB506000F003A003100F9
:1001E000684603F000FCDDE90045002000906A4607
:1001F0002900200003F0FFFB0098FEBD7CB5040041
:100200000D002900200003F003FC0090200003F003
:1002100011FC019001A9684603F01CFC002816D1CE
:1002200068460068C0460100200003F01CFC060080
:10023000200003F023FC32002900F0F7F4FC002832
:1002400001D1012000E0002090F0010000E0012039
:10025000C0B2002801D0F0F73DFA684603F014FC64
:10026000183076BD78B585B004000D002900200057
:1002700003F0CEFB0290200003F0DCFB049004A905
:1002800002A803F0E7FB002816D102A80068C046C8
:100290000100200003F0E7FB0600200003F0EEFB66
:1002A00032002900F0F7BFFC002801D1012000E056
:1002B000002090F0010000E00120C0B200280CD026
:1002C000290003A8F0F7F0FC01A8009003AB064A50
:1002D0000299200003F0E0FB029002A803F0D4FB97
:1002E000183006B070BD00BFAA5F030838B504001F
:1002F0000D0029002000EFF754FE15F1180114F14C
:100300001800EFF74EFE288E208615F1340114F107
:10031000340003F0E6FB200032BD10B5040014F1F8
:10032000340003F0E7FB14F11800EFF7CDFC2000D8
:10033000EFF7CAFC200010BD1CB504000DF101024E
:100340006946200003F0DDFB200016BD38B504002F
:100350000D00206800902900684603F0D8FB006873
:1003600032BD7CB504000D00160069462000FFF781
:1003700002FF32002900200003F0D2FB200076BDEE
:1003800078B585B004000D002900200003F0D5FBEE
:100390000290200003F0E3FB049004A902A803F0FC
:1003A000EEFB002816D102A80068C046010020001C
:1003B00003F0EEFB0600200003F0F5FB32002900FD
:1003C000F0F731FC002801D1012000E0002090F07E
:1003D000010000E00120C0B200280CD0290003A8D1
:1003E000F0F762FC01A8009003AB064A02992000D6
:1003F00003F0DFFB029002A803F000FC183006B007
:1004000070BD00BFAA5F030838B50C0015002A00B4
:10041000210003F0FBFB31BD31B50C00150068462F
:10042000C046C04603002A002100009803F0A7FC44
:1004300031BD7CB504000D002900200003F0B5FC9F
:100440000600200003F0E8FC02003100684603F0DB
:10045000EBFC006876BD38B50400200003F0DCFC3E
:100460000500200003F0EBFC2A000168684603F059
:10047000DBFC006832BD00680968884201D10120B8
:1004800000E00020C0B2704738B504000D0028001D
:1004900003F0DBFC0100200003F0DDFC32BD10B5F1
:1004A00004002000C046C04610BD10B50400200066
:1004B00003F0D8FC03F0DCFC10BD10B504002000F4
:1004C000C046C046C046C04610BD38B504000D0049
:1004D00029006846C046C04669462000C046C0465E
:1004E00031BD10B50400200003F0C8FC10BD38B5C4
:1004F0000C0015002A00210003F0D2FC31BD31B5FB
:100500000C0015006846C046C04603002A002100C2
:10051000009803F07EFD31BD7CB504000D0029007C
:10052000200003F08CFD0600200003F0BFFD020058
:100530003100684603F0C2FD006876BD38B504009E
:10054000200003F0B3FD0500200003F0C2FD2A00E7
:100550000168684603F0B2FD006832BD00680968B2
:10056000884201D1012000E00020C0B2704738B5B8
:1005700004000D00280003F0B2FD0100200003F08C
:10058000B4FD32BD10B504002000C046C04610BD09
:1005900010B50400200003F0AFFD03F0B3FD10BD63
:1005A00010B504002000C046C046C046C04610BD7D
:1005B00038B504000D0029006846C046C0466946AB
:1005C0002000C046C04631BD10B50400200003F035
:1005D0009FFD10BD38B50C0015002A00210003F066
:1005E000A9FD31BD31B50C0015006846C046C046B6
:1005F00003002A002100009803F055FE31BD7CB5B0
:1006000004000D002900200003F063FE0600200016
:1006100003F096FE02003100684603F099FE006880
:1006200076BD38B50400200003F08AFE05002000E6
:1006300003F099FE2A000168684603F089FE00680D
:1006400032BD00680968884201D1012000E0002025
:10065000C0B2704738B504000D00280003F089FED1
:100660000100200003F08BFE32BD10B50400200015
:10067000C046C04610BD10B50400200003F086FE41
:1006800003F08AFE10BD10B50400200003F08AFEBE
:1006900010BD10B50400200003F08EFE10BD1CB587
:1006A00004006946200003F091FE200016BD70474B
:1006B000034800687047034801490860704700001C
:1006C0005C0000200000080870B40300FF22150041
:1006D0000800411E80B2002811D02E00F6B2187812
:1006E000464034005B1C0A482600B6B2805D50408C
:1006F000050008482600B6B2805D0200E8E7EDB2CA
:10070000D2B252EA0522100080B270BC70470000DD
:10071000B0300408B031040838B504000D00A91E3B
:1007200089B22000FFF7D0FF010089B2090A2A0030
:1007300092B2224402F8021C290089B2214401F835
:10074000010C31BD2DE9F04104000D00280003F03B
:1007500043FE0100200003F045FE002801D00120E7
:1007600000E00020C0B2002842D0280003F034FE90
:100770000700200003F04EFE006803F051FE060063
:10078000BE1BB610200003F051FE0700200003F04E
:1007900054FE39680068814203D10121200003F032
:1007A00053FE200003F042FE0700200003F03EFE4F
:1007B0003A6801682000C046C046200003F02AFEC7
:1007C0000700200003F032FE006803F029FE804697
:1007D000200003F05AFE396801EB8602414603F01F
:1007E0005AFE200003F022FE0168091D01602EE080
:1007F000200003F01BFE0600200003F01EFE3168FF
:100800000068814203D10121200003F01DFE200079
:1008100003F00CFE0600200003F008FE32680168B9
:100820002000C046C046200003F000FE006803F030
:10083000F7FD0600200003F028FE2A00310003F037
:1008400037FE200003F0F2FD0168091D0160BDE8DC
:10085000F08138B50400200003F037FE200003F0DB
:10086000E5FD0500200003F0D5FD2A6801682000A1
:1008700003F033FE200003F0D9FD0500200003F053
:10088000C9FD0068286031BD10F8012B11F8013B4B
:100890000AB19A42F8D0D01A704738B50400200047
:1008A00003F028FE0500200003F0B4FD2A000168D3
:1008B000684603F025FE006832BD38B5040020000C
:1008C00003F018FE0500200003F0B0FD2A000168C7
:1008D000684603F015FE006832BD38B504000D000F
:1008E0002900200003F017FE002801D1012000E0BC
:1008F0000020C0B232BD10B5040020000068C04620
:1009000010BD10B50400200003F024FE200010BD2F
:1009100010B504002000C046C04610BD70B50400EC
:100920000D00160032002900200003F017FE200001
:1009300070BD10B504002000FFF7EAFF001D10BDD8
:1009400070B504000D002000010000200600280002
:1009500001000020864201D0012000E00020C0B24A
:10096000002803D029002000C046C046206829681E
:10097000884201D1012000E00020C0B270BD10B556
:1009800004002000C046C04610BD70B504000D0034
:100990001600256031002000C046C046200070BD12
:1009A0000EB43CB505002020F2F78CFE040005A92A
:1009B00083B068461422EAF773FF0EBC200003F0F0
:1009C000D9FD36BC5DF810FB0EB43CB50500202007
:1009D000F2F778FE040005A983B068461422EAF70E
:1009E0005FFF0EBC200003F0EFFE36BC5DF810FB8D
:1009F0000EB43CB505002020F2F764FE040005A902
:100A000083B068461422EAF74BFF0EBC200003F0C7
:100A100075FF36BC5DF810FB0EB43CB50500182020
:100A2000F2F750FE040005A983B068461422EAF7E5
:100A300037FF0EBC200003F0ABFF36BC5DF810FBA7
:100A40000EB43CB505002020F2F73CFE040005A9D9
:100A500083B068461422EAF723FF0EBC200004F09E
:100A6000CDF836BC5DF810FB0EB43CB50500202077
:100A7000F2F728FE040005A983B068461422EAF7BD
:100A80000FFF0EBC2000FEF7CFFF36BC5DF810FB59
:100A900080B5E4B06A465A4904A804F01DF90DF186
:100AA0000102584914A804F02CF90DF1020256492C
:100AB00024A804F03BF90DF10302544934A804F0D2
:100AC0004AF901AA524944A804F05AF90DF1050265
:100AD000504954A804F069F9062204A902A804F0B8
:100AE00079F9D0E9002311001A004B4804F079F994
:100AF00006234022494904A8F6F7FFF865B000BD77
:100B0000F0B587B004000D0016001F0002A81421E4
:100B1000EAF7A6FE02950096019701AA69463D20D4
:100B2000F5F78BFD10F1010F01D0012000E000204E
:100B3000C0B2002831D00098039001AA69462F2046
:100B4000F5F77BFD10F1010F01D0012000E000203E
:100B5000C0B2002821D00098049001AA69462F2035
:100B6000F5F76BFD10F1010F01D0012000E000202E
:100B7000C0B2002811D00098059001AA69462F2024
:100B8000F5F75BFD10F1010F01D0012000E000201E
:100B9000C0B2002801D000980690200002A91422BB
:100BA000EAF77EFE07B0F0BD70B58AB0040064209D
:100BB0000390E068029003AB02AA2F2104A8F5F786
:100BC00056FD154D04A9280004F021F9002810D085
:100BD00004A9280004F02EF90500210083B068461E
:100BE0001422EAF75DFE0EBC280004F057F9060057
:100BF00000E0002604A8EFF767F830000AB070BDE7
:100C00004014050848140508D002050850140508CA
:100C100058140508DC0205080030002049AE03081E
:100C200078B585B004000D00160002A8002100224E
:100C3000002380E80E00009501960098029001AA1A
:100C400069463D20F5F7F9FC10F1010F01D00120B4
:100C500000E00020C0B2002803D000980390019863
:100C6000049002A890E80E0084E80E0006B070BD63
:100C700038B504001020F2F725FD050094E80E00B9
:100C8000280004F025F932BD2DE9F04704000D00DD
:100C900016001F00DDF820804046C046C046814651
:100CA0003800C046C04682463000C046C0464B466B
:100CB00052460100200004F095F98146484603F0B1
:100CC000C4F84B4602002900200004F0C0F9BDE83A
:100CD000F0872DE9F04704000D0016001F00DDF835
:100CE00020804046C046C04681463800C046C046C7
:100CF00082463000C046C0464B46524601002000A6
:100D000004F02DFB8146484603F0E9F94B4602000A
:100D10002900200004F058FBBDE8F0872DE9F047DA
:100D200004000D0016001F00DDF820804046C0467C
:100D3000C04681463800C046C04682463000C046A4
:100D4000C0464B4652460100200004F0C5FC8146D7
:100D5000484603F00EFB4B4602002900200004F039
:100D6000F0FCBDE8F08770B504000D0032002900EA
:100D7000200004F06EFE70BDFEB582B004000AA92A
:100D800004A8EFF7DAFF002801D0012000E00020DE
:100D9000C0B2002812D02000EFF772FB0090694625
:100DA00002A804F061FE050002A903A804F05CFE9D
:100DB000020029002000EFF779FE1CE02000EFF789
:100DC0005FFB019001A902A804F04EFE050002A9F4
:100DD00003A804F049FE060004A8EFF785FB07000E
:100DE00004A90AA804F04BFE00903B003200290041
:100DF000200004F04CFE200005B0F0BD10B504004A
:100E0000200004F0DEFE10BD38B504000D002A00FD
:100E100003480178200004F0DFFE200032BD00BF4F
:100E200097700308F8B504000D0016003100280083
:100E300004F0E1FE0100200000F0D7F8C0B2002865
:100E400001D0012000E00020C0B200280DD0200019
:100E5000FCF782F8036832002900200004F0DBFE72
:100E600007002000FCF789F80760F1BD10B5040009
:100E70002000C046C04610BD38B504000D0020005B
:100E800000F021F9006800F00FF8854209D2200037
:100E900000F020F9006800F007F8854201D3012036
:100EA00000E00020C0B232BD10B504002000C046F2
:100EB000C04610BD10B504002000FCF747F808300C
:100EC00010BD70B504000D00200004F0B3FEA84270
:100ED00017D2200004F0BDFE06002000FCF773F9D5
:100EE000361AAE4201D2EFF7CDFB2000FCF76BF9CA
:100EF00001006918200004F0B5FE0100200004F094
:100F0000C8FE70BD10B504002000C046C04610BD2C
:100F100070B504000D0016003000C046C046020047
:100F20002900200004F012FF70BD70B504000D0010
:100F300016003000C046C04602002900200004F020
:100F400012FF70BD2DE9F04104000D0016003100C4
:100F5000280004F015FF0700200004F021FFB8422C
:100F60000BD23900200004F07DFE80462000FCF703
:100F700039F94146200000F038F82000FBF7ECFF7B
:100F8000036832002900200004F019FF8046200089
:100F9000FBF7F3FFC0F80080BDE8F08110B5040056
:100FA0002000FBF7D3FFC046C04610BD70B504005B
:100FB0000D0016002000FFF7A5FF020031002800F9
:100FC00004F00CFF70BD10B504002000C046C04600
:100FD00010BD38B504000D0029006846C046C04663
:100FE00069462000C046C04631BD70B505000C0002
:100FF0002800FBF7B1FF002101602800FBF7BDFFCF
:10100000002101602800FFF755FF00210160002C3E
:1010100001D1002027E0280004F01BFEA04202D2EC
:10102000EFF730FB1EE02800FFF76CFF210004F013
:10103000E4FE06002800FBF78FFF06602800FBF7A0
:101040009CFF06002800FBF787FF0068306028003F
:10105000FFF730FF06002800FBF77EFF006800EB7B
:1010600084003060012070BD38B50400200004F019
:10107000CCFE0500200000F026F82A000168684632
:1010800004F09FFD006832BD38B50400200004F074
:10109000BCFE0500200000F01DF82A00016868462B
:1010A00004F08FFD006832BDF8B504000D00160095
:1010B0001F002000FFF726FF03003A003100280040
:1010C00004F0A9FEF2BD10B50400200004F09DFE5E
:1010D000001D10BD10B50400200004F096FE10BDE8
:1010E00070B504000D00160032002900200004F045
:1010F000AFFE70BD10B50400024801782000012049
:10110000C04610BDD77003082DE9F04104000D0062
:1011100016001F003800C046C04680463000C0465A
:10112000C046434602002900200004F09AFEBDE8B4
:10113000F08170B504000D00160032002900200077
:1011400004F0A4FE200070BD10B504002000C046CD
:10115000C04610BD38B504000D002000FFF724F88C
:10116000006800F00FF8854209D22000FFF723F84D
:10117000006800F007F8854201D3012000E000205C
:10118000C0B232BD10B504002000C046C04610BD3C
:1011900010B504002000FFF7BBFB083010BD70B590
:1011A00004000D00200004F077FEA84217D22000B2
:1011B00004F082FE06002000FBF7B7F9361AAE42B3
:1011C00001D2EFF75FFA2000FBF7AFF901006918D1
:1011D000200004F07AFE0100200004F08DFE70BDB6
:1011E00010B504002000C046C04610BD70B5040014
:1011F0000D0016003000C046C04602002900200045
:1012000004F0DEFE70BD70B504000D001600300065
:10121000C046C04602002900200004F0DEFE70BD7A
:1012200038B504002000406AC04605002000C046D2
:10123000C046854201D1012000E00020C0B232BD8D
:10124000F8B504000D00200004F0D4FE066820006C
:1012500004F0D9FE0768300004F0DBFE00780028B7
:1012600001D1012000E00020C0B200281DD03100D3
:101270002000FCF749F92A000100200004F0CFFE0D
:10128000002801D0012000E00020C0B2002805D0D5
:10129000300004F0D0FE00680600DCE737003000C4
:1012A00004F0CFFE00680600D5E73800F2BD10B5A7
:1012B00004002000C046C046C046C04610BD70B500
:1012C00004000D00160032002900200004F0BFFECB
:1012D000200070BD10B504002000FFF7E8FF10BD2E
:1012E00010B5040020001030C04610BD38B5040011
:1012F0000D002800C046C04632BD2DE9F34F81B035
:10130000040015001E00200004F0A7FE07003800AE
:1013100004F0E7FE00210170380004F07AFE00219D
:1013200001703800FFF7DCFF83463000C046C0463E
:1013300080462800C046C04681460298C046C04646
:101340008246584604F0D3FE8346200004F0D5FEC2
:10135000CDF800804B465246594604F0D6FE380080
:10136000BDE8FE8F2DE9F34387B0040015001E0091
:1013700001A804F0E7FE0027200004F0EAFE0028A0
:101380000ED12800C046C04680462000FFF7A2FFCD
:101390000096434602680121200004F0E1FE66E168
:1013A000200005F067F8049004A908A8FCF7A3F84A
:1013B000002801D0012000E00020C0B200282BD07E
:1013C00029002000FFF792FF804608A80068C04669
:1013D00001002000FCF798F881462000FCF79FF8F8
:1013E0004A464146EFF71FFC002801D0012000E0EB
:1013F0000020C0B2002800F02E8108A80068C04676
:1014000080462800C046C04600960300424601219F
:10141000200004F0A5FE2AE12000FCF75CF8039010
:1014200003A908A8FCF767F8002801D0012000E014
:101430000020C0B200282CD0200005F02BF8016855
:101440002000FCF761F8804629002000FFF74EFFDE
:1014500081462000FCF763F84A464146EFF7E3FB7C
:10146000002801D0012000E00020C0B2002800F0D8
:10147000F280200005F00EF880462800C046C046E5
:1014800000960300D8F800200021200004F068FE38
:10149000EDE029002000FFF729FF804608A800683A
:1014A000C04601002000FCF72FF881462000FCF721
:1014B00036F84A464146EFF7B6FB00281FD0089899
:1014C000019001A804F0EFFF0068C0460100200071
:1014D000FCF71AF8804629002000FFF707FF814635
:1014E0002000FCF71CF84A464146EFF79CFB002819
:1014F00001D1012000E0002090F0010000E0002078
:10150000C0B200282ED001A80068C04604F093FDA8
:10151000006804F07EFD0078002801D0012000E082
:101520000020C0B200280ED001A80068C046804646
:101530002800C046C0460096030042460021200015
:1015400004F00EFE93E008A80068C046804628001C
:10155000C046C0460096030042460121200004F028
:10156000FFFD84E008A80068C04601002000FBF7EA
:10157000CBFF804629002000FFF7B8FE81462000FF
:10158000FBF7CDFF4A464146EFF74DFB00282FD031
:101590000898019001A804F08DFF80462000FBF719
:1015A0009AFF029002A94046FBF7A5FF00281BD135
:1015B00029002000FFF79AFE804601A80068C04677
:1015C00001002000FBF7A0FF81462000FBF7A7FFEA
:1015D0004A464146EFF727FB002801D0012000E0F2
:1015E000002090F0010000E0002090F0010000E0F9
:1015F0000020C0B200282ED008A80068C04604F021
:101600001AFD006804F005FD0078002801D00120D3
:1016100000E00020C0B200280ED008A80068C04634
:1016200080462800C046C04600960300424600217E
:10163000200004F095FD1AE001A80068C04680462D
:101640002800C046C0460096030042460121200003
:1016500004F086FD0BE02800C046C046009603005B
:101660003A00D2B2210005A804F02BFF059809B07A
:10167000BDE8F08310B50400200005F001F810BDAE
:1016800010B50400200004F032FD10BDF8B50400D0
:101690000D00200004F0FAFF0668200004F0FFFFB0
:1016A0000768300005F001F80078002801D101201A
:1016B00000E00020C0B200281DD031002000FBF760
:1016C0008CFF2A000100200004F0F5FF002801D063
:1016D000012000E00020C0B2002805D0300004F056
:1016E000F6FF00680600DCE73700300004F0F5FF85
:1016F00000680600D5E73800F2BD10B504002000F0
:10170000C046C046C046C04610BD70B504000D00BE
:10171000160032002900200004F0E5FF200070BD13
:1017200010B504002000FFF7E8FF10BD10B504005D
:1017300020001030C04610BD38B504000D00280050
:10174000C046C04632BD2DE9F34F81B004001500FC
:101750001E00200004F0CDFF0700380005F00DF852
:1017600000210170380004F0A0FF00210170380052
:10177000FFF7DCFF83463000C046C04680462800A5
:10178000C046C04681460298C046C046824658467A
:1017900004F0F9FF8346200004F0FBFFCDF8008041
:1017A0004B465246594604F0FCFF3800BDE8FE8F18
:1017B0002DE9F34387B0040015001E0001A805F0D1
:1017C0000DF80027200005F010F800280ED12800A1
:1017D000C046C04680462000FFF7A2FF0096434661
:1017E00002680121200005F007F866E1200005F0FD
:1017F0008DF9049004A908A8FBF7E6FE002801D0A3
:10180000012000E00020C0B200282BD029002000D9
:10181000FFF792FF804608A80068C046010020003C
:10182000FBF7DBFE81462000FBF7E2FE4A4641461D
:10183000EFF7F9F9002801D0012000E00020C0B244
:10184000002800F02E8108A80068C04680462800C5
:10185000C046C0460096030042460121200004F025
:10186000CBFF2AE12000FBF79FFE039003A908A805
:10187000FBF7AAFE002801D0012000E00020C0B242
:1018800000282CD0200005F051F901682000FBF75A
:10189000A4FE804629002000FFF74EFF814620006D
:1018A000FBF7A6FE4A464146EFF7BDF9002801D0F6
:1018B000012000E00020C0B2002800F0F2802000EB
:1018C00005F034F980462800C046C0460096030063
:1018D000D8F800200021200004F08EFFEDE0290060
:1018E0002000FFF729FF804608A80068C0460100D5
:1018F0002000FBF772FE81462000FBF779FE4A4686
:101900004146EFF790F900281FD00898019001A8F0
:1019100005F015F90068C04601002000FBF75DFEE8
:10192000804629002000FFF707FF81462000FBF7D3
:101930005FFE4A464146EFF776F9002801D10120C3
:1019400000E0002090F0010000E00020C0B200287C
:101950002ED001A80068C04604F0B9FE006804F06B
:10196000A4FE0078002801D0012000E00020C0B2D1
:1019700000280ED001A80068C04680462800C04656
:10198000C0460096030042460021200004F034FFC8
:1019900093E008A80068C04680462800C046C046BC
:1019A0000096030042460121200004F025FF84E058
:1019B00008A80068C04601002000FBF70EFE804624
:1019C00029002000FFF7B8FE81462000FBF710FE3B
:1019D0004A464146EFF727F900282FD00898019092
:1019E00001A805F0B3F880462000FBF7DDFD02906A
:1019F00002A94046FBF7E8FD00281BD12900200082
:101A0000FFF79AFE804601A80068C046010020004A
:101A1000FBF7E3FD81462000FBF7EAFD4A4641461D
:101A2000EFF701F9002801D0012000E0002090F03C
:101A3000010000E0002090F0010000E00020C0B2B2
:101A400000282ED008A80068C04604F040FE0068B8
:101A500004F02BFE0078002801D0012000E00020D7
:101A6000C0B200280ED008A80068C04680462800F2
:101A7000C046C0460096030042460021200004F004
:101A8000BBFE1AE001A80068C04680462800C04698
:101A9000C0460096030042460121200004F0ACFE3F
:101AA0000BE02800C046C046009603003A00D2B2C0
:101AB000210005A805F051F8059809B0BDE8F083AC
:101AC00010B50400200005F027F910BD10B5040082
:101AD000200004F058FE10BD70B504000D00160083
:101AE00032002900200005F01DF9200070BD10B55E
:101AF00004002000001DC04610BD2DE9F047040081
:101B00000D0016001F0032002900200005F010F91A
:101B10008046404600F00FFA82463800C046C04674
:101B20008146504600F00DFA8246200000F0F5F99B
:101B30004A46514605F026F94046BDE8F08770B5A3
:101B400004000D00200005F02AF90600200000F036
:101B5000D7F90068361A761EAE4201D2EEF792FD32
:101B6000200000F0CDF901686918016070BD10B562
:101B700004002000FEF7CCFEC046C04610BD70B584
:101B800004000D0016002000FFF72AFB02003100C0
:101B9000280005F00DF970BD70B504000D001600A9
:101BA00032002900200005F010F970BD2DE9FF4733
:101BB00004000D001600280004F01CFAD0F800A064
:101BC000280004F020FA0768280004F01CFAD0F876
:101BD0000080504604F01DFA0078002801D1012051
:101BE00000E00020C0B200283FD051462800FBF79B
:101BF0008BFC8146280005F0F1F832004946EFF7EA
:101C000012F8002801D0012000E00020C0B2002816
:101C100005D0504604F00FFA00688246D9E74046E6
:101C200004F0F7F90078002813D051462800FBF79C
:101C30006BFC8146280005F0D1F84A463100EEF7EA
:101C4000F2FF002801D1012000E0002090F0010007
:101C500000E00020C0B2002800D0D04657465046D1
:101C600004F0EFF900688246B3E7404604F0D1F98A
:101C70000078002805D0280004F0BCF9D0F80090C6
:101C800004E0404604F0DDF9D0F80090484604F046
:101C9000C0F90078002801D1012000E00020C0B286
:101CA000002820D049462800FBF72EFC8246280059
:101CB00005F094F852463100EEF7B5FF002801D048
:101CC000012000E00020C0B2002806D0C8464846E7
:101CD00004F0B7F900688146D8E7484604F0ABF94C
:101CE00000688146D2E7280005F07EF8020039003E
:101CF000684605F081F8280005F076F802004146B4
:101D000001A805F079F80200694602A805F07FF8FD
:101D10000200D2E90001C4E90001BDE8FF8713B564
:101D2000140001A9684605F082F8002801D00120BE
:101D300000E00020C0B2002806D02068401C2060CF
:101D4000684604F0B7FBECE713BD2DE9FF4704003C
:101D50000D001600280004F099FCD0F800A028001F
:101D600004F09DFC0768280004F099FCD0F800807E
:101D7000504604F09AFC0078002801D1012000E0D0
:101D80000020C0B200283FD051462800FBF725FCB8
:101D90008146280005F059F832004946EEF743FF26
:101DA000002801D0012000E00020C0B2002805D0AA
:101DB000504604F08CFC00688246D9E7404604F0A7
:101DC00074FC0078002813D051462800FBF705FC6E
:101DD0008146280005F039F84A463100EEF723FF26
:101DE000002801D1012000E0002090F0010000E077
:101DF0000020C0B2002800D0D0465746504604F01C
:101E00006CFC00688246B3E7404604F04EFC007864
:101E1000002805D0280004F039FCD0F8009004E038
:101E2000404604F05AFCD0F80090484604F03DFCCF
:101E30000078002801D1012000E00020C0B2002875
:101E400020D049462800FBF7C8FB8246280004F052
:101E5000FCFF52463100EEF7E6FE002801D00120DB
:101E600000E00020C0B2002806D0C846484604F072
:101E700034FC00688146D8E7484604F028FC006836
:101E80008146D2E7280004F0E6FF020039006846E8
:101E900004F0E9FF280004F0DEFF0200414601A83B
:101EA00004F0E1FF0200694602A804F0E7FF020027
:101EB000D2E90001C4E90001BDE8FF8713B51400B1
:101EC00001A9684604F0EAFF002801D0012000E0E3
:101ED0000020C0B2002806D02068401C2060684660
:101EE00004F034FEECE713BD10B504002000C0463A
:101EF000C04610BD10B50400200004F0DDFF10BD89
:101F000010B504002000FBF757FC001D10BD10B5F4
:101F100004002000C046C04610BD10B504002000DB
:101F2000C046C04610BD38B504000D002900200091
:101F300004F0CDFF31BD10B5040020000830C046CC
:101F400010BD10B504002000C046C04610BD38B515
:101F500004000D002900200004F0C1FF31BD70B560
:101F600004000D00160032002900200004F0BFFF1D
:101F700070BD38B504002000FBF7B1FC002814D177
:101F80002000406AC04605002000FFF749F90028FC
:101F900001D1012100E00021C9B228002A68D268DD
:101FA0009047002120004162C04631BD70B5040059
:101FB0000D00160032002900200004F0A1FF2000CF
:101FC00070BD70B504000D0016003200290020001D
:101FD00004F09CFF200070BD38B50400200004F020
:101FE0009BFF0500200004F09FFF2A00016868465F
:101FF00004F0A0FF006832BDF8B504000D00160023
:102000003000C046C0460100200004F09EFF0700DB
:10201000380001F08CFC3B0002002900200004F095
:10202000BCFFF2BDF8B504000D00200005F03DF93D
:102030000668200005F042F90768300005F044F911
:102040000078002801D1012000E00020C0B2002863
:102050001DD031002000FBF79DFC2A00010020006C
:1020600005F038F9002801D0012000E00020C0B2BE
:10207000002805D0300005F039F900680600DCE7DB
:102080003700300005F038F900680600D5E7380061
:10209000F2BD10B504002000C046C046C046C04690
:1020A00010BD70B504000D0016003200290020009C
:1020B00005F028F9200070BD10B504002000FFF7DE
:1020C000E8FF10BD10B5040020001030C04610BD60
:1020D00038B504000D002800C046C04632BD2DE9C9
:1020E000F34F81B0040015001E00200005F010F928
:1020F0000700380005F050F900210170380005F0A4
:10210000E3F8002101703800FFF7DCFF8346300060
:10211000C046C04680462800C046C0468146029858
:10212000C046C0468246584605F03CF9834620002A
:1021300005F03EF9CDF800804B465246594605F071
:102140003FF93800BDE8FE8F2DE9F34387B0040066
:1021500015001E0001A805F050F90027200005F029
:1021600053F900280ED12800C046C0468046200002
:10217000FFF7A2FF0096434602680121200005F008
:102180004AF966E1200005F0D0FA049004A908A8F5
:10219000FBF7F7FB002801D0012000E00020C0B2CF
:1021A00000282BD029002000FFF792FF804608A8C6
:1021B0000068C04601002000FBF7ECFB81462000D0
:1021C000FBF7F3FB4A464146EEF72DFD002801D010
:1021D000012000E00020C0B2002800F02E8108A8F5
:1021E0000068C04680462800C046C04600960300EE
:1021F00042460121200005F00EF92AE12000FBF7FC
:10220000B0FB039003A908A8FBF7BBFB002801D093
:10221000012000E00020C0B200282CD0200005F0F2
:1022200094FA01682000FBF7B5FB804629002000E6
:10223000FFF74EFF81462000FBF7B7FB4A464146B9
:10224000EEF7F1FC002801D0012000E00020C0B230
:10225000002800F0F280200005F077FA8046280080
:10226000C046C04600960300D8F800200021200098
:1022700005F0D1F8EDE029002000FFF729FF8046A6
:1022800008A80068C04601002000FBF783FB8146D8
:102290002000FBF78AFB4A464146EEF7C4FC0028C3
:1022A0001FD00898019001A805F058FA0068C046B0
:1022B00001002000FBF76EFB804629002000FFF79D
:1022C00007FF81462000FBF770FB4A464146EEF7C8
:1022D000AAFC002801D1012000E0002090F00100BC
:1022E00000E00020C0B200282ED001A80068C0463F
:1022F00004F0FCFF006804F0E7FF0078002801D03C
:10230000012000E00020C0B200280ED001A8006823
:10231000C04680462800C046C0460096030042469C
:102320000021200005F077F893E008A80068C04677
:1023300080462800C046C046009603004246012160
:10234000200005F068F884E008A80068C046010095
:102350002000FBF71FFB804629002000FFF7B8FE96
:1023600081462000FBF721FB4A464146EEF75BFC25
:1023700000282FD00898019001A805F0F6F98046B2
:102380002000FBF7EEFA029002A94046FBF7F9FAAB
:1023900000281BD129002000FFF79AFE804601A8E3
:1023A0000068C04601002000FBF7F4FA81462000D7
:1023B000FBF7FBFA4A464146EEF735FC002801D010
:1023C000012000E0002090F0010000E0002090F0EB
:1023D000010000E00020C0B200282ED008A800684C
:1023E000C04604F083FF006804F06EFF0078002808
:1023F00001D0012000E00020C0B200280ED008A8C3
:102400000068C04680462800C046C04600960300CB
:1024100042460021200004F0FEFF1AE001A80068F7
:10242000C04680462800C046C0460096030042468B
:102430000121200004F0EFFF0BE02800C046C04659
:10244000009603003A00D2B2210005A805F094F9E5
:10245000059809B0BDE8F08310B50400200005F030
:102460006AFA10BD10B50400200004F09BFF10BDF7
:1024700038B504000D002800C046C04601006A4679
:10248000200005F05EFA31BD2DE9FC4180460D00CB
:102490001C4608BF6D46474600E07F1C3878A0F117
:1024A00009010529F9D32028F7D006462D2E18BF9B
:1024B0002B2E08D117F8010FA0F1090105290AD325
:1024C000202801D107E02B262946384600F026F8BF
:1024D00029688F4204D1C5F800800020BDE8F6814C
:1024E0002B2E04D1B0F1004F06D2BDE8F6812D2E7F
:1024F000FBD1B0F1004F0CD9EAF778FF0CB1012005
:1025000020602D2E14BF6FF000404FF00040BDE85A
:10251000F6814042BDE8F6810023B5E72DE9F84F8A
:1025200084B00BB100241C600446A04601E008F111
:10253000010898F80000A0F10903052BF7D3202823
:10254000F5D02D2816BF2B2818F8015B2B25002A63
:10255000019103D4012A01D0252A03DB002959D097
:102560000C6057E0002A0CDD102A04BF98F8000028
:10257000302802BF98F8010040F02000782811D1DF
:102580000CE098F80000302818BF0A220AD198F809
:10259000010040F02000782803D1102208F1020841
:1025A00000E00822CDF80C8001E008F1010898F85D
:1025B00000003028F9D0074E7E4418364FF000094D
:1025C00006F12800CDF80880CA468DF800001746AD
:1025D0000CE000BF505502009DF80010401ACA469A
:1025E0005FFA80FB07FB09B908F1010898F80010B1
:1025F000A1F141001A2838BF20313A4606F12800DF
:10260000EAF7DEF90028E7D10399414504D10198A2
:1026100000B10460002020E00299F05DA8EB010108
:10262000081A002810D406DCB9EB0B0103D3B1FB68
:10263000F7F0504508D0EAF7D9FE049808B1012117
:1026400001604FF0FF3903E02D2D08BFC9F10009EB
:10265000019808B1C0F80080484605B0BDE8F08F89
:1026600000BF00235AE780B505F03AFBFFE710EE04
:10267000100A02BD30B400E0401C03784BB10C4698
:102680002278002AF8D014F8015BAB42F8D130BCB4
:102690007047FFE730BC002070477047C0F3C75158
:1026A00081B1FF2906D0C110400721F0E04101F1BE
:1026B0006051704741020CBF40F4E0016FF00041EF
:1026C0000020704700F0004100020AD0B0FA80FC00
:1026D00000FA0CF001F16051A1EB0C5101EBD0219B
:1026E0004005704708B438B585B009AC002504949E
:1026F000039500290EBF01950190491E0291009596
:1027000004AB01A9074878441A30E9F737F9019971
:1027100001B10D70002858BF039806B030BC5DF8B9
:1027200008FB00BF4391FEFF7CB504000D001600BE
:1027300069462000EDF783FD002200212000EDF71F
:1027400084FD3200D2B22900200005F0D9FA200021
:1027500076BD38B504000D002000EEF77DF8284462
:1027600032BD70470CB430B583B00A4606A9029159
:10277000044600250194009502AB01A9084878445D
:102780001E30E9F7FBF8019A157000284EBF044689
:102790000198041B204603B030BC5DF80CFB00BF61
:1027A0008791FEFF10B50400200005F0CDFA10BDA2
:1027B00038B504000D002800C046C04601006A4636
:1027C000200005F0C9FA31BD70B504000D001600F7
:1027D0002800C046C04601002000EDF7D1FC3000C3
:1027E000C046C046017814F1180005F0D5FA200063
:1027F00070BD70B504000D0016002800C046C0462C
:1028000001002000EDF7BCFC3000C046C046017856
:1028100014F1180005F0CEFA200070BD01604023CD
:1028200003FB02F30B444360704737B504000DF11E
:1028300001026946200005F0CBFA01A84068C046B5
:10284000050001A80068C04601002A00200005F02C
:10285000C5FA20003EBD704780B5644805F0CFFA48
:1028600001BD10B504002100604805F0D0FA10BD8C
:1028700010B58CB05E4C2088022820D033D30428B9
:1028800029D01DD305282ED15A480168093100915D
:102890000168097AADF804100068B0F83E02ADF89E
:1028A00006000FF2B10102A805F08DFB684605F0A5
:1028B000C4FB684605F0F0FB0220208013E012E024
:1028C0004D4A4E48B0F900104A48006805F05BFCDC
:1028D0000420208007E000F01FF84649086000F05F
:1028E00004F82080FFE70CB010BD80B541490868AE
:1028F000002801D104200EE008680079800701D586
:10290000042008E0086805F065FCC0B2002801D08A
:10291000052000E0042002BD70B5344D280005F00C
:1029200081FC040036490E88200080B200280FD0B8
:10293000761C3000220080B292B2904202D3002076
:10294000088000E00E800988280005F07CFC00E08B
:10295000002070BD2DE9F04104000D00200000B200
:10296000012809DB260036B22F00DFF88C80320008
:1029700039004046E8F784FF2048048003201C49C2
:102980000880BDE8F0817CB504000D00174E3000D2
:1029900005F066FC0090300005F072FC019001A982
:1029A000684605F07DFC002801D0012000E00020F1
:1029B000C0B2002817D0684605F080FC0600210050
:1029C00016F51070EDF7CEFD002808D0290016F599
:1029D0001670EDF7C7FD002801D0300004E068460E
:1029E00005F072FCDBE7002076BD0000882F002098
:1029F000BC0000201C3000202C2A00208830002041
:102A00008630002038B58AB004000D002800C0468A
:102A1000C0460100684600F03DFB210005F05BFC6C
:102A20006846FBF75BFB20000BB030BDFEB506002F
:102A30000F003A003100684605F055FCDDE900451D
:102A4000002000906A462900200005F054FC009800
:102A5000FEBD7CB504000D002900200005F058FCE7
:102A60000090200005F066FC019001A9684605F081
:102A700071FC002816D168460068C046010020009D
:102A800005F071FC0600200005F078FC32002900FA
:102A9000EEF7C9F8002801D1012000E0002090F0F5
:102AA000010000E00120C0B2002801D0EDF712FEC5
:102AB000684605F069FC183076BDF2B504001500D3
:102AC000200005F069FC002801D0EDF761FE200030
:102AD000406AC04606002800C046C0460700684657
:102AE000C046C0463A000100300033689B689847F2
:102AF000C0B2F2BDFEB504000D0016001F00290093
:102B000001A805F055FC01A800903B003200290007
:102B1000200005F058FCF7BD10B50400200005F0BA
:102B20006CFC10BD2DE9F04104000D002800FEF7FB
:102B300029FB01002000FEF70DFB002801D0012039
:102B400000E00020C0B2002848D02800FEF71AFBA1
:102B500006002000FAF77DFC0068FEF713FB361A2A
:102B6000182096FBF0F62000FDF7E3FE070020009A
:102B7000FEF70EFB39680068814203D10121200075
:102B8000FEF70DFB2000FDF7D4FE07002000FDF747
:102B9000D0FE3A6801682000C046C0462000FAF71F
:102BA00058FC0068182101FB06F10844C046C046E5
:102BB00007002000FDF7BDFE0068FEF7E3FA80463F
:102BC0002000FEF70DFB3A00414605F01DFC2000F9
:102BD000FDF7AFFE01681831016032E02000FDF71B
:102BE000A8FE06002000FEF7D3FA31680068814293
:102BF00003D101212000FEF7D2FA2000FDF799FE53
:102C000006002000FDF795FE326801682000C046EE
:102C1000C0462800C046C04606002000FDF789FED9
:102C20000068FEF7AFFA07002000FEF7D9FA32007D
:102C3000390005F0E9FB2000FDF77BFE0168183143
:102C40000160BDE8F08170B504000D0016002000A1
:102C5000F3F7E0FF2800EDF7C3F90100491C20005D
:102C600005F0DFFB2900200005F001FC3100C9B2AE
:102C7000200000F001F870BD38B504000D002A00F6
:102C8000D2B20121200005F0FAFB32BD38B50400B4
:102C90002000FEF76CFF2000FDF74BFE0500200032
:102CA000FAF7D7FB2A6801682000FEF768FF2000CA
:102CB000FDF73FFE05002000FAF7CBFB0068286017
:102CC00031BD2DE9F04104000D00AC4200F0CF8091
:102CD000280005F009FC06002000FEF781FA31000B
:102CE00005F008FC2000FEF742FF280005F010FC6C
:102CF000002803D02000FFF7C9FFB8E02000F9F753
:102D000014FC06002800F9F710FC86422AD32000A4
:102D1000FAF79FFB06002800FDF746FA0700280097
:102D2000FDF749FA32683968006805F003FC0600CF
:102D30002000FDF7FEFD026831002000FEF71FFFB6
:102D40002000FDF7F6FD07002000FAF782FB804621
:102D50002800F9F7EAFBD8F800201821484310446E
:102D6000386084E0200005F0F2FB06002800F9F747
:102D7000DCFB86422AD32800FDF71DFA060020005E
:102D8000F9F7D3FB32681821484302EB0006200014
:102D9000FAF75FFB07002800FDF70DFA3A683100EB
:102DA000006805F0C7FB2000FDF7C3FD0700280001
:102DB000FDF7FAF93B6802683100200005F0D7FB07
:102DC00007002000FDF7B5FD076050E02000FAF78E
:102DD00040FB0068002824D02000FDF7AAFD060073
:102DE0002000FAF736FB326801682000FEF7C7FEC4
:102DF0002000FEF7CDF907002000FAF72AFB8046F5
:102E00002000FAF726FB06002000FEF7E9F93A68F1
:102E1000D8F80010521A182192FBF1F23168FEF72F
:102E2000BBFE2800F9F781FB0100200005F0AEFB96
:102E3000C0B2002801D0012000E00020C0B200286C
:102E400015D02000FAF705FB06002800FDF7ACF9C5
:102E500007002800FDF7AFF933683A6801682000E1
:102E600005F085FB06002000FDF763FD06602000ED
:102E7000BDE8F08110B50400200005F0C8FB006833
:102E800005F0CBFB10BD10B504002000C046C046C5
:102E9000C046C04610BD70B504000D0016003200DB
:102EA0002900200005F0BFFB200070BD10B5040014
:102EB0002000FFF7E8FF10BD00680968884201D1D3
:102EC000012000E00020C0B2704710B50400206867
:102ED0001030C04610BD70B504000D00160029006A
:102EE0002000ECF70DFE310014F1180005F0A1FBF5
:102EF000200070BD0160382303FB02F30B444360E4
:102F0000704737B504000DF101026946200005F055
:102F10009FFB01A84068C046050001A80068C046A4
:102F200001002A00200005F099FB20003EBD10B5ED
:102F300004002000ECF7C8FE200010BD13B504000B
:102F40002000F3F737FA01A8C046C0460100200070
:102F500005F095FB200016BDF8B504000D00160025
:102F60002800EDF716FE07002800EDF739F80300FA
:102F7000320039002000EDF722FBF2BD80B50020C1
:102F800000F001F801BD010089B2002902D0012939
:102F900005D008E04FF48051034A118003E04FF45C
:102FA0008051024A11807047180402401A040240FE
:102FB0001948817B01F0FF01C18170471648C18922
:102FC000C90504D54FF40071144A118003E04FF491
:102FD0000071134A1180C089800504D54FF48070B8
:102FE0000E49088003E04FF480700D490880704757
:102FF000010089B2002902D0012907D00BE0064A5E
:10300000D3894FF6FF610B40D38104E00249CA899E
:1030100052F48072CA817047782F0020180802404D
:103020001A08024010B50400200005F034FB20000F
:1030300010BD704780B5002000F001F801BD01000F
:1030400089B2002902D0012904D006E00221034AF6
:10305000118002E00221024A1180704718040240E8
:103060001A04024038B504000D002800C046C046CE
:1030700001006A46200005F054FB31BD38B504005C
:103080000D002800C046C04601006A46200005F039
:1030900068FB31BD38B504000D002000FFF782FB4E
:1030A0002900200005F07DFB200032BD2DE9FE4FF8
:1030B00004000D004D4E300005F036FC10220021BA
:1030C0002800FAF7B3FC0190494FB4F9000007EB70
:1030D0000008B4F9040010F1010F0AD194F802902D
:1030E0000DF1040AC3464A4651465846E8F7C8FB64
:1030F00020E098F800008DF800000198002808D022
:103100009DF800100122A088824011438DF8001024
:1031100007E09DF800100122A088824091438DF8BD
:10312000001094F80290EA46C3464A465146584673
:10313000E8F7A6FB4FF480713800FDF7EDFA2D4952
:10314000300005F0FCFBBDE8F78F2DE9FE4F0400D1
:103150000D00294E300005F0E7FB10220021280069
:10316000FAF764FC0190224FB4F9000007EB000865
:10317000B4F9040010F1010F0AD194F802900DF196
:10318000040AC3464A4651465846E8F779FB20E010
:1031900098F800008DF800000198002808D09DF8EC
:1031A00000100122A088824011438DF8001007E032
:1031B0009DF800100122A088824091438DF80010F4
:1031C00094F80290EA46C3464A4651465846E8F704
:1031D00057FB4FF480713800FDF79EFA72B6390044
:1031E000300005F009FB62B6BDE8F78F00000A0861
:1031F0002C2B002000000C0800000E0838B504003D
:103200000D002800C046C04601006A46200005F0B7
:1032100063FC31BD38B504000D002800C046C0462F
:1032200001006A46200005F077FC31BD38B5040086
:103230000D002800C046C04601006A46200005F087
:103240008BFC31BD38B504000D002800C046C046D7
:1032500001006A46200005F09FFC31BD38B504002E
:103260000D002800C046C04601006A46200005F057
:10327000B3FC31BD38B504000D002800C046C0467F
:1032800001006A46200005F0C7FC31BD70B586B06C
:1032900004000025002C12D0641C22002F21684657
:1032A000F3F70DFA102200216846FAF7DCFB06005E
:1032B00006F0FF06B6B275006846ECF705FD28007B
:1032C00000B206B070BDF0B58DB0010000292CD061
:1032D0004C1C22002E2101A8F3F7F1F91022002145
:1032E00001A8FAF7C0FB00F0FF0000B24500641D22
:1032F00022002F2107A8F3F7E2F907A901A8F2F7A6
:10330000FDF907A8ECF7E0FC1022002101A8FAF76C
:10331000AAFB06000127B740ADF80050ADF80270D7
:1033200001A8ECF7D1FC009801E01F4800680DB03F
:10333000F0BD78B58DB0010000292ED04C1C2200C4
:103340002E2101A8F3F7BBF91022002101A8FAF7FA
:103350008AFB00F0FF0000B24500641D22002F210F
:1033600007A8F3F7ACF907A901A8F2F7C7F907A86E
:10337000ECF7AAFC0BA101A8EDF703FBC0B20028F3
:1033800001D0012600E00026ADF80050ADF8026043
:1033900001A8ECF799FC009801E0044800680EB021
:1033A00070BD000048000000941505089C15050834
:1033B00000B2002801D5012000E00020C0B2704713
:1033C00070B52DED028B8CB004000D002A002F216A
:1033D0000320F3F79AF9060032002F2106A8F3F72D
:1033E0006EF906A8F3F702F8FAF791FBB7EE008A38
:1033F000002106A8FAF75AFB00EE100AB0EE408A48
:1034000006A8ECF761FCB0EE480A0CB0BDEC028BEC
:1034100070BD70B586B004000D001600310068461E
:10342000ECF7AEFE020029002000F1F750FE6846DE
:10343000ECF74AFC06B070BD71B581B00C00150008
:10344000019805F009FC0600200005F005FC2A00A3
:103450000100300005F005FC010001A805F00BFC9F
:10346000006876BD11B581B00C000020009001A865
:10347000C046C04603006A462100019805F003FCDF
:10348000009816BDF8B504000D0016001F002800B6
:10349000ECF7C3FE01002000ECF7D1FE0022002172
:1034A0002000ECF7D2FE3B00320029002000ECF7B0
:1034B0000EFF2000F2BD70B504000D0016003000B4
:1034C000C046C04602002900200005F0E6FB70BDA2
:1034D00038B504000D002800C046C04601006A4609
:1034E000200005F0E7FB31BD2DE9FF4704000D008A
:1034F0001600280003F0D9FED0F800A0280003F041
:10350000DDFE0768280003F0D9FED0F800805046A1
:1035100003F0DAFE0078002801D1012000E000204D
:10352000C0B200283FD051462800FAF733FA81464E
:10353000280005F0DFFB32004946EDF774FB002858
:1035400001D0012000E00020C0B2002805D0504684
:1035500003F0CCFE00688246D9E7404603F0B4FE93
:103560000078002813D051462800FAF713FA814654
:10357000280005F0BFFB4A463100EDF754FB002858
:1035800001D1012000E0002090F0010000E00020C7
:10359000C0B2002800D0D0465746504603F0ACFEDB
:1035A00000688246B3E7404603F08EFE00780028AC
:1035B00005D0280003F079FED0F8009004E04046E2
:1035C00003F09AFED0F80090484603F07DFE0078A4
:1035D000002801D1012000E00020C0B2002820D046
:1035E00049462800FAF7D6F98246280005F082FB02
:1035F00052463100EDF717FB002801D0012000E012
:103600000020C0B2002806D0C846484603F074FE29
:1036100000688146D8E7484603F068FE00688146A6
:10362000D2E7280005F06CFB02003900684605F07F
:103630006FFB280005F064FB0200414601A805F07D
:1036400067FB0200694602A805F06DFB0200D2E9A3
:103650000001C4E90001BDE8FF8713B5140001A90A
:10366000684605F070FB002801D0012000E0002032
:10367000C0B2002806D02068401C2060684604F0D4
:1036800074F8ECE713BD2DE9F34F81B00400150089
:103690001E00200003F03CFE0700380003F07CFE13
:1036A00000210170380003F00FFE00210170380086
:1036B000FEF708FD83463000C046C046804628001D
:1036C000C046C04681460298C046C046824658461B
:1036D00003F068FE8346200003F06AFECDF8008008
:1036E0004B465246594605F03CFB3800BDE8FE8F7C
:1036F0002DE9FF4704000D001600280005F04EFBE1
:10370000D0F800A0280000F00CF90768280000F0AD
:1037100008F9D0F80080504605F049FB00780028F1
:1037200001D1012000E00020C0B200283FD0514666
:103730002800FCF707FD81462800FCF70EFD32004B
:103740004946EDF770FA002801D0012000E0002082
:10375000C0B2002805D0504605F02FFB0068824615
:10376000D9E7404605F023FB0078002813D05146E6
:103770002800FCF7E7FC81462800FCF7EEFC4A46EF
:103780003100EDF750FA002801D1012000E00020BF
:1037900090F0010000E00020C0B2002800D0D04628
:1037A0005746504605F00FFB00688246B3E7404697
:1037B00005F0FDFA0078002805D0280005F0EEFAA3
:1037C000D0F8009004E0404605F0FDFAD0F80090F3
:1037D000484605F0ECFA0078002801D1012000E00D
:1037E0000020C0B2002820D049462800FCF7AAFCDF
:1037F00082462800FCF7B1FC52463100EDF713FA7F
:10380000002801D0012000E00020C0B2002806D02E
:10381000C846484605F0D7FA00688146D8E74846CA
:1038200005F0CBFA00688146D2E7280000F066F880
:1038300002003900684600F069F8280000F05EF8E0
:103840000200414601A800F061F80200694602A8A2
:1038500005F0BFFA0200D2E90001C4E90001BDE8A9
:10386000FF8713B5140001A9684605F0C2FA0028C5
:1038700001D0012000E00020C0B2002806D020685E
:10388000401C2060684605F0C2FAECE713BDF8B5AD
:1038900004000D00200005F081FA0668200000F009
:1038A00040F80768300005F082FA0078002801D15E
:1038B000012000E00020C0B200281DD0310020000F
:1038C000FCF740FC2A000100200005F0A7FA0028C0
:1038D00001D0012000E00020C0B2002805D0300057
:1038E00005F06BFA00680600DCE73700300005F0F1
:1038F0006AFA00680600D5E73800F2BD10B504008A
:103900002000C046C046C046C04610BD70B5040089
:103910000D00160032002900200005F08BFA20006F
:1039200070BD10B504002000FFF7E8FF10BD10B512
:10393000040020001030C04610BD38B504000D0052
:103940002800C046C04632BD10B5040020681030C3
:10395000C04610BD10B50400200005F071FA10BD7E
:1039600038B504000D002A0003480178200005F056
:103970006DFA200032BD00BFD74D0308F8B5040032
:103980000D0016003100280005F06FFA010020003C
:1039900004F0FCFDC0B2002801D0012000E00020AE
:1039A000C0B200280DD02000F9F753FD03683200A3
:1039B0002900200005F069FA07002000FCF7B9FF94
:1039C0000760F1BD70B504000D001600320029003B
:1039D000200005F069FA200070BD10B50400200039
:1039E00005F068FA10BD38B50C0015002A0021005A
:1039F00005F06BFA31BD31B50C0015006846C046C4
:103A0000C04603002A002100009805F017FB31BDD5
:103A10007CB504000D002900200005F025FB060000
:103A2000200005F058FB02003100684605F05BFB02
:103A3000006876BD38B50400200005F04CFB050099
:103A4000200005F05BFB2A000168684605F04BFB8F
:103A5000006832BD00680968884201D1012000E099
:103A60000020C0B2704738B504000D00280005F0F2
:103A70004BFB0100200005F04DFB32BD10B50400EA
:103A80002000C046C04610BD10B50400200005F05F
:103A900048FB05F04CFB10BD2DE9F04704000D007C
:103AA00016001F00DDF820804046C046C046814613
:103AB0003800C046C04682463000C046C0464B462D
:103AC00052460100200005F038FB8146484605F0CB
:103AD0001BFB4B4602002900200005F063FBBDE8FC
:103AE000F08738B504000D002900200005F0E2FC45
:103AF000200032BD10B50400200005F0FAFC2000C3
:103B000010BD10B50400200005F0F9FC10BD38B55B
:103B100004000D002900200005F0FCFC200032BD4F
:103B200073B50400150001A8C046C04633002A0042
:103B30000199200005F0F5FC73BD7CB504000D0073
:103B40002900200005F011FD0600200005F044FDCD
:103B500002003100684605F047FD006876BD38B5C3
:103B60000400200005F038FD0500200005F047FDA9
:103B70002A000168684605F037FD006832BD00681C
:103B80000968884201D1012000E00020C0B27047DE
:103B900038B504000D00280005F037FD01002000B5
:103BA00005F039FD32BD10B504002000C046C04606
:103BB00010BD2DE9F04704000D0016001F00DDF8D0
:103BC00020804046C046C04681463800C046C046B8
:103BD00082463000C046C0464B4652460100200097
:103BE00005F020FD8146484605F00FFD4B460200DA
:103BF0002900200005F04BFDBDE8F08710B504005A
:103C0000200005F0CCFE05F0D0FE10BD2DE9FF47E9
:103C100004000D001600280005F0CDFED0F800A02D
:103C2000280005F0D1FE0768280005F0CDFED0F889
:103C30000080504605F0CEFE0078002801D101201A
:103C400000E00020C0B200283FD051462800FCF719
:103C50001BFC8146280005F0C3FE32004946ECF704
:103C6000E2FF002801D0012000E00020C0B20028BF
:103C700005D0504605F0BAFE00688246D9E74046B6
:103C800005F0A8FE0078002813D051462800FCF764
:103C9000FBFB8146280005F0A3FE4A463100ECF705
:103CA000C2FF002801D1012000E0002090F00100B7
:103CB00000E00020C0B2002800D0D0465746504651
:103CC00005F09AFE00688246B3E7404605F082FEA2
:103CD0000078002805D0280005F06DFED0F800908F
:103CE00004E0404605F088FED0F80090484605F014
:103CF00071FE0078002801D1012000E00020C0B250
:103D0000002820D049462800FCF7BEFB8246280048
:103D100005F066FE52463100ECF785FF002801D021
:103D2000012000E00020C0B2002806D0C846484666
:103D300005F062FE00688146D8E7484605F056FE69
:103D400000688146D2E7280005F05CFE02003900D9
:103D5000684605F05FFE280005F054FE020041466B
:103D600001A805F057FE0200694602A805F05DFEB5
:103D70000200D2E90001C4E90001BDE8FF8713B5E4
:103D8000140001A9684605F060FE002801D001205A
:103D900000E00020C0B2002806D02068401C20604F
:103DA000684605F060FEECE713BDF8B504000D00B1
:103DB000200005F000FE0668200005F005FE0768FB
:103DC000300005F007FE0078002801D1012000E056
:103DD0000020C0B200281DD031002000FCF754FBA9
:103DE0002A000100200005F045FE002801D0012036
:103DF00000E00020C0B2002805D0300005F0F6FD3C
:103E000000680600DCE73700300005F0F5FD0068CB
:103E10000600D5E73800F2BD10B504002000C0460A
:103E2000C046C046C04610BD70B504000D00160067
:103E300032002900200005F029FE200070BD10B5D9
:103E400004002000FFF7E8FF10BD10B504002000BB
:103E50001030C04610BD38B504000D002800C04623
:103E6000C04632BD10B50400200005F015FE10BD9F
:103E700010B50400200005F015FE10BD7CB504004F
:103E80000D001600280005F013FE320069462000E0
:103E900005F017FE2900200005F019FE200076BD70
:103EA0002DE9FF4704000D001600280005F069FE0B
:103EB000D0F800A0280005F06DFE0768280005F086
:103EC00069FED0F80080504605F06AFE00780028B0
:103ED00001D1012000E00020C0B200283FD05146AF
:103EE0002800FCF744FB8146280005F05FFE320005
:103EF0004946ECF798FE002801D0012000E00020A0
:103F0000C0B2002805D0504605F056FE0068824633
:103F1000D9E7404605F044FE0078002813D051460A
:103F20002800FCF724FB8146280005F03FFE4A46A6
:103F30003100ECF778FE002801D1012000E00020DC
:103F400090F0010000E00020C0B2002800D0D04670
:103F50005746504605F036FE00688246B3E74046B5
:103F600005F01EFE0078002805D0280005F009FEA7
:103F7000D0F8009004E0404605F024FED0F8009010
:103F8000484605F00DFE0078002801D1012000E030
:103F90000020C0B2002820D049462800FCF7E7FAEC
:103FA0008246280005F002FE52463100ECF73BFE47
:103FB000002801D0012000E00020C0B2002806D077
:103FC000C846484605F0FEFD00688146D8E74846E9
:103FD00005F0F2FD00688146D2E7280005F0F8FD03
:103FE00002003900684605F0FBFD280005F0F0FDF1
:103FF0000200414601A805F0F3FD0200694602A84F
:1040000005F0F9FD0200D2E90001C4E90001BDE8B4
:10401000FF8713B5140001A9684605F0FCFD0028D0
:1040200001D0012000E00020C0B2002806D02068A6
:10403000401C2060684605F0FCFDECE713BDF8B5B8
:1040400004000D00200005F09CFD0668200005F02E
:10405000A1FD0768300005F0A3FD0078002801D11C
:10406000012000E00020C0B200281DD03100200057
:10407000FCF77DFA2A000100200005F0E1FD002890
:1040800001D0012000E00020C0B2002805D030009F
:1040900005F092FD00680600DCE73700300005F00F
:1040A00091FD00680600D5E73800F2BD10B50400A8
:1040B0002000C046C046C046C04610BD70B50400D2
:1040C0000D00160032002900200005F0C5FD20007B
:1040D00070BD10B504002000FFF7E8FF10BD10B55B
:1040E000040020001030C04610BD38B504000D009B
:1040F0002800C046C04632BD10B50400200005F0BF
:10410000B1FD10BD10B50400200005F0B1FD10BDDB
:104110007CB504000D001600280005F0AFFD32004C
:104120006946200005F0B3FD2900200005F0B5FD2B
:10413000200076BD2DE9FF4704000D001600280081
:1041400005F005FED0F800A0280005F009FE07687C
:10415000280005F005FED0F80080504605F006FE68
:104160000078002801D1012000E00020C0B2002822
:104170003FD051462800FCF76DFA8146280005F033
:10418000FBFD32004946ECF74EFD002801D001202E
:1041900000E00020C0B2002805D0504605F0F2FD36
:1041A00000688246D9E7404605F0E0FD0078002827
:1041B00013D051462800FCF74DFA8146280005F03F
:1041C000DBFD4A463100ECF72EFD002801D101202D
:1041D00000E0002090F0010000E00020C0B20028C4
:1041E00000D0D0465746504605F0D2FD00688246C2
:1041F000B3E7404605F0BAFD0078002805D0280056
:1042000005F0A5FDD0F8009004E0404605F0C0FDA3
:10421000D0F80090484605F0A9FD0078002801D1AB
:10422000012000E00020C0B2002820D0494628002C
:10423000FCF710FA8246280005F09EFD5246310038
:10424000ECF7F1FC002801D0012000E00020C0B212
:10425000002806D0C846484605F09AFD0068814609
:10426000D8E7484605F08EFD00688146D2E7280071
:1042700005F094FD02003900684605F097FD28001E
:1042800005F08CFD0200414601A805F08FFD0200FB
:10429000694602A805F095FD0200D2E90001C4E9D3
:1042A0000001BDE8FF8713B5140001A9684605F0B9
:1042B00098FD002801D0012000E00020C0B20028B5
:1042C00006D02068401C2060684605F098FDECE7A9
:1042D00013BDF8B504000D00200005F038FD066898
:1042E000200005F03DFD0768300005F03FFD007837
:1042F000002801D1012000E00020C0B200281DD01C
:1043000031002000FCF7A6F92A000100200005F08A
:104310007DFD002801D0012000E00020C0B200286F
:1043200005D0300005F02EFD00680600DCE7370000
:10433000300005F02DFD00680600D5E73800F2BD1D
:1043400010B504002000C046C046C046C04610BD9F
:1043500070B504000D00160032002900200005F0A1
:1043600061FD200070BD10B504002000FFF7E8FFDC
:1043700010BD10B5040020001030C04610BD38B587
:1043800004000D002800C046C04632BD10B5040030
:10439000200005F04DFD10BD10B50400200005F013
:1043A0004DFD10BD10B50400200005F04DFD2000AE
:1043B00005F059FD200010BD10B50400200005F0E7
:1043C00058FD200005F064FD200010BD10B504006C
:1043D000200005F063FD10BD10B504002000C046AC
:1043E000C04610BD38B504000D00200005F064FD86
:1043F000006800F015F8854209D2200005F063FD41
:10440000006800F00DF8854201D3012000E0002093
:10441000C0B232BD10B50400200000F06BF810BD32
:1044200010B504002000C046C04610BD10B5040001
:10443000200000F05FF8001D10BD10B50400200042
:1044400000F058F8083010BD70B504000D002000D1
:1044500005F03FFDA84217D2200005F049FD0600F7
:10446000200005F04EFD361AAE4201D2ECF70AF9F3
:10447000200005F046FD01006918200005F050FD00
:104480000100200005F063FD70BD10B504002000A0
:10449000C046C04610BD70B504000D0016003000C7
:1044A000C046C04602002900200005F0ADFD70BDE9
:1044B00070B504000D0016003000C046C046020072
:1044C0002900200005F0ADFD70BD10B504002000EE
:1044D00000F010F8C046C04610BD70B504000D00D5
:1044E00016002000FFF7D1FF02003100280005F080
:1044F000A5FD70BD10B504002000C046C04610BD2B
:1045000070B504000D00160032002900200005F0EF
:10451000A4FD200070BD70B504000D002000010056
:1045200000200600280001000020864201D0012062
:1045300000E00020C0B2002803D029002000C046BF
:10454000C04620682968884201D1012000E000208F
:10455000C0B270BD0168091D0160704710B504004C
:104560002000FCF712FA10BD80B58F498F48EBF799
:1045700007FE01BD0EB41EB5040005A983B0684650
:104580001422E7F78DF90EBC2000F9F7FDFF8848EB
:104590002060099A2F210220F2F7B7F86061099A8A
:1045A0002F210120F2F7B1F820612069FEF7C1FE4A
:1045B000E06109990598FEF703FF84ED060A2000E3
:1045C0001EBC5DF810FB10B50C006169002904D019
:1045D00062692F21F2F773F802E071A1EBF7D0FDC9
:1045E00010BDF8B586B004000D0016001F003200A3
:1045F0002900684600F085F869A16846EBF7B1FD2F
:10460000C0B2002804D069462000EBF779FA05E033
:104610003B0032002900200000F005F86846EBF767
:1046200053FB07B0F0BD2DE9FC4104000D0016005E
:104630001F003100280000F03EF880464046C0B21E
:1046400000EE100AB8EE400AD5ED060A20EE200A68
:104650008DED000A6846F9F791FA02686946200074
:10466000F9F765FABDE8F381FEB504000D00160008
:104670003100280000F00CF807003A0092B24D49D2
:104680006846FEF76FF869462000EBF779FDF7BD45
:1046900038B504000D0000212800F9F707FA00EEF4
:1046A000100AD4ED060A80EE200ABDEEC00A10EE14
:1046B000100A80B232BD18B40200908BB1F90630F6
:1046C000C31A08681C0024B2204404788DF8004006
:1046D000441C20788DF80100D08B012802D19DF870
:1046E000010001E09DF80000C0B212BC704738B56F
:1046F00004000D0006222869411C2000EBF7DFFCB6
:1047000031BD70B506000C0015002879002804D1D1
:1047100029493000EBF734FD24E0B4F91C00FEF722
:1047200047FEC0B2002801D0012000E00020C0B246
:10473000002804D021493000EBF722FD12E0B4F943
:104740001C00E988884204DB2889B4F91C108842DF
:1047500004DA1B493000EBF713FD03E010A1300031
:10476000EBF70EFD70BD10B50C000EA1EBF708FDC8
:1047700010BD01000D4870473EB50C00B4F91C5047
:10478000B4F91E104D190F49D1E90023CDE90023DA
:10479000ADF8005069460622E7F772F837BD000011
:1047A0000000000031360000C8140508302F00203A
:1047B000C08C0408B8140508C01405089C0C050832
:1047C000A80C0508D01405080EB41EB5040005A9F0
:1047D00083B068461422E7F763F80EBC200005F0AA
:1047E00043FC4348206020001EBC5DF810FBFEB572
:1047F00004000D0016001F003200290001A82B68DC
:104800001B6B98479DED020AD5ED070A20EE200AA2
:104810008DED000A6846F9F7F3F902686946200051
:10482000F9F785F9F7BDFEB40C8BB2F90630E31A3F
:1048300014681D002DB22C4425788DF80050641C9E
:1048400025788DF80150641C25788DF80250641C81
:1048500025788DF8035002258DF80450009D0295AF
:10486000DDE90167C0E90067F7BC7047FEB50400E9
:104870000D0016003100280000F00BF807003A0088
:104880001C496846FDF76EFF69462000EBF778FC8F
:10489000F7BD2DE9FC4104000D0000212800F9F7C7
:1048A00005F900909DED000AD4ED070A80EE200A7C
:1048B0008DED000A04266F460DF104083200390020
:1048C0004046E6F7DDFF0198BDE8F6813EB50C00F5
:1048D000B4F918500849D1E90023CDE90023ADF817
:1048E000005069460622E6F7CBFF37BD0000000006
:1048F000D07E040878140508801405080EB41EB58F
:10490000040005A983B068461422E6F7C9FF0EBC6F
:10491000200005F0A9FB1948206020001EBC5DF8AE
:1049200010FBFEB40C8BB2F90630E31A14681D00BC
:104930002DB22C4425788DF80050641C25788DF814
:10494000015001258DF80450BDF900500295DDE9B4
:104950000167C0E90067F7BC70473EB50C00B4F9C9
:1049600018500749D1E90023CDE90023ADF80050E4
:1049700069460622E6F784FF37BD00000C7F040875
:10498000A014050880B596499648EBF7F9FB01BDE0
:104990000EB41EB5040005A983B068461422E6F7DC
:1049A0007FFF0EBC2000F9F7EFFD8F482060099AC9
:1049B0002F210220F1F7A9FE20612069FEF783FC78
:1049C000606120001EBC5DF810FBF8B586B00400E5
:1049D0000D0016001F0032002900684600F06AF83A
:1049E0007AA16846EBF7BDFBC0B2002804D0694647
:1049F0002000EBF785F804E032002900200000F0E9
:104A000005F86846EBF760F907B0F0BDF8B50400AB
:104A10000D0016003100280000F030F807003800C3
:104A2000C0B2002801D06AA100E06AA12000EBF723
:104A3000A7FBF1BD70B52DED028B04000D00160033
:104A400000213000F9F732F808EE100AB5EE408A7E
:104A5000F1EE10FA01D05EA100E05EA12000EBF7BC
:104A60008FFBBDEC028B70BD38B504000D00062233
:104A70002869411C2000EBF722FB31BD38B402004D
:104A8000908AB1F90630C31A08681C0024B2204489
:104A900004788DF80040441C20788DF80100BDF8A2
:104AA0000000D58A284201D0012000E00020C0B2D9
:104AB00032BC704770B506000C001500287900283C
:104AC00004D145A13000EBF75BFB24E0B4F91400FE
:104AD000FEF76EFCC0B2002801D0012000E00020EB
:104AE000C0B2002804D041493000EBF749FB12E086
:104AF000B4F91400E988884204DB2889B4F9141059
:104B0000884204DA3A493000EBF73AFB03E02FA180
:104B10003000EBF735FB70BD10B50C002FA1EBF7A3
:104B20002FFB10BD01002F4870472DE9F84384B0DA
:104B300006000F00B7F914405FF0FF355FF0000882
:104B4000DFF8B090484605F08DFB0090484605F030
:104B500095FB039003A9684605F09CFB002801D053
:104B6000012000E00020C0B2002812D06846006892
:104B7000C0468146B9F80000F98A884203D1404610
:104B800000B2050005E018F10108684605F090FB49
:104B9000E0E7280000B2072800DB641C280000B210
:104BA000072800DB083D144AD2E90001CDE90101E4
:104BB000ADF80440ADF80850300001A90622E6F730
:104BC0005FFE05B0BDE8F0830000000000000000BB
:104BD00031000000300000002A00000031360000E3
:104BE00060140508002F0020588C040800030508F5
:104BF0000C03050840AF0408681405080EB41EB580
:104C0000040005A983B068461422E6F749FE0EBCED
:104C1000200005F029FA2D48206020001EBC5DF818
:104C200010FBFEB40C8BB2F90630E31A14681D00B9
:104C30002DB22C4425788DF80050641C25788DF811
:104C4000015000258DF80450BDF800500295DDE9B3
:104C50000167C0E90067F7BC7047FEB504000D00AE
:104C600016003100280000F00CF807003A0092B25C
:104C700017496846FDF776FD69462000EBF780FA94
:104C8000F7BD38B504000D0000212800F8F70EFF2D
:104C900000EE100AD4ED070A80EE200ABDEEC00A2D
:104CA00010EE100A80B232BD3EB50C00B4F91850B7
:104CB0000849D1E90023CDE90023ADF80050694649
:104CC0000622E6F7DDFD37BD00000000487F04083E
:104CD000A8140508B014050870B504000D001600EE
:104CE0002800C046C04601002000EBF749FA30001A
:104CF000C046C046017814F1180005F0DDFA200026
:104D000070BD70B504000D0016002800C046C046F6
:104D100001002000EBF734FA3000C046C0460178AD
:104D200014F1180005F0D6FA200070BD70B504002B
:104D30000D0016002800C046C04601002000EBF719
:104D40001FFA3000C046C046017814F1180005F083
:104D5000CFFA200070BD70B504000D0016002800C9
:104D6000C046C04601002000EBF70AFA3000C046FA
:104D7000C046017814F1180005F0C8FA200070BD93
:104D800070B504000D0016002800C046C0460100A2
:104D90002000EBF7F5F93000C046C046017814F169
:104DA000180005F0C1FA200070BD70B504000D00B8
:104DB00016002800C046C04601002000EBF7E0F9CD
:104DC0003000C046C046017814F1180005F0BAFA68
:104DD000200070BD0160402303FB02F30B444360DD
:104DE000704737B504000DF101026946200005F057
:104DF000B7FA01A84068C046050001A80068C0468F
:104E000001002A00200005F0B1FA20003EBDFEB5E9
:104E100006000F003A003100684605F0B8FADDE9F7
:104E20000045002000906A462900200005F0B7FAEE
:104E30000098FEBD7CB504000D002900200005F09F
:104E4000BBFA0090200005F0C9FA019001A968465C
:104E500005F0D4FA002816D168460068C046010063
:104E6000200005F0D4FA0600200005F0DBFA32003D
:104E70002900EBF7D8FE002801D1012000E0002036
:104E800090F0010000E00120C0B2002801D0EBF753
:104E900021FC684605F0CCFA183076BD0EB430B56A
:104EA0000400200005F0CCFA002801D0EBF770FCDC
:104EB0002000406AC046050003A8C046C046010065
:104EC00028002A689268904730BC5DF810FB704754
:104ED0001EB587B0040002A81421E6F7C1FC0798AC
:104EE00003900898069002A983B068461422E6F75A
:104EF000D7FC0EBC2000F7F7A3FD394820600998C5
:104F0000E06020000AB010BD38B586B004000D0086
:104F10006868002805D06A683D216846F1F7CFFB34
:104F200003E02DA16846EBF72BF969462000EEF768
:104F3000E4FC6846EAF7C8FE07B030BDF8B586B0B5
:104F400007000E00F368B2682F216846F1F764FC91
:104F50006846F7F7EAFA012801D1012400E00024AD
:104F60002000C0B2002808D000216846F1F78CFC70
:104F700001003800EAF7C4FD19E06846F7F7D5FAF2
:104F8000002801D1012500E000252800C0B200283A
:104F900004D012A13800EBF7F3F808E0694603A843
:104FA00005F05AFA02003100380000F00EF8E4B2C1
:104FB000002C05D1EDB2002D02D103A8F1F718FDA8
:104FC0006846F1F715FD07B0F0BD38B50C001500C7
:104FD00002A1EBF7D5F831BD00000000312E300002
:104FE000F0C904082DE9F34F81B0040015001E003C
:104FF000200005F068FA0700380005F0A8FA002143
:105000000170380004F0E6FC002101703800FEF762
:105010001CFF83463000C046C04680462800C0467C
:10502000C04681460298C046C0468246584604F0B3
:1050300039FD8346200005F090FACDF800804B46FC
:105040005246594605F091FA3800BDE8FE8F2DE929
:10505000F34387B0040015001E0001A805F0A2FA72
:105060000027200005F0A5FA00280ED12800C04630
:10507000C04680462000FEF7E2FE009643460268E6
:105080000121200005F09CFA66E1200005F022FCD9
:10509000049004A908A8FBF7EEF9002801D001202C
:1050A00000E00020C0B200282BD029002000FEF72D
:1050B000D2FE804608A80068C04601002000FBF729
:1050C000E3F981462000FBF7EAF94A464146EBF74F
:1050D000AAFD002801D0012000E00020C0B2002875
:1050E00000F02E8108A80068C04680462800C0460F
:1050F000C0460096030042460121200005F060FAF8
:105100002AE12000FBF7A7F9039003A908A8FBF701
:10511000B2F9002801D0012000E00020C0B2002830
:105120002CD0200005F0E6FB01682000FBF7ACF96D
:10513000804629002000FEF78EFE81462000FBF706
:10514000AEF94A464146EBF76EFD002801D001203A
:1051500000E00020C0B2002800F0F280200005F03E
:10516000C9FB80462800C046C04600960300D8F818
:1051700000200021200005F023FAEDE029002000A6
:10518000FEF769FE804608A80068C04601002000BE
:10519000FBF77AF981462000FBF781F94A46414640
:1051A000EBF741FD00281FD00898019001A805F0F9
:1051B000AAFB0068C04601002000FBF765F98046A5
:1051C00029002000FEF747FE81462000FBF767F923
:1051D0004A464146EBF727FD002801D1012000E0B7
:1051E000002090F0010000E00020C0B200282ED086
:1051F00001A80068C04604F0F9FB006804F0EAFB6F
:105200000078002801D0012000E00020C0B2002872
:105210000ED001A80068C04680462800C046C0469F
:105220000096030042460021200005F0C9F993E0F2
:1052300008A80068C04680462800C046C0460096C0
:10524000030042460121200005F0BAF984E008A8D5
:105250000068C04601002000FBF716F980462900CF
:105260002000FEF7F8FD81462000FBF718F94A46BA
:105270004146EBF7D8FC00282FD00898019001A8F0
:1052800004F0F1FB80462000FBF7E5F8029002A94C
:105290004046FBF7F0F800281BD129002000FEF75C
:1052A000DAFD804601A80068C04601002000FBF737
:1052B000EBF881462000FBF7F2F84A464146EBF74F
:1052C000B2FC002801D0012000E0002090F0010095
:1052D00000E0002090F0010000E00020C0B20028B3
:1052E0002ED008A80068C04604F080FB006804F0D7
:1052F00071FB0078002801D0012000E00020C0B23E
:1053000000280ED008A80068C04680462800C04685
:10531000C0460096030042460021200005F050F9E7
:105320001AE001A80068C04680462800C046C04672
:105330000096030042460121200005F041F90BE0F0
:105340002800C046C046009603003A00D2B22100B1
:1053500005A805F0DFFA059809B0BDE8F0832DE94E
:10536000F34F81B0040015001E00200005F0B1FBD2
:105370000700380005F0F1FB00210170380004F04F
:105380000FFC002101703800FEF7A9FE83463000B3
:10539000C046C04680462800C046C04681460298A6
:1053A000C046C0468246584604F062FC8346200050
:1053B00005F0D9FBCDF800804B465246594605F022
:1053C000DAFB3800BDE8FE8F2DE9F34387B0040017
:1053D00015001E0001A805F0EBFB0027200005F0DA
:1053E000EEFB00280ED12800C046C04680462000B3
:1053F000FEF76FFE0096434602680121200005F08B
:10540000E5FB66E1200005F06BFD049004A908A807
:10541000FBF7A4F8002801D0012000E00020C0B272
:1054200000282BD029002000FEF75FFE804608A848
:105430000068C04601002000FBF799F88146200073
:10544000FBF7A0F84A464146EBF7EDFB002801D0F8
:10545000012000E00020C0B2002800F02E8108A842
:105460000068C04680462800C046C046009603003B
:1054700042460121200005F0A9FB2AE12000FBF7AC
:105480005DF8039003A908A8FBF768F8002801D08D
:10549000012000E00020C0B200282CD0200005F040
:1054A0002FFD01682000FBF762F8804629002000EC
:1054B000FEF71BFE81462000FBF764F84A46414692
:1054C000EBF7B1FB002801D0012000E00020C0B2C2
:1054D000002800F0F280200005F012FD8046280030
:1054E000C046C04600960300D8F8002000212000E6
:1054F00005F06CFBEDE029002000FEF7F6FD80468C
:1055000008A80068C04601002000FBF730F881467B
:105510002000FBF737F84A464146EBF784FB0028AA
:105520001FD00898019001A8E2F74EFE0068C0461F
:1055300001002000FBF71BF8804629002000FEF741
:10554000D4FD81462000FBF71DF84A464146EBF7A3
:105550006AFB002801D1012000E0002090F001004A
:1055600000E00020C0B200282ED001A80068C0468C
:1055700004F022FB006804F013FB0078002801D03F
:10558000012000E00020C0B200280ED001A8006871
:10559000C04680462800C046C046009603004246EA
:1055A0000021200005F012FB93E008A80068C04627
:1055B00080462800C046C0460096030042460121AE
:1055C000200005F003FB84E008A80068C046010045
:1055D0002000FAF7CCFF804629002000FEF785FD69
:1055E00081462000FAF7CEFF4A464146EBF71BFB07
:1055F00000282FD00898019001A804F01AFB8046DB
:105600002000FAF79BFF029002A94046FAF7A6FF96
:1056100000281BD129002000FEF767FD804601A865
:105620000068C04601002000FAF7A1FF8146200073
:10563000FAF7A8FF4A464146EBF7F5FA002801D0F1
:10564000012000E0002090F0010000E0002090F038
:10565000010000E00020C0B200282ED008A8006899
:10566000C04604F0A9FA006804F09AFA007800280D
:1056700001D0012000E00020C0B200280ED008A810
:105680000068C04680462800C046C0460096030019
:1056900042460021200005F099FA1AE001A80068AE
:1056A000C04680462800C046C046009603004246D9
:1056B0000121200005F08AFA0BE02800C046C04610
:1056C000009603003A00D2B2210005A805F021FCA3
:1056D000059809B0BDE8F0832DE9F34F81B00400CF
:1056E00015001E00200005F0F3FC07003800E2F76B
:1056F00072FD00210170380004F038FB00210170B8
:105700003800FEF736FE83463000C046C04680466D
:105710002800C046C04681460298C046C046824620
:10572000584604F08BFB8346200005F015FDCDF8AC
:1057300000804B465246594605F016FD3800BDE83C
:10574000FE8F2DE9F34387B0040015001E0001A869
:1057500005F027FD0027200005F02AFD00280ED1C6
:105760002800C046C04680462000FEF7FCFD00969B
:10577000434602680121200005F021FD66E120007A
:1057800005F0A7FE049004A908A8FAF75AFF00281C
:1057900001D0012000E00020C0B200282BD0290059
:1057A0002000FEF7ECFD804608A80068C046010016
:1057B0002000FAF74FFF81462000FAF756FF4A46CD
:1057C0004146EBF730FA002801D0012000E000202C
:1057D000C0B2002800F02E8108A80068C0468046AC
:1057E0002800C046C0460096030042460121200022
:1057F00005F0E5FC2AE12000FAF713FF039003A966
:1058000008A8FAF71EFF002801D0012000E00020C0
:10581000C0B200282CD0200005F06BFE01682000EB
:10582000FAF718FF804629002000FEF7A8FD814600
:105830002000FAF71AFF4A464146EBF7F4F9002830
:1058400001D0012000E00020C0B2002800F0F2806A
:10585000200005F04EFE80462800C046C046009657
:105860000300D8F800200021200005F0A8FCEDE09E
:1058700029002000FEF783FD804608A80068C04686
:1058800001002000FAF7E6FE81462000FAF7EDFE5F
:105890004A464146EBF7C7F900281FD00898019007
:1058A00001A805F02FFE0068C04601002000FAF7AD
:1058B000D1FE804629002000FEF761FD81462000D0
:1058C000FAF7D3FE4A464146EBF7ADF9002801D17D
:1058D000012000E0002090F0010000E00020C0B2B4
:1058E00000282ED001A80068C04604F04BFA0068DA
:1058F00004F03CFA0078002801D0012000E00020EC
:10590000C0B200280ED001A80068C046804628001A
:10591000C046C0460096030042460021200005F024
:105920004EFC93E008A80068C04680462800C046A8
:10593000C0460096030042460121200005F03FFCCE
:1059400084E008A80068C04601002000FAF782FE43
:10595000804629002000FEF712FD81462000FAF75C
:1059600084FE4A464146EBF75EF900282FD008989E
:10597000019001A804F043FA80462000FAF751FE96
:10598000029002A94046FAF75CFE00281BD12900CC
:105990002000FEF7F4FC804601A80068C046010024
:1059A0002000FAF757FE81462000FAF75EFE4A46CD
:1059B0004146EBF738F9002801D0012000E0002033
:1059C00090F0010000E0002090F0010000E00020D5
:1059D000C0B200282ED008A80068C04604F0D2F952
:1059E000006804F0C3F90078002801D0012000E02D
:1059F0000020C0B200280ED008A80068C04680462B
:105A00002800C046C0460096030042460021200000
:105A100005F0D5FB1AE001A80068C04680462800C2
:105A2000C046C0460096030042460121200005F012
:105A3000C6FB0BE02800C046C046009603003A00B3
:105A4000D2B2210005A805F064FD059809B0BDE8B3
:105A5000F08338B504000D002800C046C0460100A0
:105A6000200005F035FE31BD38B504000D002900D9
:105A70002000C046C04620682968401A32BD38B5AB
:105A800004000D0029002000FFF7EEFF32BD2DE9D4
:105A9000FE4F04000D0016001F00DDF830803900B5
:105AA0002000EBF796FB002801D0012000E0002049
:105AB000C0B200280DD02000EAF7CEFECDF8048059
:105AC000381A0090230032002900200005F009FE5A
:105AD00075E02000EAF7CFFD0068A84201D2EAF79E
:105AE000E5FD2000EAF7C7FD0068401BB04205D283
:105AF0002000EAF7C0FD0068401B06002000EAF71E
:105B0000BAFD0068801B5FF0FF31B1EB08018842ED
:105B100001D3EAF7B7FD2000EAF7ADFDD0F8009019
:105B2000B9EB0609B9EB0509B0450FD22000EAF739
:105B300093FE82462000EAF78FFE4A46284400EB97
:105B400006010AEB05004044EBF7E0FB56EA0800CB
:105B5000002833D02000EAF78EFD006818EB000023
:105B6000801B8246002251462000EAF7D4FFC0B2D3
:105B7000002801D1012000E00020C0B200281DD182
:105B800046450FD22000EAF767FE83462000EAF779
:105B900063FE4A46284400EB06010BEB0500404437
:105BA000EBF7B4FB2000EAF757FE424639002844E1
:105BB000EAF739FF51462000EAF753FF2000BDE81D
:105BC000FE8F70B504000D00160025603100200026
:105BD000C046C046200070BD38B50400150028003E
:105BE000C046C0460100200005F08FFE200005F0F1
:105BF00092FE200032BD11B581B00C000020009053
:105C000001A8C046C04603006A462100019805F07D
:105C100089FE009816BDF8B504000D0016001F009F
:105C20002000FBF76FF903003A003100280005F06F
:105C300081FEF2BD38B50400200005F098FE050095
:105C40002000FBF740FA010028680968401A80101C
:105C500032BD38B504002000FBF7B5F9290005F086
:105C60008DFE32BD70B504000D00200000F098F8E4
:105C700006002000FFF7EDFFB0EB5600B04201D266
:105C8000002601E016EB5606AE4200D22E00300090
:105C900070BD2DE9F04704000D002000FBF732F93C
:105CA000290000F0AAF806002000F7F766F90700BF
:105CB0002000F7F751F933003A680168200005F039
:105CC00063FE2000F7F77FFA07002000F7F744F99A
:105CD0000068002825D02000F7F74FF98046200003
:105CE000F7F73AF9D8F8002001682000FBF75EF9D1
:105CF0002000FBF7DFF881462000F7F72DF98246F8
:105D00002000F7F729F980462000FBF7FBF8D9F8C7
:105D10000020DAF80010521A9210D8F80010FBF7A1
:105D2000DFF92000FBF73AF92000FBF7C3F806EB98
:105D3000850101602000F7F720F906EB870101607B
:105D40002000F7F709F90660BDE8F08770B5040098
:105D50000D0016003000C046C04602002900200099
:105D600005F021FE70BD70B504000D001600300076
:105D7000C046C04602002900200005F027FE70BD85
:105D800011B581B00C000020009001A8C046C046AB
:105D900003006A462100019805F02BFE009816BD0D
:105DA00038B50400200005F0E2FD05002000FBF7F7
:105DB00091F9010028680968401A801032BDF8B5D1
:105DC00004000D0016001F002000FBF79BF80300E5
:105DD0003A003100280005F016FEF2BD70B504004F
:105DE0000D00160029002000C046C0460300320006
:105DF00029002000C046C04670BD38B504000D0023
:105E00002900200005F01CFE32BD10B50400200062
:105E1000C046C04610BD2DE9F64104000D001E002D
:105E2000200005F016FE0700280005F012FE80464F
:105E30000198C046C046330002004146380005F0D4
:105E40000DFE010001A80160C0460068BDE8F681B2
:105E500070B504000D0016003100280005F00FFE9B
:105E600070BD2DE9F04104000D0016001F00380040
:105E7000C046C04680463000C046C0464346020089
:105E80002900200005F002FEBDE8F08110B50400F5
:105E9000200005F019FE10BD38B50400200005F003
:105EA00027FE05002000FAF77FF929680068091A23
:105EB000182091FBF0F032BD38B50400200002F04C
:105EC00013FB290005F01BFE32BD70B504000D0068
:105ED000200002F03CFB06002000FFF7EDFFB0EBD6
:105EE0005600B04201D2002601E016EB5606AE4243
:105EF00000D22E00300070BD2DE9F04704000D00E7
:105F00002000FBF76DF9290005F0FFFD06002000D9
:105F1000FAF70FFD07002000F7F79BFA33003A6805
:105F20000168200005F0F9FD2000F6F7FEFA0700F1
:105F30002000F7F78EFA0068002827D02000FAF733
:105F4000F8FC80462000F7F784FAD8F800200168B2
:105F50002000FBF714FE2000FBF71AF98246200010
:105F6000F7F777FA81462000F7F773FA80462000AA
:105F7000FBF736F9DAF80020D9F80010521A182188
:105F800092FBF1F2D8F80010FBF706FE2000FBF7B9
:105F9000EEFD5FF018082000FBF7FAF808FB05F1AA
:105FA000314401602000FAF7C4FC08FB07F806EB57
:105FB000080101602000F7F74CFA0660BDE8F087A1
:105FC00070B504000D0016003000C046C046020047
:105FD0002900200005F0B0FD70BD70B504000D0073
:105FE00016003000C046C04602002900200005F01F
:105FF000BBFD70BD10B50400200000F004F800687F
:1060000005F0CAFD10BD10B50400200000F0ECFE44
:1060100010BD10B5040020000D30C04610BD70B595
:1060200004000D001600200000F0D8FE3200290008
:10603000EAF7F9FD70BD10B5040020000830C04635
:1060400010BD10B504002000C046C04610BD10B5FC
:106050000400200000F0D0FE10BDF8B504002000C0
:1060600000F04BF8012105F09DFD05002800FFF729
:10607000E8FF06002000FBF72DF90700300005F0CF
:1060800099FD0600200000F038F83A00310005F0D4
:1060900097FD280005F080FD06002000FBF71AF9A7
:1060A0000700300005F086FD0600200000F025F80E
:1060B0003A00310005F084FD2800FFF7BCFF060020
:1060C0002000FBF707F90700300005F073FD06001C
:1060D000200000F012F83A00310005F071FD2800B0
:1060E000F2BD10B5040020000C30C04610BD10B544
:1060F00004002000C046C04610BD10B504002000BA
:10610000C046C046C046C04610BD2DE9FC4704004D
:106110000D0016001F00DDF828804046C046C0462E
:1061200081463800C046C04682463000C046C04660
:10613000CDF80090534602002900200005F04DFDE7
:10614000BDE8F38710B50400200005F063FD2000D2
:1061500010BD10B50400200005F062FD006810BD00
:106160002DE9F84F04000D0016001F00DDF828800F
:10617000200005F05CFD8146200005F05FFDD9F8A8
:106180000010401E814205D34146200005F05FFD0E
:10619000EAF778FA3800C046C046020041462000BF
:1061A000030008008146200005F041FD0168491CFC
:1061B0000160C9F804602000FBF78CF80068864293
:1061C0000FD12000FFF716FFC0F80090200005F067
:1061D00055FDC0F80090200000F05CF9C0F8009078
:1061E00030E02800C0B2002816D03000FFF729FFA9
:1061F000C0F80090200005F041FD0068864201D102
:10620000012000E00020C0B200281BD0200005F0D3
:1062100035FDC0F8009015E03000FFF70CFFC0F826
:106220000090200000F036F90068864201D101207C
:1062300000E00020C0B2002804D0200000F02AF9BD
:10624000C0F80090CA46504605F0A6FC0068FFF76B
:1062500048FF0078002801D1012000E00020C0B2F2
:10626000002800F0F480504605F096FC8346504626
:1062700005F092FC006805F08FFC0068FFF7E1FE76
:10628000DBF800100068814201D1012000E000200D
:10629000C0B200286DD0504605F07EFC006805F0C5
:1062A0007BFC0068FFF7C7FE006806003000FFF7C0
:1062B00018FF0078002801D1012000E00020C0B2C2
:1062C000002820D0504605F067FC0068FFF709FF62
:1062D000012101703000FFF704FF012101705046D9
:1062E00005F05AFC006805F057FC0068FFF7F9FE5E
:1062F00000210170504605F04FFC006805F04CFC91
:10630000006882469FE7504605F046FC0068FFF7AC
:1063100092FE0068824501D1012000E00020C0B259
:10632000002808D0504605F037FC006882465146E8
:10633000200005F0ACFC504605F02EFC0068FFF78D
:10634000D0FE01210170504605F026FC006805F0E2
:1063500023FC0068FFF7C5FE00210170504605F0E0
:106360001BFC006805F018FC0168200005F0F6FC35
:1063700069E7504605F010FC006805F00DFC006868
:10638000FFF75FFE006806003000FFF7AAFE007806
:10639000002801D1012000E00020C0B2002820D058
:1063A000504605F0F9FB0068FFF79BFE01210170E4
:1063B0003000FFF796FE01210170504605F0ECFB1E
:1063C000006805F0E9FB0068FFF78BFE0021017013
:1063D000504605F0E1FB006805F0DEFB00688246F0
:1063E00031E7504605F0D8FB0068FFF72AFE006849
:1063F000824501D1012000E00020C0B2002808D071
:10640000504605F0C9FB006882465146200005F061
:10641000A5FC504605F0C0FB0068FFF762FE0121B5
:106420000170504605F0B8FB006805F0B5FB006848
:10643000FFF757FE00210170504605F0ADFB0068E4
:1064400005F0AAFB0168200005F021FCFBE6200016
:10645000FFF7D0FD0068FFF744FE01210170200026
:10646000FAF725FF020049466846FAF728FF006858
:10647000BDE8F28F38B50400200005F0FFFB0500F1
:106480002000FAF714FF020029686846FAF717FFA0
:10649000006832BD10B504002000FFF7B4FD0068AD
:1064A000FFF7C9FD10BD10B50400200005F0BDFCCC
:1064B000200010BD10B50400200005F00EFD2000E6
:1064C00010BD2DE9F44F8CB080460C001D0020005B
:1064D000FFF790FD06682000FAF7FCFED0F8009068
:1064E00001273000FFF795FD0078002801D1012039
:1064F00000E00020C0B200283DD0B1469DF8300039
:10650000002816D031002000F6F7FEFF8246290051
:106510002000FAF7EBFE83462000F7F700F85A4612
:106520005146EAF780FB002801D1012713E000273C
:1065300011E029002000FAF7D9FE82463100200040
:10654000F6F7E2FF83462000F6F7E9FF5A46514688
:10655000EAF769FB07003800C0B2002805D0300018
:10656000FFF76FFD00680600BBE73000FFF763FD33
:1065700000680600B5E72000FAF799FE02004946D8
:1065800002A8FAF79CFE3800C0B200282DD02000E7
:10659000FFF770FF059005A902A8F6F7ACFF0028E9
:1065A00001D0012000E00020C0B200281AD028004D
:1065B000C046C0461699009103004A4601212000BA
:1065C000FFF7CEFD049001208DF805000DF10502C6
:1065D00004A90AA805F0C7FC0200D2E90001C8E935
:1065E00000014AE002A805F0CEFC02A80068C046FF
:1065F00001002000F6F788FF824629002000FAF704
:1066000075FE83462000F6F78AFF5A465146EAF7A0
:106610000AFB002801D0012000E00020C0B20028C1
:106620001AD02800C046C0461699009103004A4679
:106630003900C9B22000FFF793FD039001208DF8C7
:10664000040001AA03A908A805F08DFC0200D2E904
:106650000001C8E9000110E01699200005F0F7FAE2
:1066600000208DF800006A4602A906A805F092FCF9
:106670000200D2E90001C8E900010DB0BDE8F08FC9
:1066800010B5040020681030C04610BD10B50400DD
:10669000200000F004F8006805F08CFC10BD10B577
:1066A0000400200000F0D7FB10BD10B5040020004E
:1066B0000D30C04610BD70B504000D00160020005E
:1066C00000F0C3FB32002900EAF7ADFA70BD10B547
:1066D000040020000830C04610BD10B504002000A2
:1066E000C046C04610BD10B50400200000F0BBFB42
:1066F00010BDF8B50400200000F04BF8012105F0B2
:106700005FFC05002800FFF7E8FF06002000FBF70C
:1067100007F80700300005F05BFC0600200000F0E1
:1067200038F83A00310005F059FC280005F042FC29
:1067300006002000FAF7F4FF0700300005F048FCDF
:106740000600200000F025F83A00310005F046FC74
:106750002800FFF7BCFF06002000FAF7E1FF070062
:10676000300005F035FC0600200000F012F83A0079
:10677000310005F033FC2800F2BD10B50400200004
:106780000C30C04610BD10B504002000C046C04605
:1067900010BD10B504002000C046C046C046C0462B
:1067A00010BD2DE9FC4704000D0016001F00DDF8A8
:1067B00028804046C046C04681463800C046C04694
:1067C00082463000C046C046CDF8009053460200D5
:1067D0002900200005F00FFCBDE8F38710B5040088
:1067E000200005F025FC200010BD10B5040020009D
:1067F00005F024FC006810BD2DE9F84F04000D00E1
:1068000016001F00DDF82880200005F01EFC8146E0
:10681000200005F021FCD9F80010401E814205D36C
:106820004146200005F021FCE9F72CFF3800C04666
:10683000C0460200414620000300080081462000B7
:1068400005F003FC0168491C0160C9F804602000E0
:10685000FAF766FF006886420FD12000FFF716FFA7
:10686000C0F80090200005F017FCC0F80090200050
:1068700000F05CF9C0F8009030E02800C0B20028B9
:1068800016D03000FFF729FFC0F80090200005F077
:1068900003FC0068864201D1012000E00020C0B264
:1068A00000281BD0200005F0F7FBC0F8009015E091
:1068B0003000FFF70CFFC0F80090200000F036F920
:1068C0000068864201D1012000E00020C0B200280B
:1068D00004D0200000F02AF9C0F80090CA465046C3
:1068E00005F068FB0068FFF748FF0078002801D139
:1068F000012000E00020C0B2002800F0F4805046E3
:1069000005F058FB8346504605F054FB006805F03F
:1069100051FB0068FFF7E1FEDBF8001000688142E0
:1069200001D1012000E00020C0B200286DD0504607
:1069300005F040FB006805F03DFB0068FFF7C7FE6F
:10694000006806003000FFF718FF0078002801D12A
:10695000012000E00020C0B2002820D0504605F001
:1069600029FB0068FFF709FF012101703000FFF7E4
:1069700004FF01210170504605F01CFB006805F082
:1069800019FB0068FFF7F9FE00210170504605F081
:1069900011FB006805F00EFB006882469FE7504639
:1069A00005F008FB0068FFF792FE0068824501D100
:1069B000012000E00020C0B2002808D0504605F0B9
:1069C000F9FA006882465146200005F06EFB5046F9
:1069D00005F0F0FA0068FFF7D0FE01210170504683
:1069E00005F0E8FA006805F0E5FA0068FFF7C5FE73
:1069F00000210170504605F0DDFA006805F0DAFA72
:106A00000168200005F0B8FB69E7504605F0D2FAAE
:106A1000006805F0CFFA0068FFF75FFE0068060027
:106A20003000FFF7AAFE0078002801D1012000E025
:106A30000020C0B2002820D0504605F0BBFA006804
:106A4000FFF79BFE012101703000FFF796FE012148
:106A50000170504605F0AEFA006805F0ABFA006828
:106A6000FFF78BFE00210170504605F0A3FA006885
:106A700005F0A0FA0068824631E7504605F09AFA20
:106A80000068FFF72AFE0068824501D1012000E07E
:106A90000020C0B2002808D0504605F08BFA0068EC
:106AA00082465146200005F067FB504605F082FA09
:106AB0000068FFF762FE01210170504605F07AFA86
:106AC000006805F077FA0068FFF757FE00210170B3
:106AD000504605F06FFA006805F06CFA0168200076
:106AE00005F0E3FAFBE62000FFF7D0FD0068FFF7B2
:106AF00044FE012101702000FAF7FFFD0200494623
:106B00006846FAF702FE0068BDE8F28F38B5040067
:106B1000200005F0C1FA05002000FAF7EEFD0200A2
:106B200029686846FAF7F1FD006832BD10B5040027
:106B30002000FFF7B4FD0068FFF7C9FD10BD10B5D8
:106B40000400200005F07FFB200010BD10B50400FC
:106B5000200005F0D0FB200010BD2DE9F44F8CB0D3
:106B600080460C001D002000FFF790FD0668200005
:106B7000FAF7D6FDD0F8009001273000FFF795FD19
:106B80000078002801D1012000E00020C0B20028D8
:106B90003DD0B1469DF83000002816D031002000CD
:106BA000F6F71BFD824629002000FAF7C5FD834653
:106BB0002000F6F71DFD5A465146EAF734F8002842
:106BC00001D1012713E0002711E029002000FAF786
:106BD000B3FD824631002000F6F7FFFC834620001B
:106BE000F6F706FD5A465146EAF71DF80700380049
:106BF000C0B2002805D03000FFF76FFD0068060026
:106C0000BBE73000FFF763FD00680600B5E7200032
:106C1000FAF773FD0200494602A8FAF776FD38003C
:106C2000C0B200282DD02000FFF770FF059005A905
:106C300002A8F6F7C9FC002801D0012000E00020DE
:106C4000C0B200281AD02800C046C046169900914C
:106C500003004A4601212000FFF7CEFD04900120E9
:106C60008DF805000DF1050204A90AA805F089FBBD
:106C70000200D2E90001C8E900014AE002A805F0DB
:106C800090FB02A80068C04601002000F6F7A5FCB2
:106C9000824629002000FAF74FFD83462000F6F7D0
:106CA000A7FC5A465146E9F7BEFF002801D0012053
:106CB00000E00020C0B200281AD02800C046C0461C
:106CC0001699009103004A463900C9B22000FFF727
:106CD00093FD039001208DF8040001AA03A908A8E0
:106CE00005F04FFB0200D2E90001C8E9000110E005
:106CF0001699200005F0B9F900208DF800006A46C9
:106D000002A906A805F054FB0200D2E90001C8E977
:106D100000010DB0BDE8F08F10B504002068103000
:106D2000C04610BD10B50400200005F051FB10BD99
:106D300076B504002000FBF7F0F8012105F053FBC5
:106D400005000098002801D1009501952800F6F76C
:106D50002DFDFBF7DCF806002000FBF7DEF86A46A5
:106D6000310005F048FB2800FAF7C1FEFBF7CFF829
:106D700006002000FBF7D1F801AA310005F03BFB2B
:106D8000280076BD70B504000D0016003000C04626
:106D9000C04602002900200005F03AFB70BD38B55E
:106DA0000400200005F041FB290005F044FB32BD42
:106DB00013B5140001A96846C046C046030022006E
:106DC0000199009805F03DFB13BD70B504000D005E
:106DD00016003100280005F044FB70BD10B504001A
:106DE0002000C046C04610BD10B504002000C046BB
:106DF000C046C046C04610BD70B504000D00160068
:106E000032002900200005F033FB200070BD70B572
:106E100004000D0016002800C046C046006820602F
:106E20003000C046C04600686060200070BD38B5C4
:106E300004000D0029002000F6F75DFB002801D1B9
:106E4000012000E00020C0B232BD10B504002000D7
:106E5000C046C04610BD10B504002000C046C04664
:106E6000C046C04610BD70B504000D0016003200CB
:106E70002900200005F002FB200070BD70B5040061
:106E80000D0016002800C046C04600682060300093
:106E9000C046C04600686060200070BD38B5040080
:106EA0000D0029002000F6F78FFB002801D10120FA
:106EB00000E00020C0B232BD70B504000D00160025
:106EC000320029002000FFF72DFF200070BD38B5EB
:106ED00004000D0029002000C046C04631BD38B571
:106EE00004000D002900200005F0CEFA31BD70B578
:106EF00004000D0016003100280005F0CCFA70BD2A
:106F000010B50400200005F0CDFA10BD10B5040046
:106F1000200005F0DBFA10BD10B504002000C046CB
:106F2000C046C046C04610BD10B504002000FFF7A3
:106F3000F3FF10BD70B504000D00160032002900EB
:106F4000200005F0D7FA200070BD2DE9F0410400C3
:106F50000D00200005F0D4FA0600300005F014FB07
:106F600000210170300001F022FF0021017030008B
:106F7000FCF7DDFC07002800C046C046804638000C
:106F800005F008FB0700200005F00AFB4246390027
:106F900005F00EFB3000BDE8F0812DE9F34387B02A
:106FA000040015001E0001A805F00FFB00272000BB
:106FB00005F012FB00280ED12800C046C0468046CE
:106FC0002000FFF7B1FF0096434602680121200030
:106FD00005F009FB66E1200005F08FFC049004A990
:106FE00008A8F9F7A6F8002801D0012000E0002049
:106FF000C0B200282BD029002000FCF79EFC804660
:1070000008A80068C04601002000F9F79BF88146F7
:10701000200005F082FC4A464146E9F704FE0028BC
:1070200001D0012000E00020C0B2002800F02E8135
:1070300008A80068C04680462800C046C0460096A2
:10704000030042460121200005F0CDFA2AE120008C
:10705000FAF7C2FF039003A908A8F9F76AF8002815
:1070600001D0012000E00020C0B200282CD0200078
:1070700005F059FC01682000F9F764F88046290002
:107080002000FCF75AFC8146200005F046FC4A46E9
:107090004146E9F7C8FD002801D0012000E00020AA
:1070A000C0B2002800F0F280200005F03CFC8046D1
:1070B0002800C046C04600960300D8F800200021F2
:1070C000200005F090FAEDE029002000FCF735FCE7
:1070D000804608A80068C04601002000F9F732F891
:1070E0008146200005F019FC4A464146E9F79BFD20
:1070F00000281FD00898019001A805F01DFC006829
:10710000C04601002000F9F71DF880462900200044
:10711000FCF713FC8146200005F0FFFB4A46414680
:10712000E9F781FD002801D1012000E0002090F066
:10713000010000E00020C0B200282ED001A80068A5
:10714000C04601F03AFE006801F031FE00780028E8
:1071500001D0012000E00020C0B200280ED001A81C
:107160000068C04680462800C046C046009603001E
:1071700042460021200005F036FA93E008A8006896
:10718000C04680462800C046C046009603004246DE
:107190000121200005F027FA84E008A80068C04615
:1071A00001002000F8F7CEFF804629002000FCF700
:1071B000C4FB8146200005F0B0FB4A464146E9F792
:1071C00032FD00282FD00898019001A801F01FFE81
:1071D00080462000FAF700FF029002A94046F8F727
:1071E000A8FF00281BD129002000FCF7A6FB804641
:1071F00001A80068C04601002000F8F7A3FF8146FF
:10720000200005F08AFB4A464146E9F70CFD0028BC
:1072100001D0012000E0002090F0010000E00020FB
:1072200090F0010000E00020C0B200282ED008A895
:107230000068C04601F0C1FD006801F0B8FD0078AB
:10724000002801D0012000E00020C0B200280ED0AC
:1072500008A80068C04680462800C046C046009680
:10726000030042460021200005F0BDF91AE001A804
:107270000068C04680462800C046C046009603000D
:1072800042460121200005F0AEF90BE02800C0467F
:10729000C046009603003A00D2B2210005A805F0CE
:1072A00052FB059809B0BDE8F08310B5040020003A
:1072B00000F004F8006805F025FC10BD10B50400CE
:1072C000200001F01DFD10BD10B5040020000D30A0
:1072D000C04610BD70B504000D001600200001F07E
:1072E00009FD32002900E9F79EFC70BD10B50400CD
:1072F00020000830C04610BD10B504002000C04674
:10730000C04610BD10B50400200001F001FD10BD05
:10731000F8B50400200000F04BF8012105F0F8FB5F
:1073200005002800FFF7E8FF06002000FAF7C4FE7A
:107330000700300005F0F4FB0600200000F038F8EC
:107340003A00310005F0F2FB280005F0DBFB0600F7
:107350002000FAF7B1FE0700300005F0E1FB06005F
:10736000200000F025F83A00310005F0DFFB28008E
:10737000FFF7BCFF06002000FAF79EFE0700300072
:1073800005F0CEFB0600200000F012F83A003100B4
:1073900005F0CCFB2800F2BD10B5040020000C3035
:1073A000C04610BD10B504002000C046C04610BD48
:1073B00010B504002000C046C046C046C04610BDFF
:1073C0002DE9FC4704000D0016001F00DDF82880A1
:1073D0004046C046C04681463800C046C046824648
:1073E0003000C046C046CDF8009053460200290048
:1073F000200005F0A8FBBDE8F38710B504002000CD
:1074000005F0BEFB200010BD10B50400200005F003
:10741000BDFB006810BD2DE9F84F04000D001600FB
:107420001F00DDF82880200005F0B7FB8146200012
:1074300005F0BAFBD9F80010401E814205D3414641
:10744000200005F0BAFBE9F71DF93800C046C04638
:10745000020041462000030008008146200005F09C
:107460009CFB0168491C0160C9F804602000FAF720
:1074700023FE006886420FD12000FFF716FFC0F8F8
:107480000090200005F0B0FBC0F80090200000F054
:107490005CF9C0F8009030E02800C0B2002816D097
:1074A0003000FFF729FFC0F80090200005F09CFB9A
:1074B0000068864201D1012000E00020C0B200280F
:1074C0001BD0200005F090FBC0F8009015E03000C4
:1074D000FFF70CFFC0F80090200000F036F90068BC
:1074E000864201D1012000E00020C0B2002804D073
:1074F000200000F02AF9C0F80090CA46504605F076
:1075000001FB0068FFF748FF0078002801D1012047
:1075100000E00020C0B2002800F0F480504605F0E2
:10752000F1FA8346504605F0EDFA006805F0EAFAF4
:107530000068FFF7E1FEDBF800100068814201D12E
:10754000012000E00020C0B200286DD0504605F0B8
:10755000D9FA006805F0D6FA0068FFF7C7FE0068A0
:1075600006003000FFF718FF0078002801D1012045
:1075700000E00020C0B2002820D0504605F0C2FA3A
:107580000068FFF709FF012101703000FFF704FFD9
:1075900001210170504605F0B5FA006805F0B2FA15
:1075A0000068FFF7F9FE00210170504605F0AAFAC5
:1075B000006805F0A7FA006882469FE7504605F08C
:1075C000A1FA0068FFF792FE0068824501D1012010
:1075D00000E00020C0B2002808D0504605F092FA22
:1075E000006882465146200005F007FB504605F032
:1075F00089FA0068FFF7D0FE01210170504605F0BE
:1076000081FA006805F07EFA0068FFF7C5FE0021E8
:107610000170504605F076FA006805F073FA0168CB
:10762000200005F051FB69E7504605F06BFA006851
:1076300005F068FA0068FFF75FFE0068060030009A
:10764000FFF7AAFE0078002801D1012000E0002009
:10765000C0B2002820D0504605F054FA0068FFF769
:107660009BFE012101703000FFF796FE01210170A1
:10767000504605F047FA006805F044FA0068FFF745
:107680008BFE00210170504605F03CFA006805F0C1
:1076900039FA0068824631E7504605F033FA00684F
:1076A000FFF72AFE0068824501D1012000E000209A
:1076B000C0B2002808D0504605F024FA006882467F
:1076C0005146200005F000FB504605F01BFA00680B
:1076D000FFF762FE01210170504605F013FA0068C1
:1076E00005F010FA0068FFF757FE002101705046C0
:1076F00005F008FA006805F005FA0168200005F0B9
:107700007CFAFBE62000FFF7D0FD0068FFF744FE9F
:10771000012101702000FAF7BCFC020049466846CE
:10772000FAF7BFFC0068BDE8F28F38B5040020000E
:1077300005F05AFA05002000FAF7ABFC02002968B0
:107740006846FAF7AEFC006832BD10B504002000B0
:10775000FFF7B4FD0068FFF7C9FD10BD10B50400C8
:10776000200005F018FB200010BD10B5040020001B
:1077700005F069FB200010BD2DE9F44F8CB0804668
:107780000C001D002000FFF790FD06682000FAF7AE
:1077900093FCD0F8009001273000FFF795FD0078AA
:1077A000002801D1012000E00020C0B200283DD017
:1077B000B1469DF83000002816D031002000F6F7C1
:1077C000E9F8824629002000FAF782FC834620006F
:1077D000F6F7EBF85A465146E9F725FA002801D1A9
:1077E000012713E0002711E029002000FAF770FCC0
:1077F000824631002000F6F7CDF883462000F6F7E8
:10780000D4F85A465146E9F70EFA07003800C0B2DC
:10781000002805D03000FFF76FFD00680600BBE7C9
:107820003000FFF763FD00680600B5E72000FAF7B7
:1078300030FC0200494602A8FAF733FC3800C0B217
:1078400000282DD02000FFF770FF059005A902A8A1
:10785000F6F797F8002801D0012000E00020C0B220
:1078600000281AD02800C046C0461699009103008F
:107870004A4601212000FFF7CEFD049001208DF83B
:1078800005000DF1050204A90AA805F022FB02007B
:10789000D2E90001C8E900014AE002A805F029FB8D
:1078A00002A80068C04601002000F6F773F882467F
:1078B00029002000FAF70CFC83462000F6F775F843
:1078C0005A465146E9F7AFF9002801D0012000E0FF
:1078D0000020C0B200281AD02800C046C046169921
:1078E000009103004A463900C9B22000FFF793FD1A
:1078F000039001208DF8040001AA03A908A805F04F
:10790000E8FA0200D2E90001C8E9000110E0169986
:10791000200005F052F900208DF800006A4602A907
:1079200006A805F0EDFA0200D2E90001C8E900015D
:107930000DB0BDE8F08F10B5040020681030C046CF
:1079400010BD2DE9F84304000D001600280005F0D5
:10795000E7FA002813D000275FF000082000C04697
:10796000C04681462800C046C04633000200494652
:10797000684605F0DFFA494620004162C046BDE88E
:10798000F183704710B510EE101A21F000402DED74
:10799000028BB0F5000F82B0B0EE608A06D20021F3
:1079A000009160B1684605F0DBFA08E0C00D21F0F7
:1079B000FF417E3841F07C51009000EE101A20EE1D
:1079C000080A10EE102A22F00041009CC80D24186D
:1079D000C0B1002C16DDFF2C0ADB02B04FF0FF40D7
:1079E00002F000420243BDEC028B00EE102A10BDF3
:1079F00002B022F0FF4343EAC453BDEC028B00EE19
:107A0000103A10BD11B1009805F0CEFA02B0BDECED
:107A1000028B10BD70B52DED028B040082B00D46B7
:107A200000F0B78010EE102A510000F0B280500034
:107A30000016401C02D1510200F0AB80002CB7EEC2
:107A4000008A63D5644200BFA7A1052008E0E307D0
:107A500044BFD1ED000A28EE208A6408091D401EAB
:107A6000002C18BF0028F2D122F00040B0F5000F22
:107A700005D200210091684605F072FA08E0C00DB9
:107A800022F0FF427E3842F07C52009000EE102A35
:107A900080EE080A10EE102A22F00041009EC80D68
:107AA000361890B1002E10DDFF2E07DB4FF0FF409F
:107AB00002F00042024300EE102A0AE022F0FF43E7
:107AC00043EAC65300EE103A03E011B1009805F006
:107AD0006BFA10EE101A4A004AD048000016401CFB
:107AE00001D1490244D0002C42D0DFED760AFFF7E5
:107AF00049FF10EE101A4A003AD048000016401C08
:107B000001D1490234D0641EEFD131E030DD00BF35
:107B100075A10520E20744BFD1ED000A28EE208AB6
:107B20006410091D401E002C01DD0028F2D1F0EE8A
:107B3000480AFFF727FF10EE101A4A0018D0480035
:107B40000016401C01D1490212D0002C10DDDFEDDF
:107B50005E0AFFF717FF10EE101A4A0008D048001F
:107B60000016401C01D1490202D0641E002CEEDC3C
:107B700010EE101A4A0005D048000016401C08D12B
:107B8000490206D1E5F732FC1DB1286840F001003A
:107B9000286002B0BDEC028B70BD00002DE9F14100
:107BA00083B01D001CBF00202860039F8846164636
:107BB00003A805F05BFAC41020F00800012804F0C7
:107BC000010424D1009001AB03994246384605F0E8
:107BD000DDFA10B99FED3D0A15E09DED020A01287E
:107BE000B8EEC00A0FDD03A9401EDFED390A51F8D7
:107BF000042BB0EE401A00EE102AB8EEC00A401E68
:107C000001EE200AF3D101982946801945E00228A7
:107C100046D10120009001AB03994246384605F059
:107C200089FB10B99FED290A15E09DED020A012894
:107C3000B8EEC00A0FDD03A9401EDFED260A51F899
:107C4000042BB0EE401A00EE102AB8EEC00A401E17
:107C500001EE200AF3D110EE103A019A23F0004110
:107C6000C80D02EB000712D0002F10DDFF2F07DB3D
:107C70004FF0FF4003F00043034300EE103A0AE0E8
:107C800023F0FF4040EAC75800EE108A03E011B12C
:107C9000104605F089F929463046FFF7BBFE0AE099
:107CA000032808BF9FED0C0A05D004280CBF9FEDE8
:107CB0000B0A9FED060A0CB1B1EE400A04B0BDE814
:107CC000F08100001EB14F0AAEC59D740000000097
:107CD000286B6E4E0000804D0000807FFFFFFF7F0D
:107CE000002300225AE70000000020410000C842A3
:107CF00000401C4620BCBE4CCA1B0E5AAEC59D742B
:107D000070B504000D00160015F1010F01D1E8F760
:107D1000B9FC002229002000E8F7FDFEC0B20028CF
:107D200001D0012000E00020C0B200280AD03300BA
:107D3000DBB22A000021200005F002FC290020000F
:107D4000E8F78FFE200070BD10B504000021200070
:107D50004162C046200010BD2DE9F84304000D002B
:107D60001600280005F004FC002813D000275FF05F
:107D700000082000C046C04681462800C046C046D4
:107D8000330002004946684605F0FCFB49462000E6
:107D90004162C046BDE8F18313B50400200005F040
:107DA00006FC01A8C046C0460100200005F005FC05
:107DB000200016BD13B50400200005F0F8FB01A853
:107DC000C046C0460100200005F003FC200016BD9F
:107DD00010B50400200005F008FC10BD70B50400CB
:107DE0000D001600B54209D0200005F009FC010085
:107DF0002A00200005F014FC4035F3E770BD1CB5E7
:107E000004006946200005F021FC200016BD2DE984
:107E1000F04104000D00AC4200F0D280280005F0D3
:107E20001BFC0600200005F01DFC310005F020FCC5
:107E3000200005F02BFC280005F030FC002803D0C2
:107E4000200005F03DFCBBE0200000F0EBF906004F
:107E5000280000F0E7F986422BD3200005F04BFC08
:107E60000600280005F04DFC0700280005F050FC36
:107E700032683968006805F051FC0600200005F002
:107E80005AFC02683100200005F05CFC200005F07F
:107E900052FC0700200005F02EFC8046280000F070
:107EA000C1F9D8F800204FF41E71484310443860DF
:107EB00086E0200005F053FC0600280000F0B2F92F
:107EC00086422BD3280005F023FC0600200000F09A
:107ED000A9F932684FF41E71484302EB00062000F6
:107EE00005F009FC0700280005F012FC3A68310093
:107EF000006805F013FC200005F01DFC07002800B9
:107F000005F0FFFB3B6802683100200005F038FCFB
:107F10000700200005F00FFC076051E0200005F08D
:107F2000EAFB0068002825D0200005F004FC0600CC
:107F3000200005F0E0FB32680168200005F002FC3B
:107F4000200005F02CFC0700200005F0D4FB804643
:107F5000200005F0D0FB0600200005F083FB3A6806
:107F6000D8F80010521A4FF41E7192FBF1F23168EA
:107F700005F01CFC280000F055F90100200005F078
:107F80001FFCC0B2002801D0012000E00020C0B2D8
:107F9000002815D0200005F0AEFB0600280005F0F3
:107FA000B0FB0700280005F0B3FB33683A680168AE
:107FB000200005F0E5FB0600200005F0BCFB066094
:107FC0002000BDE8F08113B50400200005F03AFC64
:107FD00001A8C046C0460100200005F039FC200081
:107FE00016BD704780B50021234805F03DFC01BD5A
:107FF00010B5002005F045FC1F4C200005F0B4FC36
:10800000002807D01D4A1E48007A010009B220004E
:1080100005F0B6FC10BD10B55FF0FF3005F031FC87
:10802000154C200005F0A0FC002805D0134A5FF095
:10803000FF31200005F0A4FC10BD70B5040014F160
:1080400008010D4805F0B7FC0E4D206828600E4E63
:10805000A08830800D48E188018009490C4A4A60B7
:108060000C4A0A600549008805F052FD3188C9B202
:10807000286805F052FD70BD082D00202C29002035
:10808000A02F0020183000208230002084300020F3
:10809000F17F02081780020810B5040014F10800EF
:1080A00005F086FD200010BD2DE9F04105000E0011
:1080B00017009846069C5A4828600020A880002097
:1080C000E88000202872002085F80902002115F5BB
:1080D000047005F074FD5FEA480010F4FF70A5F825
:1080E0003802600010F4FF70A5F83A020020A5F8ED
:1080F0003C020020A5F83E02310015F51070E7F7AC
:10810000FFFC390015F51670E7F7FAFC0020A5F81A
:1081100070022800BDE8F0812DE9F04104000D0057
:10812000280005F053FD0600280005F05DFD07005E
:1081300014F10908320039004046E3F7A1FB28009A
:1081400005F044FD801C2072217A89B214F10900E7
:10815000F8F7E2FABDE8F08170B504000D001600F2
:10816000280000B2012801DA00200AE0290009B243
:108170003000F8F7A9FA80B2002801D1012000E010
:108180000020C0B270BD70B504000D0016003200B2
:10819000290009B22000FFF7DFFFC0B2002806D097
:1081A000A1884FF6F7700140A180A08804E0A08864
:1081B00050F00800A080A088E58014F5047005F058
:1081C0001CFD002805D03200210014F5047005F0D4
:1081D00020FD70BD0100B1F87002401CA1F87002D2
:1081E000B1F83C02B1F87022904204D20020A1F80C
:1081F0007002012000E00020704710B5040008481C
:10820000206014F51670E7F75FFD14F51070E7F7BE
:108210005BFD14F50470F5F761FF200010BD000050
:10822000F002050838B50400200005F06AFA0500E0
:10823000200005F06DFA29680068091A4FF41E70D5
:1082400091FBF0F032BD38B504000D00200005F0C0
:1082500052FA01684FF41E70454301EB050032BD30
:1082600038B50400200005F0EFFC0500200005F003
:1082700042FA2A000168684605F0ECFC006832BD4D
:1082800038B50400200005F0DFFC0500200005F0F3
:1082900052FA2A000168684605F0DCFC006832BD2D
:1082A00038B504000D002900200005F0DEFC002890
:1082B00001D1012000E00020C0B232BD10B50400A1
:1082C00020000068C04610BD10B50400200005F075
:1082D000EBFC200010BD38B504000D002900200083
:1082E00005F0E7FC31BD38B50C0015002A0021006F
:1082F00005F01AFD31BD31B50C0015006846C046C9
:10830000C04603002A002100009805F0C6FD31BDDB
:108310007CB504000D002900200005F0D4FD060006
:10832000200005F007FE02003100684605F00AFE55
:10833000006876BD38B50400200005F0FBFD05009F
:10834000200005F00AFE2A000168684605F0FAFDE3
:10835000006832BD00680968884201D1012000E050
:108360000020C0B2704738B504000D00280005F0A9
:10837000FAFD0100200005F0FCFD32BD10B504003F
:108380002000C046C04610BD10B50400200005F016
:10839000F7FD05F0FBFD10BD10B504002000406A9C
:1083A000C046002801D1012000E00020C0B210BD6D
:1083B00038B504000D002800E7F72FFF010020006A
:1083C000C046C04631BD2DE9F04104000D00160045
:1083D0001F00DDF8188041462000E7F730FF00223B
:1083E00000212000E7F731FF3B0032002900200088
:1083F000E7F76DFF2000BDE8F08110B50400200014
:1084000005F0CAFD200010BD70B504000D00160077
:108410003000C046C04602002900200005F0D9FD0A
:1084200070BD70B504000D002000E8F724F9006865
:1084300085421BD32000E8F7DBFA0068A84215D07C
:108440002000E8F718F90668012229002000E8F763
:1084500062FBC0B2002801D0012000E00020C0B2C1
:10846000002803D031002000E8F7FBFA70BD38B5D2
:1084700004000D002900200005F0B8FD32BDF8B55C
:1084800005000C0016002800E8F7F5F85FF0FF3152
:108490000068091A8C4201D3E8F7F4F8002C21D0C7
:1084A0002800E8F7E8F800682018070000223900E3
:1084B0002800E8F730FBC0B2002801D1012000E01D
:1084C0000020C0B200280DD12800E8F7D4F833000E
:1084D000DBB222000168280005F032F839002800DC
:1084E000E8F7BFFA2800F2BD10B504002000C0462E
:1084F000C04610BD38B504000D002900200005F06D
:1085000080FD002801D1012000E00020C0B232BD72
:1085100038B504002000F7F74EFE05002000F7F7FD
:1085200043FE29680068814201D1012000E000205B
:10853000C0B232BD15B50C0001A96846C046C046A0
:108540000300019A2100009805F063FD16BD38B5BF
:108550000400200003F0CCFA05002000F7F72BFE02
:1085600029680068091A182091FBF0F032BDF8B5AF
:1085700004000D0016001F002000F8F731FE030074
:108580003A003100280005F053FDF2BD70B505003A
:108590000C002800F4F75DFF002101602800F8F7C7
:1085A000C8F9002101602800F8F7F2FD0021016000
:1085B000002C01D1002029E02800FDF77DFCA0421D
:1085C00002D2E8F75FF820E02800F8F709FE210062
:1085D00003F09BFA06002800F4F73BFF0660280032
:1085E000F8F7A7F906002800F4F733FF00683060B9
:1085F0002800F8F7CDFD06002800F4F72AFF0068F0
:10860000182101FB04F108443060012070BD10B551
:108610000400200005F029FD10BD10B50400200065
:10862000C046C04610BD10B50400200005F025FD71
:1086300010BD38B504000D0029002000E7F760FAEE
:10864000A869A061287F2077687F6077200032BD0D
:1086500010B50400200005F01BFD10BD70B504002E
:108660000D001600B54209D02000F6F74BFB0100C3
:108670002A00200005F017FD3835F3E770BD38B546
:1086800004000D002800C046C04601006A462000D4
:1086900005F01FFD31BD38B5040020680D30C0461F
:1086A0000078002801D0012000E00020C0B200289E
:1086B00035D120680830C04600680D30C0460078CB
:1086C000002801D1012000E00020C0B2002807D01E
:1086D00020680830C046006805F01BFD20601EE0E1
:1086E0002068001DC0460068050028000D30C04607
:1086F000007800280CD128000830C04621680068A6
:10870000814201D0012000E0002090F0010000E053
:108710000020C0B2002801D02560E1E725602000DC
:1087200032BD2DE9F84304000D001600280005F0C5
:1087300009FD002813D000275FF000082000C04684
:10874000C04681462800C046C04633000200494664
:10875000684605F001FD494620004162C046BDE87B
:10876000F1832DE9F84304000D001600280005F000
:1087700009FD002813D000275FF000082000C04644
:10878000C04681462800C046C04633000200494624
:10879000684605F001FD494620004162C046BDE83B
:1087A000F18370B504000D00280005F00AFD0028D3
:1087B00020D1280005F011FD002810D02800406AC3
:1087C000C04606002000C046C046010030003268A6
:1087D00012689047010020004162C0460AE028006C
:1087E000406AC046002102681268904701002000DC
:1087F0004162C04670BD00007CB505000E004024FB
:1088000072B605F0FBFCA64805F078FD2800B0F133
:10881000006F21D0A349884225D0A349884229D09E
:10882000A24988422DD0A249884231D0A14988422C
:1088300035D0A149884239D0A04988423DD0A049CD
:10884000884241D09F49884245D09F49884249D0BB
:108850009E4988424DD052E00221002005F0E3FC01
:108860008DF800004BE00221082005F0DCFC8DF8BB
:10887000000044E00221102005F0D5FC8DF8000036
:108880003DE00221182005F0CEFC8DF8000036E016
:108890000221202005F0C7FC8DF800002FE0022106
:1088A000282005F0C0FC8DF8000028E002213020CF
:1088B00005F0B9FC8DF8000021E00221382005F018
:1088C000B2FC8DF800001AE00221402005F0ABFC5C
:1088D0008DF8000013E00221482005F0A4FC8DF87B
:1088E00000000CE00221502005F09DFC8DF80000F6
:1088F00005E00221582005F096FC8DF80000002CC0
:1089000009D03168280005F0D6FC8DF800002D1D37
:10891000361D641EF3E705F07FFC62B66C480178F3
:1089200051F00201017073BD6A4A4021002905D04F
:1089300003681360001D121D491EF7E7704770B5EC
:1089400004000D00634E31002800FFF755FF4FF47F
:1089500080712800F7F7B8FE002819D131002000F7
:10896000FFF74AFF5A4E307810F0F70030704FF49E
:1089700080712000F7F7A8FE002804D1307810F0AD
:10898000FB00307009E0307850F00400307004E0F3
:108990004F48017851F00801017070BD2DE9F04792
:1089A00004000D00DFF828A19AF8000010F0F7008D
:1089B0008AF800009AF8000010F0FB008AF8000026
:1089C0004FF480712000F7F77FFE002825D04FF488
:1089D00080712800F7F778FE00280CD09AF8000084
:1089E00050F004008AF800009AF8000050F00800E7
:1089F0008AF8000051E029002000FFF7FDFE4FF447
:108A000080712000F7F760FE002846D09AF8000039
:108A100050F004008AF800003FE04FF48071280015
:108A2000F7F752FE002811D021002800FFF7E4FEDE
:108A30004FF480712800F7F747FE00282DD09AF8F0
:108A4000000050F008008AF8000026E014F1FE0053
:108A5000060015F1FE00070014F1FF00804615F135
:108A6000FF00814630783978884205D198F80000B7
:108A700099F80010884210D021002800FFF7BCFEB2
:108A80004FF480712800F7F71FFE002805D09AF8F0
:108A9000000050F008008AF80000BDE8F0870000F0
:108AA000F3000100004000080080000800C000083A
:108AB0000000010800000208000004080000060889
:108AC0000000080800000A0800000C0800000E085A
:108AD000A73000202C2B00202DE9F84304000D00C6
:108AE0001600280005F046FC002813D000275FF090
:108AF00000082000C046C04681462800C046C04647
:108B0000330002004946684605F03EFC4946200015
:108B10004162C046BDE8F1832DE9F84304000D0031
:108B20001600280005F046FC002813D000275FF04F
:108B300000082000C046C04681462800C046C04606
:108B4000330002004946684605F03EFC49462000D5
:108B50004162C046BDE8F1832DE9F84304000D00F1
:108B60001600280005F046FC002813D000275FF00F
:108B700000082000C046C04681462800C046C046C6
:108B8000330002004946684605F03EFC4946200095
:108B90004162C046BDE8F1832DE9F84304000D00B1
:108BA0001600280005F046FC002813D000275FF0CF
:108BB00000082000C046C04681462800C046C04686
:108BC000330002004946684605F03EFC4946200055
:108BD0004162C046BDE8F1832DE9F84304000D0071
:108BE0001600280005F046FC002813D000275FF08F
:108BF00000082000C046C04681462800C046C04646
:108C0000330002004946684605F03EFC4946200014
:108C10004162C046BDE8F1832DE9F84304000D0030
:108C20001600280005F046FC002813D000275FF04E
:108C300000082000C046C04681462800C046C04605
:108C4000330002004946684605F03EFC49462000D4
:108C50004162C046BDE8F18301B568460068C04680
:108C600002BD70B504000D0016003200290020007E
:108C700005F03FFC70BD38B504000D002900200050
:108C80000160C04632BD13B51400694601A805F065
:108C900040FC21684018206013BD70B504000D0031
:108CA00016003000C046C04602002900200005F032
:108CB00038FC70BD2DE9F84304000D0016002800B3
:108CC00005F042FC002813D000275FF000082000C8
:108CD000C046C04681462800C046C0463300020058
:108CE0004946684605F03AFC494620004162C046C4
:108CF000BDE8F18310B504002000C046C04610BD99
:108D000010B504002000C046C046C046C04610BD95
:108D100070B504000D00160032002900200005F097
:108D200032FC200070BD70B504000D001600280054
:108D3000C046C046006820603000C046C04600689B
:108D40006060200070BD38B504000D0029002000CF
:108D5000F4F717FE002801D1012000E00020C0B286
:108D600032BD2DE9FC4704000D0016001F00DDF8A0
:108D700028804046C046C04681463800C046C046AE
:108D800082463000C046C046CDF8009053460200EF
:108D90002900200005F0FDFBBDE8F38710B50400B5
:108DA0002000FAF7BEFD006805F010FC10BD10B5FC
:108DB000040020000D30C04610BD10B50400200096
:108DC0000830C04610BD10B504002000C046C046A3
:108DD00010BD70B504000D0016002800C046C04646
:108DE000006820603000C046C04600686060200017
:108DF00070BD38B504000D0029002000F7F799F97F
:108E0000002801D1012000E00020C0B232BD10B521
:108E10000400200005F0E0FB200010BD70B5040048
:108E20000D0016002000F7F798F932002900E7F747
:108E3000FAFE70BD10B50400200005F013FC10BD53
:108E400010B504002000C046C04610BD38B504006F
:108E500015002800C046C0460100200005F00DFCAA
:108E6000200005F010FC200032BD11B581B00C00CF
:108E70000020009001A8C046C04603006A462100B9
:108E8000019805F007FC009816BDF8B504000D0028
:108E900016001F002000F8F7A3F903003A00310084
:108EA000280005F001FCF2BD10B50400200005F01B
:108EB00019FC10BD70B504000D0016003200290029
:108EC000200005F023FC200070BD2DE9FF470400C1
:108ED0000D001600280005F01FFCD0F800A02800A7
:108EE00005F023FC0768280005F01FFCD0F800807F
:108EF000504605F020FC0078002801D1012000E058
:108F00000020C0B200283FD051462800FAF7ABFD40
:108F10008146280005F015FC32004946E7F783FE3C
:108F2000002801D0012000E00020C0B2002805D0B8
:108F3000504605F00CFC00688246D9E7404605F033
:108F4000FAFB0078002813D051462800FAF78BFD71
:108F50008146280005F0F5FB4A463100E7F763FE3D
:108F6000002801D1012000E0002090F0010000E085
:108F70000020C0B2002800D0D0465746504605F029
:108F8000ECFB00688246B3E7404605F0D4FB00786E
:108F9000002805D0280005F0BFFBD0F8009004E0C1
:108FA000404605F0DAFBD0F80090484605F0C3FBD8
:108FB0000078002801D1012000E00020C0B2002884
:108FC00020D049462800FAF74EFD8246280005F0D9
:108FD000B8FB52463100E7F726FE002801D00120F9
:108FE00000E00020C0B2002806D0C846484605F080
:108FF000B4FB00688146D8E7484605F0A8FB006846
:109000008146D2E7280005F0AEFB02003900684631
:1090100005F0B1FB280005F0A6FB0200414601A8BF
:1090200005F0A9FB0200694602A805F0AFFB0200AB
:10903000D2E90001C4E90001BDE8FF8713B51400BF
:1090400001A9684605F0B2FB002801D0012000E02C
:109050000020C0B2002806D02068401C206068466E
:1090600005F0B2FBECE713BDF8B504000D002000DD
:1090700005F052FB0668200005F057FB076830003A
:1090800005F059FB0078002801D1012000E0002004
:10909000C0B200281DD031002000FAF7E4FC2A00FD
:1090A0000100200005F097FB002801D0012000E01E
:1090B0000020C0B2002805D0300005F048FB006851
:1090C0000600DCE73700300005F047FB00680600CB
:1090D000D5E73800F2BD10B504002000C046C046F8
:1090E000C046C04610BD70B504000D001600320029
:1090F0002900200005F07BFB200070BD10B50400A6
:109100002000FFF7E8FF10BD10B50400200010306C
:10911000C04610BD38B504000D002800C046C0464A
:1091200032BD10B50400200005F067FB10BD10B57E
:109130000400200005F067FB10BD2DE9F34F81B05E
:10914000040015001E00200005F063FB0700380036
:1091500005F0A3FB00210170380005F0ECFA0021B6
:1091600001703800FFF7D0FF83463000C046C0468C
:1091700080462800C046C04681460298C046C04688
:109180008246584605F03FFB8346200005F08BFBE6
:10919000CDF800804B465246594605F08CFB38000E
:1091A000BDE8FE8F2DE9F34387B0040015001E00D3
:1091B00001A805F09DFB0027200005F0A0FB00287A
:1091C0000ED12800C046C04680462000FFF796FF1B
:1091D0000096434602680121200005F097FB66E1F6
:1091E000200005F01DFD049004A908A8FAF732FC40
:1091F000002801D0012000E00020C0B200282BD0C0
:1092000029002000FFF786FF804608A80068C046B6
:1092100001002000FAF727FC81462000FAF72EFC17
:109220004A464146E7F7FFFC002801D0012000E054
:109230000020C0B2002800F02E8108A80068C046B7
:1092400080462800C046C0460096030042460121E1
:10925000200005F05BFB2AE12000FAF7EBFB03900E
:1092600003A908A8FAF7F6FB002801D0012000E0C6
:109270000020C0B200282CD0200005F0E1FC0168DD
:109280002000FAF7F0FB804629002000FFF742FF9C
:1092900081462000FAF7F2FB4A464146E7F7C3FC55
:1092A000002801D0012000E00020C0B2002800F01A
:1092B000F280200005F0C4FC80462800C046C0466D
:1092C00000960300D8F800200021200005F01EFBC6
:1092D000EDE029002000FFF71DFF804608A8006888
:1092E000C04601002000FAF7BEFB81462000FAF7D5
:1092F000C5FB4A464146E7F796FC00281FD0089870
:10930000019001A805F0A5FC0068C04601002000FE
:10931000FAF7A9FB804629002000FFF7FBFE8146F3
:109320002000FAF7ABFB4A464146E7F77CFC0028F1
:1093300001D1012000E0002090F0010000E00020B9
:10934000C0B200282ED001A80068C04605F0FFF981
:10935000006805F0F0F90078002801D0012000E055
:109360000020C0B200280ED001A80068C046804688
:109370002800C046C0460096030042460021200057
:1093800005F0C4FA93E008A80068C04680462800AB
:10939000C046C0460096030042460121200005F069
:1093A000B5FA84E008A80068C04601002000FAF77A
:1093B0005AFB804629002000FFF7ACFE81462000C2
:1093C000FAF75CFB4A464146E7F72DFC00282FD010
:1093D0000898019001A805F0F7F980462000FAF7F7
:1093E00029FB029002A94046FAF734FB00281BD162
:1093F00029002000FFF78EFE804601A80068C046C5
:1094000001002000FAF72FFB81462000FAF736FB17
:109410004A464146E7F707FC002801D0012000E05A
:10942000002090F0010000E0002090F0010000E03A
:109430000020C0B200282ED008A80068C04605F061
:1094400086F9006805F077F90078002801D001203E
:1094500000E00020C0B200280ED008A80068C04676
:1094600080462800C046C0460096030042460021C0
:10947000200005F04BFA1AE001A80068C0468046BB
:109480002800C046C0460096030042460121200045
:1094900005F03CFA0BE02800C046C04600960300E9
:1094A0003A00D2B2210005A805F0DAFB059809B010
:1094B000BDE8F083F8B504000D00AC4217D02000E1
:1094C00005F0ADFC280005F0D4FC0600200005F0F6
:1094D000D8FC310005F0DDFC280005F0E8FC200098
:1094E000FAF761FB3A002900200005F0E6FC2000B5
:1094F000F2BD10B50400200005F039FD10BD70B5B7
:1095000004000D00160032002900200005F039FD8E
:10951000200070BD0268182303FB01F31A440260A7
:109520007047F8B504000D00160031002800F9F767
:1095300099FF01002000FFF729F8C0B2002801D0F0
:10954000012000E00020C0B200280DD02000F3F779
:1095500080FF036832002900200005F018FD070095
:109560002000F7F7E6F90760F1BDF8B504000D003B
:10957000200005F01BFD0668200005F020FD0768AF
:10958000300005F022FD0078002801D1012000E024
:109590000020C0B200281DD031002000FAF7F8FAF0
:1095A0002A000100200005F016FD002801D001204E
:1095B00000E00020C0B2002805D0300005F017FD03
:1095C00000680600DCE73700300005F016FD006893
:1095D0000600D5E73800F2BD10B504002000C046F3
:1095E000C046C046C04610BD70B504000D00160050
:1095F00032002900200005F006FD200070BD10B5E6
:1096000004002000FFF7E8FF10BD10B504002000A3
:109610001030C04610BD38B504000D002800C0460B
:10962000C04632BD2DE9F34F81B0040015001E0085
:10963000200005F0EEFC0700380005F02EFD0021AB
:109640000170380005F0C1FC002101703800FFF7FF
:10965000DCFF83463000C046C04680462800C04636
:10966000C04681460298C046C0468246584605F02C
:109670001AFD8346200005F004FCCDF800804B461F
:109680005246594605F015FD3800BDE8FE8F2DE91C
:10969000F34387B0040015001E0001A805F026FD65
:1096A0000027200005F029FD00280ED12800C04623
:1096B000C04680462000FFF7A2FF0096434602689E
:1096C0000121200005F020FD66E1200005F0A6FE46
:1096D000049004A908A8FAF752FA002801D0012042
:1096E00000E00020C0B200282BD029002000FFF7A6
:1096F00092FF804608A80068C04601002000FAF7E3
:1097000047FA81462000FAF74EFA4A464146E7F703
:109710008AFA002801D0012000E00020C0B2002811
:1097200000F02E8108A80068C04680462800C04688
:10973000C0460096030042460121200005F0E4FCEB
:109740002AE12000FAF70BFA039003A908A8FAF718
:1097500016FA002801D0012000E00020C0B2002845
:109760002CD0200005F06AFE01682000FAF710FAFC
:10977000804629002000FFF74EFF81462000FAF7BF
:1097800012FA4A464146E7F74EFA002801D0012076
:1097900000E00020C0B2002800F0F280200005F0B8
:1097A0004DFE80462800C046C04600960300D8F80B
:1097B00000200021200005F0A7FCEDE0290020009A
:1097C000FFF729FF804608A80068C0460100200076
:1097D000FAF7DEF981462000FAF7E5F94A464146F4
:1097E000E7F721FA00281FD00898019001A805F09A
:1097F0002EFE0068C04601002000FAF7C9F9804635
:1098000029002000FFF707FF81462000FAF7CBF977
:109810004A464146E7F707FA002801D1012000E057
:10982000002090F0010000E00020C0B200282ED0FF
:1098300001A80068C04605F0DAFB006805F0C5FB2A
:109840000078002801D0012000E00020C0B20028EC
:109850000ED001A80068C04680462800C046C04619
:109860000096030042460021200005F04DFC93E0E5
:1098700008A80068C04680462800C046C04600963A
:10988000030042460121200005F03EFC84E008A8C8
:109890000068C04601002000FAF77AF980462900E6
:1098A0002000FFF7B8FE81462000FAF77CF94A460F
:1098B0004146E7F7B8F900282FD00898019001A891
:1098C00005F0CCFD80462000FAF749F9029002A984
:1098D0004046FAF754F900281BD129002000FFF771
:1098E0009AFE804601A80068C04601002000FAF7F1
:1098F0004FF981462000FAF756F94A464146E7F704
:1099000092F9002801D0012000E0002090F0010031
:1099100000E0002090F0010000E00020C0B200282C
:109920002ED008A80068C04605F061FB006805F06D
:109930004CFB0078002801D0012000E00020C0B2DC
:1099400000280ED008A80068C04680462800C046FF
:10995000C0460096030042460021200005F0D4FBDB
:109960001AE001A80068C04680462800C046C046EC
:109970000096030042460121200005F0C5FB0BE0E4
:109980002800C046C046009603003A00D2B221002B
:1099900005A805F06AFD059809B0BDE8F08310B58B
:1099A0000400200005F040FE10BD10B504002000AA
:1099B00005F079FB10BD10B50400200000F004F89C
:1099C000006805F037FE10BD10B50400200000F05F
:1099D00019F810BD10B5040020000D30C04610BDB0
:1099E00010B504002000C046C04610BD10B50400EC
:1099F00020000830C04610BD10B504002000C0464D
:109A0000C04610BD10B504002000C046C046C04688
:109A1000C04610BD70B504000D00160032002900CC
:109A2000200005F00DFE200070BD70B504000D0093
:109A300016002800C046C046006820603000C046BE
:109A4000C04600686060200070BD38B504000D009D
:109A500029002000F6F70FFD002801D1012000E0C9
:109A60000020C0B232BD10B50400200005F0EEFDAC
:109A7000200010BD70B504000D0016002000FFF797
:109A8000AFFF32002900E7F7CEF870BD10B5040033
:109A90002000FFF7BFFF10BD10B504002068103094
:109AA000C04610BD10B504002000C046C04610BD21
:109AB0001CB50400200000F079F8007800900098B0
:109AC00016BD10B50400200005F006FE10BD2DE9FE
:109AD000F04104000D001600200000F052F80700CD
:109AE000280000F04EF880462000FAF7F2FA330022
:109AF0000268D8F80010200005F002FE386020004F
:109B000005F05CFE0700280001F059F838602000DD
:109B100000F037F8006800F043F80078002801D121
:109B2000012000E00020C0B2002816D0200005F07F
:109B30004CFE0700200000F024F8006805F04EFEFF
:109B40003860200001F0DCF90700200000F019F86F
:109B5000006805F049FE386011E0200005F035FE90
:109B600007002000FAF7B5FA00683860200001F01D
:109B7000C7F907002000FAF7ACFA00683860BDE8C2
:109B8000F08110B50400200000F004F8006805F032
:109B900031FE10BD10B50400200000F019F810BD12
:109BA00010B5040020000D30C04610BD10B50400F3
:109BB0002000C046C04610BD10B50400200008308B
:109BC000C04610BD10B504002000C046C04610BD00
:109BD00010B504002000C046C046C046C04610BDB7
:109BE00070B504000D00160032002900200005F0B9
:109BF00007FE200070BD70B504000D00160028009F
:109C0000C046C046006820603000C046C0460068BC
:109C10006060200070BD38B504000D0029002000F0
:109C2000F6F79CFC002801D1012000E00020C0B222
:109C300032BD10B50400200005F0E8FD200010BD85
:109C400070B504000D0016002000FFF7AFFF3200D2
:109C50002900E6F7E8FF70BD10B504002000FFF70B
:109C6000BFFF10BD10B5040020681030C04610BD05
:109C700010B504002000C046C04610BD1CB504004D
:109C8000200000F079F800780090009816BD10B51B
:109C90000400200005F000FE10BD2DE9F041040095
:109CA0000D001600200000F052F80700280000F018
:109CB0004EF880462000FAF756FB33000268D8F8C9
:109CC0000010200005F0FCFD3860200005F056FE75
:109CD0000700280001F06CFA3860200000F037F827
:109CE000006800F043F80078002801D1012000E06E
:109CF0000020C0B2002816D0200005F046FE070064
:109D0000200000F024F8006805F048FE38602000CC
:109D100001F0EFFB0700200000F019F8006805F0E3
:109D200043FE386011E0200005F02FFE0700200000
:109D3000FAF719FB00683860200001F0DAFB070031
:109D40002000FAF710FB00683860BDE8F08110B51C
:109D50000400200000F004F8006805F02BFE10BDA0
:109D600010B50400200000F019F810BD10B5040073
:109D700020000D30C04610BD10B504002000C046C4
:109D8000C04610BD10B5040020000830C04610BD0C
:109D900010B504002000C046C04610BD10B5040038
:109DA0002000C046C046C046C04610BD70B5040085
:109DB0000D00160032002900200005F001FE2000F1
:109DC00070BD70B504000D0016002800C046C046E6
:109DD000006820603000C046C04600686060200017
:109DE00070BD38B504000D0029002000F6F729FCED
:109DF000002801D1012000E00020C0B232BD10B522
:109E00000400200005F0E2FD200010BD70B5040044
:109E10000D0016002000FFF7AFFF32002900E6F723
:109E200002FF70BD10B504002000FFF7BFFF10BD9A
:109E300010B5040020681030C04610BD10B50400F5
:109E40002000C046C04610BD38B50400200001F017
:109E500040FB05002000F6F7E4FB0200290020008B
:109E600005F0FAFD31BD10B50400200005F03CFE00
:109E700010BD38B50400200001F032F805002000C4
:109E8000F6F75CFB02002900200005F038FE31BD2A
:109E900010B50400200005F07AFE10BD38B50400AE
:109EA0000D002A0003480178200005F07BFE200009
:109EB00032BD00BF66A8030810B50400200005F0FD
:109EC00080FE001D10BD10B50400200005F079FED5
:109ED00010BD38B50400200005F079FE0500200013
:109EE000FFF7EAFF010028680968401A801032BDB8
:109EF00038B50400200005F071FE290005F074FE5D
:109F000032BD38B504002000FFF7D6FF0500200061
:109F1000FFF7D9FF010028680968401A801032BD98
:109F200070B504000D00200005F064FE060020005E
:109F3000FFF7DEFFB0EB5600B04201D2002601E091
:109F400016EB5606AE4200D22E00300070BD2DE951
:109F5000F04704000D002000FAF797FA290005F0F9
:109F600058FE06002000FAF761FA07002000FAF711
:109F700051FA33003A680168200005F052FE2000D3
:109F8000FFF7BFFF07002000FAF744FA0068002837
:109F900025D02000FAF74AFA80462000FAF73AFA6C
:109FA000D8F8002001682000FAF797FA2000FAF7A5
:109FB00044FA81462000FAF72DFA82462000FAF78B
:109FC00029FA80462000FAF760FAD9F80020DAF87A
:109FD0000010521A9210D8F8001005F031FE20003F
:109FE000FAF773FA2000FAF728FA06EB8501016008
:109FF0002000FAF71BFA06EB870101602000FAF750
:10A0000009FA0660BDE8F08770B504000D0016007F
:10A010003000C046C04602002900200005F01AFEAC
:10A0200070BD70B504000D0016003000C046C0467B
:10A0300002002900200005F020FE70BD70B504006C
:10A040000D00160029002000C046C0460300320063
:10A0500029002000C046C04670BD10B50400200095
:10A0600005F01EFE10BD00000EB41EB5040005A9CB
:10A0700083B068461422E1F713FC0EBC200000F008
:10A0800003F81EBC5DF810FB0EB41EB5040005A954
:10A0900083B068461422E1F703FC0EBC2000F4F7FD
:10A0A00073FA65482060099A2F210220ECF72DFBF6
:10A0B0006061099A2F210120ECF727FB20612069BC
:10A0C000F9F7E4F8208309990598F9F779F984ED0F
:10A0D000070A20001EBC5DF810FB10B50C0061697A
:10A0E000002904D062692F21ECF7E9FA02E050A1BF
:10A0F000E6F746F810BDF8B586B004000D0016006E
:10A100001F0032002900684600F059F848A168464F
:10A11000E6F727F8C0B2002804D069462000E5F72A
:10A12000EFFC06E03B003200290020002C68E46AC6
:10A13000A0476846E5F7C8FD07B0F0BD90ED010AFD
:10A14000B8EE400A704790ED010AB8EEC00A7047B9
:10A1500090ED010A704710B50400200037492278BD
:10A1600051F82210884710BDF0B585B004000D00ED
:10A1700016001F003200290003A82B681B6B9847AC
:10A18000DDE90301CDE9010101A8FFF7E4FFD5ED09
:10A19000070A20EE200A8DED000A6846F3F7EEFC70
:10A1A000026869462000F3F7C2FC05B0F0BD30B488
:10A1B000234BD3E90045C0E9004530BC704770B57A
:10A1C00006000C0015002879002804D11D49300034
:10A1D000E5F7D6FF24E0B4F91800F9F7E9F8C0B2C2
:10A1E000002801D0012000E00020C0B2002804D0E7
:10A1F00015493000E5F7C4FF12E0B4F91800E9880A
:10A20000884204DB2889B4F91810884204DA0F491F
:10A210003000E5F7B5FF03E005A13000E5F7B0FF3A
:10A2200070BD10B50C0003A1E5F7AAFF10BD00003A
:10A2300000000000313000001C7E04084CFF0408C0
:10A24000101005080810050834FF040840FF040832
:10A2500038B504000D0004222869411C2000E5F7F0
:10A260002EFF31BD1CB50400200005F024FD0100C7
:10A270000022684605F025FD006816BD1CB50400E7
:10A28000200005F018FD01001022684605F019FDB8
:10A29000006816BD38B504000D002900200005F047
:10A2A00014FD002801D1012000E00020C0B232BD21
:10A2B0000168891C0160704713B50400200005F097
:10A2C0000DFD01A8C046C0460100200005F00CFDB0
:10A2D000200016BD13B50400200005F0FFFC01A806
:10A2E000C046C0460100200005F00AFD200016BD52
:10A2F00013B50400200005F0F1FC01A8C046C046DB
:10A300000100200005F008FD200016BD13B5040073
:10A31000200005F0E3FC01A8C046C0460100200073
:10A3200005F006FD200016BD13B50400200005F061
:10A33000D5FC01A8C046C0460100200005F004FD80
:10A34000200016BD13B50400200005F0C7FC01A8CD
:10A35000C046C0460100200005F002FD200016BDE9
:10A3600010B50400200005F007FD10BD70B5040015
:10A370000D001600B54209D0200005F008FD0100CF
:10A380002A00200005F013FD4035F3E770BD38B515
:10A390000C0015002A00210005F01FFD31BD31B56C
:10A3A0000C0015006846C046C04603002A00210084
:10A3B000009805F0CBFD31BD7CB504000D002900EF
:10A3C000200005F0D9FD0600200005F00CFE02007B
:10A3D0003100684605F00FFE006876BD38B5040010
:10A3E000200005F000FE0500200005F00FFE2A0009
:10A3F0000168684605F0FFFD006832BD0068096825
:10A40000884201D1012000E00020C0B2704738B579
:10A4100004000D00280005F0FFFD0100200005F0FC
:10A4200001FE32BD10B504002000C046C04610BD7C
:10A4300010B50400200005F0FCFD05F000FE10BD85
:10A4400010B504002000406AC046002801D1012058
:10A4500000E00020C0B210BDF8B504000D002800D7
:10A46000FEF742F832000100684605F0EEFD69464D
:10A470002000F5F780FE2800F2F757F801002000D1
:10A48000FEF784F8C0B2002801D0012000E00020CF
:10A49000C0B2002815D02000F2F7DBFF060028002C
:10A4A000F2F722FC07002800F2F70EFC33683A00AE
:10A4B0000100200005F0D5FD06002000F6F739FA6E
:10A4C00006602000F2BDF8B50400200000F045F859
:10A4D000012105F0D5FD05002800FFF78DFA0600E3
:10A4E0002000F9F7ACFC0700300005F0D1FD0600B4
:10A4F000200000F032F83A00310005F0CFFD2800CE
:10A5000005F098F806002000F9F799FC07003000E4
:10A5100005F0BEFD0600200000F01FF83A003100F3
:10A5200005F0BCFD2800FFF761FA06002000F9F7EE
:10A5300086FC0700300005F0ABFD0600200000F0AF
:10A540000CF83A00310005F0A9FD2800F2BD10B565
:10A55000040020000C30C04610BD10B504002000DF
:10A56000C046C046C046C04610BD2DE9FC470400A9
:10A570000D0016001F00DDF828804046C046C0468A
:10A5800081463800C046C04682463000C046C046BC
:10A59000CDF80090534602002900200005F08BFD05
:10A5A000BDE8F38710B50400200005F0A1FD2000F0
:10A5B00010BD10B50400200005F0A0FD006810BD1E
:10A5C0002DE9F84F04000D0016001F00DDF828806B
:10A5D000200005F09AFD8146200005F09DFDD9F888
:10A5E0000010401E814205D34146200005F09DFD2C
:10A5F000E6F748F83800C046C04602004146200051
:10A60000030008008146200005F07FFD0168491C19
:10A610000160C9F804602000F9F711FC0068864267
:10A620000FD12000FFF7C7F9C0F80090200005F017
:10A6300093FDC0F80090200000F05CF9C0F8009095
:10A6400030E02800C0B2002816D03000FFF7D4F95F
:10A65000C0F80090200005F07FFD0068864201D11F
:10A66000012000E00020C0B200281BD0200005F02F
:10A6700073FDC0F8009015E03000FFF7B7F9C0F89F
:10A680000090200000F036F90068864201D10120D8
:10A6900000E00020C0B2002804D0200000F02AF919
:10A6A000C0F80090CA46504604F0C4FF0068FFF7A7
:10A6B0004EFF0078002801D1012000E00020C0B248
:10A6C000002800F0F480504604F0B4FF8346504662
:10A6D00004F0B0FF006804F0ADFF0068FFF78CF9EC
:10A6E000DBF800100068814201D1012000E0002069
:10A6F000C0B200286DD0504604F09CFF006804F002
:10A7000099FF0068FFF772F9006806003000FFF754
:10A710001EFF0078002801D1012000E00020C0B217
:10A72000002820D0504604F085FF0068FFF70FFF97
:10A73000012101703000FFF70AFF0121017050462E
:10A7400004F078FF006804F075FF0068FFF7FFFE73
:10A7500000210170504604F06DFF006804F06AFFAC
:10A76000006882469FE7504604F064FF0068FFF7E8
:10A770003DF90068824501D1012000E00020C0B20F
:10A78000002808D0504604F055FF00688246514624
:10A79000200005F0EAFC504604F04CFF0068FFF78B
:10A7A000D6FE01210170504604F044FF006804F019
:10A7B00041FF0068FFF7CBFE00210170504604F016
:10A7C00039FF006804F036FF0168200005F034FD11
:10A7D00069E7504604F02EFF006804F02BFF006884
:10A7E000FFF70AF9006806003000FFF7B0FE0078B6
:10A7F000002801D1012000E00020C0B2002820D0B4
:10A80000504604F017FF0068FFF7A1FE0121017018
:10A810003000FFF79CFE01210170504604F00AFF52
:10A82000006804F007FF0068FFF791FE0021017047
:10A83000504604F0FFFE006804F0FCFE006882460B
:10A8400031E7504604F0F6FE0068FFF7D5F80068DF
:10A85000824501D1012000E00020C0B2002808D0CC
:10A86000504604F0E7FE006882465146200005F09D
:10A87000E3FC504604F0DEFE0068FFF768FE0121AD
:10A880000170504604F0D6FE006804F0D3FE006864
:10A89000FFF75DFE00210170504604F0CBFE00681A
:10A8A00004F0C8FE0168200005F05FFCFBE6200014
:10A8B000FFF781F80068FFF74AFE012101702000D0
:10A8C000F9F7AAFA020049466846F9F7ADFA0068B6
:10A8D000BDE8F28F38B50400200005F03DFC05000E
:10A8E0002000F9F799FA020029686846F9F79CFAFE
:10A8F000006832BD10B504002000FFF765F800685D
:10A90000FFF774F810BD10B50400200005F0FBFC43
:10A91000200010BD2DE9F44F8CB080460C001D00C6
:10A920002000FFF748F806682000F9F788FAD0F809
:10A93000009001273000FFF74DF80078002801D182
:10A94000012000E00020C0B200283DD0B1469DF8B3
:10A950003000002816D031002000F5F795FD824622
:10A9600029002000F9F777FA83462000F5F797FDD4
:10A970005A465146E6F757F9002801D1012713E05E
:10A98000002711E029002000F9F765FA824631001E
:10A990002000F5F779FD83462000F5F780FD5A4643
:10A9A0005146E6F740F907003800C0B2002805D04C
:10A9B0003000FFF721F800680600BBE73000FFF722
:10A9C00015F800680600B5E72000F9F725FA02003F
:10A9D000494602A8F9F728FA3800C0B200282DD05D
:10A9E0002000FFF777FF059005A902A8F5F743FDC2
:10A9F000002801D0012000E00020C0B200281AD0B9
:10AA00002800C046C0461699009103004A4601211D
:10AA10002000FFF7D5FD049001208DF805000DF111
:10AA2000050204A90AA805F0C6FC0200D2E900014B
:10AA3000C8E900014AE002A805F0CDFC02A80068C0
:10AA4000C04601002000F5F71FFD824629002000C6
:10AA5000F9F701FA83462000F5F721FD5A465146E1
:10AA6000E6F7E1F8002801D0012000E00020C0B2A4
:10AA700000281AD02800C046C0461699009103004D
:10AA80004A463900C9B22000FFF79AFD0390012021
:10AA90008DF8040001AA03A908A805F08CFC0200A7
:10AAA000D2E90001C8E9000110E01699200005F084
:10AAB0003CFB00208DF800006A4602A906A805F0BC
:10AAC00091FC0200D2E90001C8E900010DB0BDE827
:10AAD000F08FF8B50400200000F045F8012105F0E2
:10AAE00091FC05002800FFF76DF806002000F9F73B
:10AAF000F0FA0700300005F08DFC0600200000F0A1
:10AB000032F83A00310005F08BFC280004F072FEA8
:10AB100006002000F9F7DDFA0700300005F07AFCA6
:10AB20000600200000F01FF83A00310005F078FC24
:10AB30002800FFF741F806002000F9F7CAFA0700DD
:10AB4000300005F067FC0600200000F00CF83A0029
:10AB5000310005F065FC2800F2BD10B504002000AE
:10AB60000C30C04610BD10B504002000C046C046E1
:10AB7000C046C04610BD2DE9FC4704000D0016007C
:10AB80001F00DDF828804046C046C0468146380098
:10AB9000C046C04682463000C046C046CDF8009050
:10ABA000534602002900200005F047FCBDE8F3876A
:10ABB00010B50400200005F05DFC200010BD10B5AC
:10ABC0000400200005F05CFC006810BD2DE9F84F82
:10ABD00004000D0016001F00DDF82880200004F09E
:10ABE000EDFD8146200005F052FCD9F80010401E12
:10ABF000814205D34146200005F052FCE5F742FDB5
:10AC00003800C046C046020041462000030008004C
:10AC10008146200004F0D2FD0168491C0160C9F89A
:10AC200004602000F9F755FA006886420FD1200031
:10AC3000FEF7A7FFC0F80090200004F0C6FDC0F8A2
:10AC40000090200000F05CF9C0F8009030E028008F
:10AC5000C0B2002816D03000FEF7B4FFC0F8009054
:10AC6000200004F0B2FD0068864201D1012000E01E
:10AC70000020C0B200281BD0200004F0A6FDC0F8C0
:10AC8000009015E03000FEF797FFC0F8009020001C
:10AC900000F036F90068864201D1012000E0002072
:10ACA000C0B2002804D0200000F02AF9C0F80090BB
:10ACB000CA46504604F09EFD0068FFF74EFF00783C
:10ACC000002801D1012000E00020C0B2002800F0DF
:10ACD000F480504604F08EFD8346504604F08AFD11
:10ACE000006804F087FD0068FEF76CFFDBF80010D9
:10ACF0000068814201D1012000E00020C0B200289C
:10AD00006DD0504604F076FD006804F073FD0068D5
:10AD1000FEF752FF006806003000FFF71EFF0078C4
:10AD2000002801D1012000E00020C0B2002820D07E
:10AD3000504604F05FFD0068FFF70FFF012101702E
:10AD40003000FFF70AFF01210170504604F052FD68
:10AD5000006804F04FFD0068FFF7FFFE002101705E
:10AD6000504604F047FD006804F044FD0068824648
:10AD70009FE7504604F03EFD0068FEF71DFF0068A7
:10AD8000824501D1012000E00020C0B2002808D097
:10AD9000504604F02FFD006882465146200005F021
:10ADA00096FB504604F026FD0068FFF7D6FE012111
:10ADB0000170504604F01EFD006804F01BFD0068A1
:10ADC000FFF7CBFE00210170504604F013FD006830
:10ADD00004F010FD0168200005F0E0FB69E7504633
:10ADE00004F008FD006804F005FD0068FEF7EAFEC7
:10ADF000006806003000FFF7B0FE0078002801D19F
:10AE0000012000E00020C0B2002820D0504604F00D
:10AE1000F1FC0068FFF7A1FE012101703000FFF78F
:10AE20009CFE01210170504604F0E4FC006804F02F
:10AE3000E1FC0068FFF791FE00210170504604F02C
:10AE4000D9FC006804F0D6FC0068824631E7504621
:10AE500004F0D0FC0068FEF7B5FE0068824501D121
:10AE6000012000E00020C0B2002808D0504604F0C5
:10AE7000C1FC006882465146200005F08FFB504619
:10AE800004F0B8FC0068FFF768FE0121017050462D
:10AE900004F0B0FC006804F0ADFC0068FFF75DFE54
:10AEA00000210170504604F0A5FC006804F0A2FCEB
:10AEB0000168200005F00BFBFBE62000FEF761FEB9
:10AEC0000068FFF74AFE012101702000F9F7EEF853
:10AED000020049466846F9F7F1F80068BDE8F28FCC
:10AEE00038B50400200004F070FC05002000F9F7DC
:10AEF000DDF8020029686846F9F7E0F8006832BD1D
:10AF000010B504002000FEF745FE0068FEF754FE71
:10AF100010BD2DE9F44F8CB080460C001D002000C0
:10AF2000FEF72FFE06682000F9F7D3F8D0F800905E
:10AF300001273000FEF734FE0078002801D10120FF
:10AF400000E00020C0B200283DD0B1469DF830009E
:10AF5000002816D031002000F5F709FB82462900B1
:10AF60002000F9F7C2F883462000F5F70BFB5A469C
:10AF70005146E5F758FE002801D1012713E00027CC
:10AF800011E029002000F9F7B0F8824631002000D6
:10AF9000F5F7EDFA83462000F5F7F4FA5A465146E4
:10AFA000E5F741FE07003800C0B2002805D03000A8
:10AFB000FEF708FE00680600BBE73000FEF7FCFD68
:10AFC00000680600B5E72000F9F770F8020049466E
:10AFD00002A8F9F773F83800C0B200282DD020007D
:10AFE000FFF77EFF059005A902A8F5F7B7FA00283C
:10AFF00001D0012000E00020C0B200281AD02800B3
:10B00000C046C0461699009103004A46012120001F
:10B01000FFF7DCFD049001208DF805000DF105021D
:10B0200004A90AA805F079FB0200D2E90001C8E9E9
:10B0300000014AE002A805F080FB02A80068C046B3
:10B0400001002000F5F793FA824629002000F9F765
:10B050004CF883462000F5F795FA5A465146E5F735
:10B06000E2FD002801D0012000E00020C0B200284D
:10B070001AD02800C046C0461699009103004A46DF
:10B080003900C9B22000FFF7A1FD039001208DF81F
:10B09000040001AA03A908A805F03FFB0200D2E9B9
:10B0A0000001C8E9000110E01699200005F0F8F948
:10B0B00000208DF800006A4602A906A805F044FBAE
:10B0C0000200D2E90001C8E900010DB0BDE8F08F2F
:10B0D000F8B50400200000F03FF8012105F044FB22
:10B0E00005002800FEF754FE06002000F9F73BF9A2
:10B0F0000700300005F040FB0600200000F02CF8AF
:10B100003A00310005F03EFB280004F053FC060035
:10B110002000F9F728F90700300005F02DFB0600A4
:10B12000200000F019F83A00310005F02BFB280050
:10B13000FEF728FE06002000F9F715F90700300099
:10B1400005F01AFB0600200000F006F83A00310076
:10B1500005F018FB2800F2BD10B504002000C04621
:10B16000C046C046C04610BD2DE9FC4704000D0096
:10B1700016001F00DDF828804046C046C0468146C4
:10B180003800C046C04682463000C046C046CDF8B2
:10B190000090534602002900200005F000FBBDE8A6
:10B1A000F38710B50400200005F016FB200010BD49
:10B1B00010B50400200005F015FB006810BD2DE956
:10B1C000F84F04000D0016001F00DDF82880200055
:10B1D00004F0D4FB8146200005F00BFBD9F80010E9
:10B1E000401E814205D34146200005F00BFBE5F7E8
:10B1F00049FA3800C046C04602004146200003001C
:10B2000008008146200004F0B9FB0168491C016078
:10B21000C9F804602000F9F7A6F8006886420FD14B
:10B220002000FEF794FDC0F80090200004F0ADFB74
:10B23000C0F80090200000F05CF9C0F8009030E009
:10B240002800C0B2002816D03000FEF7A1FDC0F8DB
:10B250000090200004F099FB0068864201D1012093
:10B2600000E00020C0B200281BD0200004F08DFBBD
:10B27000C0F8009015E03000FEF784FDC0F80090A3
:10B28000200000F036F90068864201D1012000E07C
:10B290000020C0B2002804D0200000F02AF9C0F835
:10B2A0000090CA46504604F085FB0068DCF793FF27
:10B2B0000078002801D1012000E00020C0B2002861
:10B2C00000F0F480504604F075FB8346504604F0CD
:10B2D00071FB006804F06EFB0068FEF759FDDBF8B7
:10B2E00000100068814201D1012000E00020C0B2BE
:10B2F00000286DD0504604F05DFB006804F05AFB56
:10B300000068FEF73FFD006806003000DCF763FFD1
:10B310000078002801D1012000E00020C0B2002800
:10B3200020D0504604F046FB0068DCF754FF0121B2
:10B3300001703000DCF74FFF01210170504604F02E
:10B3400039FB006804F036FB0068DCF744FF00219D
:10B350000170504604F02EFB006804F02BFB0068DF
:10B3600082469FE7504604F025FB0068FEF70AFD81
:10B370000068824501D1012000E00020C0B2002811
:10B3800008D0504604F016FB006882465146200063
:10B3900005F04FFA504604F00DFB0068DCF71BFF88
:10B3A00001210170504604F005FB006804F002FB27
:10B3B0000068DCF710FF00210170504604F0FAFA33
:10B3C000006804F0F7FA0168200005F099FA69E7CF
:10B3D000504604F0EFFA006804F0ECFA0068FEF75B
:10B3E000D7FC006806003000DCF7F5FE0078002886
:10B3F00001D1012000E00020C0B2002820D050463A
:10B4000004F0D8FA0068DCF7E6FE01210170300094
:10B41000DCF7E1FE01210170504604F0CBFA006830
:10B4200004F0C8FA0068DCF7D6FE0021017050462F
:10B4300004F0C0FA006804F0BDFA0068824631E703
:10B44000504604F0B7FA0068FEF7A2FC0068824597
:10B4500001D1012000E00020C0B2002808D05046F1
:10B4600004F0A8FA006882465146200005F048FA28
:10B47000504604F09FFA0068DCF7ADFE0121017030
:10B48000504604F097FA006804F094FA0068DCF77C
:10B49000A2FE00210170504604F08CFA006804F00E
:10B4A00089FA0168200005F0C4F9FBE62000FEF7E8
:10B4B0004EFC0068DCF78FFE012101702000F8F7D8
:10B4C0003FFF020049466846F8F742FF0068BDE8C2
:10B4D000F28F38B50400200004F057FA0500200070
:10B4E000F8F72EFF020029686846F8F731FF006878
:10B4F00032BD10B504002000FEF732FC0068FEF7F4
:10B5000041FC10BD10B50400200005F060FA2000D9
:10B5100010BD2DE9F44F8CB080460C001D002000BA
:10B52000FEF715FC06682000F8F71DFFD0F8009024
:10B5300001273000FEF71AFC0078002801D1012015
:10B5400000E00020C0B200283DD0B1469DF8300098
:10B55000002816D031002000F5F77CF8824629003B
:10B560002000F8F70CFF83462000F5F77EF85A46D6
:10B570005146E5F758FB002801D1012713E00027C9
:10B5800011E029002000F8F7FAFE82463100200081
:10B59000F5F760F883462000F5F767F85A465146FC
:10B5A000E5F741FB07003800C0B2002805D03000A5
:10B5B000FEF7EEFB00680600BBE73000FEF7E2FB9B
:10B5C00000680600B5E72000F8F7BAFE0200494619
:10B5D00002A8F8F7BDFE3800C0B200282DD0200028
:10B5E000FFF777FF059005A902A8F5F72AF80028CC
:10B5F00001D0012000E00020C0B200281AD02800AD
:10B60000C046C0461699009103004A460121200019
:10B61000FFF7D5FD049001208DF805000DF105021E
:10B6200004A90AA805F02BFA0200D2E90001C8E932
:10B6300000014AE002A805F032FA02A80068C046FC
:10B6400001002000F5F706F8824629002000F8F7EF
:10B6500096FE83462000F5F708F85A465146E5F76E
:10B66000E2FA002801D0012000E00020C0B200284A
:10B670001AD02800C046C0461699009103004A46D9
:10B680003900C9B22000FFF79AFD039001208DF820
:10B69000040001AA03A908A805F0F1F90200D2E903
:10B6A0000001C8E9000110E01699200005F0AAF891
:10B6B00000208DF800006A4602A906A805F0F6F9F8
:10B6C0000200D2E90001C8E900010DB0BDE8F08F29
:10B6D00038B504000D0029002000C046C0462000F7
:10B6E00032BD2DE9FE4F04000D0016000C9FDDF861
:10B6F00034802000E4F7BFFF0068A84204D302981A
:10B70000E4F76EFCB84201D2E4F7D0FF2000E4F782
:10B71000B2FF0068401BB04205D22000E4F7ABFF47
:10B720000068401B06000298E4F75AFCC01B00901A
:10B730000098404501D2009880462000E4F79BFF26
:10B740000068801B5FF0FF31B1EB0801884201D334
:10B75000E4F798FF2000E4F78EFFD0F80090B9EBF3
:10B760000609B9EB05092000E4F785FFD0F800A031
:10B7700018EB0A0ABAEB060A2000E4F77CFF00681F
:10B78000504504D2002251462000E5F7C4F9029842
:10B7900084421ED02000E5F75FF883462000E5F7DD
:10B7A0005BF84A46284400EB06010BEB05004044D9
:10B7B000E5F7ACFD2000E5F74FF883460298E5F782
:10B7C000E8F9424600EB07010BEB0500E5F72BF922
:10B7D00094E046451ED32000E5F73EF8834620005E
:10B7E000E5F73AF8424600EB07010BEB0500E5F7F9
:10B7F0008DFD2000E5F730F883462000E5F72CF8B2
:10B800004A46284400EB06010BEB05004044E5F7EF
:10B810007DFD73E0BD421ED32000E5F71DF8834691
:10B820002000E5F719F84A46284400EB06010BEB27
:10B8300005004044E5F76AFD2000E5F70DF8834672
:10B840002000E5F709F8424600EB07010BEB050085
:10B85000E5F75CFD52E07019874220D32000E4F741
:10B86000FBFF83462000E4F7F7FF4A46284400EB3D
:10B8700006010BEB05004044E5F748FD2000E4F726
:10B88000EBFF83462000E4F7E7FF424618EB070191
:10B89000891B01440BEB0500E5F738FD2EE0200085
:10B8A000E4F7DAFF83462000E4F7D6FF320000EB2E
:10B8B00007010BEB0500E5F729FD2000E4F7CCFFBD
:10B8C00083462000E4F7C8FF4A46284400EB0601FF
:10B8D0000BEB05004044E5F719FD2000E4F7BCFF41
:10B8E00083462000E4F7B8FFB8EB0602384400EBCB
:10B8F00008010BEB05003044E5F708FD5146200038
:10B90000E5F7AFF82000BDE8FE8F10B50400200079
:10B91000C046C04610BD00210160002141600021E9
:10B920008160704710B413680C1A13EBA403136002
:10B9300010BC70472DE9F64104000D001E002000E8
:10B94000C046C04607002800C046C0468046019851
:10B95000C046C046330002004146380000F07EF881
:10B96000010001A80160C0460068BDE8F68110B57D
:10B9700004002000FAF749FA083010BD10B50400A1
:10B98000200005F0A3F810BDF8B504000D00160066
:10B990001F002000F5F7B6FA03003A003100280036
:10B9A00005F09AF8F2BDF8B505000E001700310059
:10B9B00004200800C0460400002C05D03800C04612
:10B9C000C0460068206000E00020F1BDF8B5050029
:10B9D0000E001700310004200800C0460400002CAF
:10B9E00005D03800C046C0460068206000E0002056
:10B9F000F1BD13B51400694601A805F08AF8216865
:10BA00004018206013BD2DE9F64104000D001E0012
:10BA1000200005F086F80700280005F082F880462F
:10BA20000198C046C046330002004146380005F088
:10BA30007DF8010001A80160C0460068BDE8F681FC
:10BA400038B504000D0001220021280005F07FF820
:10BA500032BD01B568460068C04602BDF8B50400B5
:10BA60000D0016001F0031002000C046C0460090A7
:10BA70003B0032002900200005F07BF8F2BD38B50C
:10BA800004000D002000E4F78DFB31BD2DE9F843E3
:10BA900005000E0017009846310008200800C04637
:10BAA0000400002C0CD04046C046C04681463800F9
:10BAB000C046C0464A460100200005F06FF800E08D
:10BAC0000020BDE8F18300007CB504000D001600E5
:10BAD000009601AB2A0005480178200005F07CF8AB
:10BAE000200005F091F8200076BD00BF824D0308CC
:10BAF00010B504002000F4F742FF083010BD10B567
:10BB00000400200005F08BF810BD38B504000D00CE
:10BB10002900200005F089F832BDF8B504000D00B9
:10BB200016001F002000F5F75BFB03003A00310010
:10BB3000280005F083F8F2BD2DE9F04105000E0064
:10BB40001700B046414618200800C0460400002CEB
:10BB500007D03800C046C04601002000E3F7D0FF00
:10BB600000E00020BDE8F0812DE9F04105000E0065
:10BB70001700B046414618200800C0460400002CBB
:10BB800007D03800C046C04601002000E3F7B8FFE8
:10BB900000E00020BDE8F08110B504002000001D89
:10BBA000C04610BD38B504000D002900200005F086
:10BBB00062F832BD10B504002000C046C04610BD7A
:10BBC00070B504000D0016003000C046C0460200EB
:10BBD0002900200005F058F870BD2DE9FC4704004D
:10BBE0000D0016001F00DDF828804046C046C04604
:10BBF00081463800C046C04682463000C046C04636
:10BC0000CDF80090534602002900200005F049F8C5
:10BC1000BDE8F38710B5040020000021016010BDCD
:10BC200010B504002000FBF7DFF8001D10BD10B5B3
:10BC300004002000F5F73BFB001D10BD38B50400E3
:10BC4000200005F05BF8290005F060F832BD70B502
:10BC500004000D002800F5F743FBFAF748FA060048
:10BC60002000FAF74AFA310005F056F82000FAF7FA
:10BC700044FA0122290005F057F870BD10B5040000
:10BC80002000FAF7C0F90068FAF7DBF910BDF8B543
:10BC900004000D002800FAF7CEF906682800FAF72C
:10BCA000CAF907003000FAF7CCF9006838603000B4
:10BCB000FAF7C7F90068FAF7ACF90078002801D163
:10BCC000012000E00020C0B2002806D03000FAF7C2
:10BCD000B8F90068FFF760FF05603000FFF75CFF10
:10BCE00007002800FFF758FF006838602000FAF7C7
:10BCF00081F90068854201D1012000E00020C0B236
:10BD0000002804D02000FAF775F906601DE028002D
:10BD1000FFF742FF0068FAF794F90068854201D105
:10BD2000012000E00020C0B2002807D02800FFF763
:10BD300033FF0068FAF785F9066006E02800FFF790
:10BD40002BFF0068FAF777F906603000FAF779F907
:10BD500005602800FFF720FF0660F1BDF8B504007C
:10BD60000D002800FAF76DF906682800FAF769F95E
:10BD700007003000FAF75FF9006838603000FAF722
:10BD80005AF90068FAF745F90078002801D1012036
:10BD900000E00020C0B2002806D03000FAF74BF9CE
:10BDA0000068FFF7F9FE05603000FFF7F5FE0700B9
:10BDB0002800FFF7F1FE006838602000FAF71AF952
:10BDC0000068854201D1012000E00020C0B20028B7
:10BDD00004D02000FAF70EF906601DE02800FFF7F6
:10BDE000DBFE0068FAF727F90068854201D10120DF
:10BDF00000E00020C0B2002807D02800FFF7CCFEEA
:10BE00000068FAF718F9066006E02800FFF7C4FE9C
:10BE10000068FAF716F906603000FAF70CF90560C9
:10BE20002800FFF7B9FE0660F1BD38B504002068B0
:10BE30000D30C0460078002801D0012000E000202D
:10BE4000C0B2002805D020680830C04600682060D5
:10BE500041E02068C046C04600680D30C04600780A
:10BE6000002801D1012000E00020C0B2002807D046
:10BE70002068C046C046006804F060FF20602AE0E9
:10BE80002068001DC0460068050028000D30C0462F
:10BE9000007800280CD12800C046C0462168006800
:10BEA000814201D0012000E0002090F0010000E07C
:10BEB0000020C0B2002801D02560E1E720680D30E5
:10BEC000C0460078002801D0012000E00020C0B268
:10BED000002800D12560200032BD38B5040020685C
:10BEE0000D30C0460078002801D0012000E000207D
:10BEF000C0B2002835D120680830C04600680D3037
:10BF0000C0460078002801D1012000E00020C0B226
:10BF1000002807D020680830C046006804F027FFDA
:10BF200020601EE02068001DC04600680500280053
:10BF30000D30C046007800280CD128000830C046DB
:10BF400021680068814201D0012000E0002090F0CB
:10BF5000010000E00020C0B2002801D02560E1E728
:10BF60002560200032BD70B504000D0016002800C9
:10BF7000C046C046006820603000C046C046007819
:10BF80002071200070BD10B504002000FAF78BFA74
:10BF9000200010BD70B504000D0016002800C0463A
:10BFA000C046006820603000C046C046007820715E
:10BFB000200070BD10B504002000001DC04610BD5B
:10BFC00038B504000D002900200004F0E9FE32BD60
:10BFD00010B504002000C046C04610BD70B5040076
:10BFE0000D0016003000C046C046020029002000A7
:10BFF00004F0DFFE70BD2DE9FC4704000D001600C3
:10C000001F00DDF828804046C046C0468146380003
:10C01000C046C04682463000C046C046CDF80090BB
:10C02000534602002900200004F0D0FEBDE8F3874B
:10C0300010B5040020000021016010BD10B50400FF
:10C040002000FAF708FF001D10BD10B50400200005
:10C05000F5F753FB001D10BD38B50400200004F0B7
:10C06000E2FE290004F0E7FE32BD70B504000D00C9
:10C070002800F5F75BFBFAF786FB06002000FAF7CD
:10C0800088FB310004F0DDFE2000FAF782FB01227C
:10C09000290004F0DEFE70BD10B504002000FAF7A0
:10C0A000FEFA0068FAF719FB10BDF8B504000D00A0
:10C0B0002800FAF70CFB06682800FAF708FB0700CF
:10C0C0003000FAF70AFB006838603000FAF705FB29
:10C0D0000068FAF7EAFA0078002801D1012000E0B0
:10C0E0000020C0B2002806D03000FAF7F6FA006847
:10C0F000FFF760FF05603000FFF75CFF07002800D6
:10C10000FFF758FF006838602000FAF7BFFA0068B0
:10C11000854201D1012000E00020C0B2002804D0F7
:10C120002000FAF7B3FA06601DE02800FFF742FF8F
:10C130000068FAF7D2FA0068854201D1012000E0D8
:10C140000020C0B2002807D02800FFF733FF0068A6
:10C15000FAF7C3FA066006E02800FFF72BFF006835
:10C16000FAF7B5FA06603000FAF7B7FA056028006A
:10C17000FFF720FF0660F1BDF8B504000D002800B0
:10C18000FAF7ABFA06682800FAF7A7FA07003000BA
:10C19000FAF79DFA006838603000FAF798FA0068FC
:10C1A000FAF783FA0078002801D1012000E000208E
:10C1B000C0B2002806D03000FAF789FA0068FFF70D
:10C1C000F9FE05603000FFF7F5FE07002800FFF7D5
:10C1D000F1FE006838602000FAF758FA00688542DE
:10C1E00001D1012000E00020C0B2002804D02000CE
:10C1F000FAF74CFA06601DE02800FFF7DBFE006846
:10C20000FAF765FA0068854201D1012000E00020BC
:10C21000C0B2002807D02800FFF7CCFE0068FAF76C
:10C2200056FA066006E02800FFF7C4FE0068FAF739
:10C2300054FA06603000FAF74AFA05602800FFF762
:10C24000B9FE0660F1BD38B5040020680D30C04667
:10C250000078002801D0012000E00020C0B20028B2
:10C2600005D020680830C0460068206041E02068A2
:10C27000C046C04600680D30C0460078002801D195
:10C28000012000E00020C0B2002807D02068C0468E
:10C29000C046006804F0E7FD20602AE02068001D29
:10C2A000C0460068050028000D30C0460078002810
:10C2B0000CD12800C046C04621680068814201D0E8
:10C2C000012000E0002090F0010000E00020C0B25A
:10C2D000002801D02560E1E720680D30C0460078D5
:10C2E000002801D0012000E00020C0B2002800D1C9
:10C2F0002560200032BD38B5040020680D30C046EE
:10C300000078002801D0012000E00020C0B2002801
:10C3100035D120680830C04600680D30C04600782E
:10C32000002801D1012000E00020C0B2002807D081
:10C3300020680830C046006804F0AEFD20601EE0B2
:10C340002068001DC0460068050028000D30C0466A
:10C35000007800280CD128000830C0462168006809
:10C36000814201D0012000E0002090F0010000E0B7
:10C370000020C0B2002801D02560E1E72560200040
:10C3800032BD70B504000D0016002800C046C0463E
:10C39000006820603000C046C04600782071200050
:10C3A00070BD10B504002000FAF7C9FB200010BDD5
:10C3B00070B504000D0016002800C046C046006895
:10C3C00020603000C046C04600782071200070BD5B
:10C3D00070B504000D001600256031002000C04635
:10C3E000C046200070BD38B504000D0029002000B3
:10C3F00004F06BFD32BD70B504000D001600300076
:10C40000C046C04602002900200004F067FD70BD50
:10C4100070B504000D0016003000C046C046020092
:10C420002900200004F067FD70BD10B50400200055
:10C43000C046C04610BD10B50400200004F073FDD6
:10C4400010BD70B504000D001600AC4208D02000ED
:10C45000F4F798FE0100300004F06BFD1834F4E7A7
:10C4600070BD38B504000D002000E3F79BFE31BD20
:10C4700010B50400200004F064FD10BD10B50400E8
:10C48000200004F069FD10BD38B504000D0028003F
:10C49000EAF7A6FA31BD38B504000D002000E3F735
:10C4A00081FE31BD7CB504000D001600009601AB85
:10C4B0002A0005480178200004F059FD200004F00E
:10C4C0006EFD200076BD00BF5EAE03087CB50400A3
:10C4D0000D001600009601AB2A00054801782000E7
:10C4E00004F068FD200004F07DFD200076BD00BF53
:10C4F000D751030810B504002000F7F707FA10BD64
:10C50000F8B50400200000F04BF8012104F075FD9F
:10C5100005002800FCF757FC06002000FAF704FD90
:10C520000700300004F071FD0600200000F038F82C
:10C530003A00310004F06FFD280002F047F80600D1
:10C540002000FAF7F1FC0700300004F05EFD060061
:10C55000200000F025F83A00310004F05CFD2800CE
:10C56000FCF72BFC06002000FAF7DEFC0700300089
:10C5700004F04BFD0600200000F012F83A003100F4
:10C5800004F049FD2800F2BD10B5040020000C3075
:10C59000C04610BD10B504002000C046C04610BD06
:10C5A00010B504002000C046C046C046C04610BDBD
:10C5B00070B504000D0016003000C046C0460200F1
:10C5C0002900200004F034FD70BD10B504002000E7
:10C5D00004F03BFD200010BD10B50400200004F065
:10C5E0003AFD006810BD2DE9F84F04000D0016005B
:10C5F0001F00DDF82880200004F034FD8146200073
:10C6000004F037FDD9F80010401E814205D34146A1
:10C61000200004F037FDE4F735F83800C046C04686
:10C62000020041462000030008008146200004F07B
:10C6300019FD0168491C0160C9F804602000FAF77F
:10C6400073FC006886420FD12000FCF7A7FBC0F8FE
:10C650000090200004F02DFDC0F80090200000F0B4
:10C6600062F9C0F8009030E02800C0B2002816D06F
:10C670003000FCF7A8FBC0F80090200004F019FD82
:10C680000068864201D1012000E00020C0B20028ED
:10C690001BD0200004F00DFDC0F8009015E0300024
:10C6A000FCF78BFBC0F80090200000F03CF900681C
:10C6B000864201D1012000E00020C0B2002804D051
:10C6C000200000F030F9C0F80090CA46504601F052
:10C6D0007DFF0068FFF758FF0078002801D1012096
:10C6E00000E00020C0B2002800F0F480504601F0C5
:10C6F0006DFF8346504601F069FF006801F066FF58
:10C700000068FCF760FBDBF800100068814201D193
:10C71000012000E00020C0B200286DD0504601F09A
:10C7200055FF006801F052FF0068FCF746FB006807
:10C7300006003000FFF728FF0078002801D1012013
:10C7400000E00020C0B2002820D0504601F03EFF9B
:10C750000068FFF719FF012101703000FFF714FF97
:10C7600001210170504601F031FF006801F02EFFF9
:10C770000068FFF709FF00210170504601F026FF15
:10C78000006801F023FF006882469FE7504601F0F1
:10C790001DFF0068FCF711FB0068824501D10120F4
:10C7A00000E00020C0B2002808D0504601F00EFF83
:10C7B000006882465146200004F084FC504601F097
:10C7C00005FF0068FFF7E0FE01210170504601F00F
:10C7D000FDFE006801F0FAFE0068FFF7D5FE0021BB
:10C7E0000170504601F0F2FE006801F0EFFE0168B2
:10C7F000200004F0CEFC69E7504601F0E7FE006837
:10C8000001F0E4FE0068FCF7DEFA00680600300084
:10C81000FFF7BAFE0078002801D1012000E00020D7
:10C82000C0B2002820D0504601F0D0FE0068FFF7CB
:10C83000ABFE012101703000FFF7A6FE012101705F
:10C84000504601F0C3FE006801F0C0FE0068FFF72B
:10C850009BFE00210170504601F0B8FE006801F017
:10C86000B5FE0068824631E7504601F0AFFE006831
:10C87000FCF7A9FA0068824501D1012000E0002000
:10C88000C0B2002808D0504601F0A0FE00688246E1
:10C890005146200004F07DFC504601F097FE0068F0
:10C8A000FFF772FE01210170504601F08FFE006813
:10C8B00001F08CFE0068FFF767FE00210170504612
:10C8C00001F084FE006801F081FE0168200004F0A0
:10C8D000F9FBFBE62000FCF761FA0068FFF754FE65
:10C8E000012101702000FAF717FB02004946684653
:10C8F000FAF720FB0068BDE8F28F38B5040020008D
:10C9000004F0D7FB05002000FAF706FB02002968B7
:10C910006846FAF70FFB006832BD10B5040020002E
:10C92000C046C04610BD10B504002000F6F7F9FF60
:10C930000068FCF742FA10BD10B50400200004F0B6
:10C940008FFC200010BD2DE9F44F8CB080460C0008
:10C950001D002000FCF722FA06682000FAF7E4FA2E
:10C96000D0F8009001273000FCF721FA0078002869
:10C9700001D1012000E00020C0B200283DD0B14626
:10C980009DF83000002816D031002000F3F7DAFBC4
:10C99000824629002000F6F7D0FF83462000FFF7EB
:10C9A000BCFF5A465146E4F73EF9002801D1012761
:10C9B00013E0002711E029002000F6F7BEFF8246B1
:10C9C00031002000F3F7BEFB83462000FFF7A5FFF0
:10C9D0005A465146E4F727F907003800C0B200284C
:10C9E00005D03000FCF7EFF900680600BBE7300027
:10C9F000FCF7E3F900680600B5E72000FAF78CFAC7
:10CA00000200494602A8FAF795FA3800C0B2002899
:10CA10002DD02000FFF771FF059005A902A8F3F7BC
:10CA200088FB002801D0012000E00020C0B20028CF
:10CA30001AD02800C046C0461699009103004A4605
:10CA400001212000FFF7CFFD049001208DF80500A3
:10CA50000DF1050204A90AA804F05AFC0200D2E96B
:10CA60000001C8E900014AE002A804F061FC02A844
:10CA70000068C04601002000F3F764FB82462900ED
:10CA80002000F6F75AFF83462000FFF746FF5A467C
:10CA90005146E4F7C8F8002801D0012000E000204A
:10CAA000C0B200281AD02800C046C046169900918E
:10CAB00003004A463900C9B22000FFF794FD0390F5
:10CAC00001208DF8040001AA03A908A804F020FCA5
:10CAD0000200D2E90001C8E9000110E01699200027
:10CAE00004F0D0FA00208DF800006A4602A906A8DA
:10CAF00004F025FC0200D2E90001C8E900010DB0F4
:10CB0000BDE8F08F10B504002000001DC04610BD28
:10CB100038B504000D002900200004F020FC32BDCF
:10CB200010B504002000C046C04610BD70B504001A
:10CB30000D0016003000C046C0460200290020004B
:10CB400004F016FC70BD2DE9FC4704000D00160032
:10CB50001F00DDF828804046C046C04681463800A8
:10CB6000C046C04682463000C046C046CDF8009060
:10CB7000534602002900200004F007FCBDE8F387BB
:10CB800010B5040020000021016010BD10B50400A4
:10CB90002000FCF7B5F8001D10BD10B50400200002
:10CBA000F5F777FA001D10BD38B50400200004F039
:10CBB00018FC290004F01DFC32BD70B504000D0006
:10CBC0002800F5F77FFAFAF7EDFB06002000FAF7E8
:10CBD000EFFB310004F013FC2000FAF7E9FB01221F
:10CBE000290004F014FC70BD10B504002000FAF711
:10CBF00065FB0068FAF780FB10BDF8B504000D0076
:10CC00002800FAF773FB06682800FAF76FFB0700A5
:10CC10003000FAF771FB006838603000FAF76CFBFF
:10CC20000068FAF751FB0078002801D1012000E0EC
:10CC30000020C0B2002806D03000FAF75DFB006883
:10CC4000FFF760FF05603000FFF75CFF070028007A
:10CC5000FFF758FF006838602000FAF726FB0068ED
:10CC6000854201D1012000E00020C0B2002804D09C
:10CC70002000FAF71AFB06601DE02800FFF742FFCC
:10CC80000068FAF739FB0068854201D1012000E015
:10CC90000020C0B2002807D02800FFF733FF00684B
:10CCA000FAF72AFB066006E02800FFF72BFF006872
:10CCB000FAF71CFB06603000FAF71EFB056028003F
:10CCC000FFF720FF0660F1BDF8B504000D00280055
:10CCD000FAF712FB06682800FAF70EFB070030008F
:10CCE000FAF704FB006838603000FAF7FFFA0068D2
:10CCF000FAF7EAFA0078002801D1012000E00020CC
:10CD0000C0B2002806D03000FAF7F0FA0068FFF74A
:10CD1000F9FE05603000FFF7F5FE07002800FFF779
:10CD2000F1FE006838602000FAF7BFFA006885421B
:10CD300001D1012000E00020C0B2002804D0200072
:10CD4000FAF7B3FA06601DE02800FFF7DBFE006883
:10CD5000FAF7CCFA0068854201D1012000E00020FA
:10CD6000C0B2002807D02800FFF7CCFE0068FAF711
:10CD7000BDFA066006E02800FFF7C4FE0068FAF777
:10CD8000BBFA06603000FAF7B1FA05602800FFF739
:10CD9000B9FE0660F1BD38B5040020680D30C0460C
:10CDA0000078002801D0012000E00020C0B2002857
:10CDB00005D020680830C0460068206041E0206847
:10CDC000C046C04600680D30C0460078002801D13A
:10CDD000012000E00020C0B2002807D02068C04633
:10CDE000C046006804F01DFB20602AE02068001D9A
:10CDF000C0460068050028000D30C04600780028B5
:10CE00000CD12800C046C04621680068814201D08C
:10CE1000012000E0002090F0010000E00020C0B2FE
:10CE2000002801D02560E1E720680D30C046007879
:10CE3000002801D0012000E00020C0B2002800D16D
:10CE40002560200032BD38B5040020680D30C04692
:10CE50000078002801D0012000E00020C0B20028A6
:10CE600035D120680830C04600680D30C0460078D3
:10CE7000002801D1012000E00020C0B2002807D026
:10CE800020680830C046006804F0E4FA20601EE024
:10CE90002068001DC0460068050028000D30C0460F
:10CEA000007800280CD128000830C04621680068AE
:10CEB000814201D0012000E0002090F0010000E05C
:10CEC0000020C0B2002801D02560E1E725602000E5
:10CED00032BD70B504000D0016002800C046C046E3
:10CEE000006820603000C046C046007820712000F5
:10CEF00070BD10B504002000FAF730FC200010BD12
:10CF000070B504000D0016002800C046C046006839
:10CF100020603000C046C04600782071200070BDFF
:10CF200010B504000248017820000120C04610BD61
:10CF3000A37C03082DE9F04104000D0016001F003A
:10CF40003800C046C04680463000C046C046434612
:10CF500002002900200004F096FABDE8F0810000EC
:10CF6000034610EE100AF44600F004F8196000EED3
:10CF7000100A6047C0F3C75129B1FF2912D07E398A
:10CF8000A0EBC1507047C0420DD000F000424002FB
:10CF9000B0FA80F188407E31494242EA102000F127
:10CFA0007A50704700217047010010EE100AC0F35C
:10CFB000C7520AD4D2B3FF2A37D05218FF2A4CD214
:10CFC00000EBC15100EE101A7047494232B3FF2AFC
:10CFD0002BD0914204D2A0EBC15100EE101A704741
:10CFE000521E891AA0EBC25000EE100A192918D857
:10CFF000C1F17F01C90500EE901AF1EE101A21F07F
:10D000001F0020F4F850E1EE100A20EE200AF1EEA5
:10D01000100AE1EE101A000925D27047C042E5D18E
:10D02000704700F0004000EE100A7047C042FCD08C
:10D030007F2906D87F31C90500EE901A20EE200A1C
:10D0400070474FF0FE4000EE900A20EE200A7F3934
:10D0500010EE100AC0F3C752AFE7C10D41F0FF0157
:10D06000C90500EE101AE0F7C1B97047F0B40468C2
:10D070002346002200E05B1C1D78A5F10906052E61
:10D08000F9D3202DF7D02D2D0CBF08222B2D00D148
:10D090005B1C1D7845F020066E2E26D15A7842F092
:10D0A0002002612A02BF9A7842F020026E2A02D042
:10D0B0002346002245E0DB1C1C4604222578282D4F
:10D0C0003FD114F8015FA5F161061A2EF9D3A5F13D
:10D0D00041071A2F24BF303D0A2DF2D325785F2D4A
:10D0E000EFD0292D2DD1631C2BE0692E2CD15D783A
:10D0F00045F020056E2D02BF9D7845F02005662D78
:10D1000002D0234600221CE013F8034F44F0200411
:10D11000692C02BF5C7844F020046E2C42F00302BC
:10D120000FD19C7844F02004692C02BFDC7844F0D5
:10D130002004742C05D11C7944F02004792C08BFFC
:10D140005B1DF9B10B601DE0302D02BF597841F035
:10D150002001782914D1991C0C782E2C08BF491C69
:10D160000978A1F16104052C84BFA1F14105052DC9
:10D1700002D930390A2903D29B1C42F0020201E095
:10D1800042F0010203601046F0BC70472DE9F04701
:10D190008CB00027149C04EBC4042D2C8046C8BF1F
:10D1A0002D240020186091464FF0000E586001E0D9
:10D1B000491C01200A78302AFAD0002211E01868B0
:10D1C000401C18600878302809D04FF0010E06E0A6
:10D1D000A242F4DAA6F130000DF80200521C491CFC
:10D1E00001200E78A6F130050A2DF1D32E2E08BFAE
:10D1F000491C72B90D78302D0BD11868401E18608B
:10D20000491C0120F6E7302E18BF4FF0010E491CD3
:10D2100001200E78A6F130050A2D0AD2A242F2DAD8
:10D22000A6F130000DF80200521C1868401E18606C
:10D23000EDE7BEF1000F8C460DD00DF1FF310D5D15
:10D240006D1C0D5507E00DF1FF34A15C49B919685B
:10D25000491C1960521E002AF5DC04BF8DF80070CD
:10D260000122002858D04FF0090E92FBFEFEC2F1B9
:10D2700009040EEBCE010C44092194FBF1F10025C9
:10D2800001EBC101611A18D0012716E053F82710ED
:10D2900001EB810106EB410143F827100BE0092166
:10D2A00094FBF1F101EBC1011DF80560611AEDD1AC
:10D2B0007F1C43F82760641C6D1C9542EFDB9CF8D3
:10D2C000001041F02001652926D161461CF8012F8C
:10D2D000DFF85CE02B2A16BF2D2A1CF8016B2B26E9
:10D2E0000022002409E0744504DA04EB840205EB13
:10D2F0004204303C0CF1010C01229CF80050A5F1D5
:10D30000300ABAF10A0FEED32D2E1E6808BF644210
:10D31000A4191C6002B98C46B9F1000F03D000B902
:10D32000C446C9F800C038460CB0BDE8F08700BF5D
:10D3300000E1F5052DE9F14F8CB04FF0000ADDF862
:10D340005880C3F800A0C8EBC808B8F1230FC8BFC5
:10D350004FF023089146C3F804A0002501E0491CC2
:10D36000012508783028FAD069A201925FF0000404
:10D370006DA200920DF1080B0E461F460EE03868B4
:10D38000401C386008E0A045F9DB019A0099801A3A
:10D39000085C0BF80400641C761C012596F800104C
:10D3A0005BA01622DFF70CFB0028ECD130463E468E
:10D3B00001782E2908BF401C2F46002C054616D1A7
:10D3C0002878302813D13168491E31606D1C01273F
:10D3D000F6E7A04509DB019A0099801A085C0BF872
:10D3E0000400641C3168491E31606D1C01272978D6
:10D3F0005FF0160246A0DFF7E3FA0028E9D1A04566
:10D4000017DA1BF80810072906DD0DF1070111F8DE
:10D410000820521C01F8082044463268521C326031
:10D4200007E00DF10702115D49B93268521C326004
:10D43000641E002CF5DC04BF8DF808A001243168BF
:10D440008900002F316055D04FF0070C94FBFCFC95
:10D45000C4F10703CCEBCC0C6344072193FBF1F13F
:10D460000022C1EBC101591A18D04FF0010A15E092
:10D4700056F82A100CEB011046F82A000CE00721A0
:10D4800093FBF1F1C1EBC1011BF802C0591AEFD1B6
:10D490000AF1010A46F82AC05B1C521CA242EEDBCC
:10D4A000297841F02001702924D1294615F8012F4F
:10D4B00016482B2A16BF2D2A15F8014B2B240022C3
:10D4C000002308E0834204DA03EB83020CEB4203FF
:10D4D000303B6D1C012295F800C0ACF1300EBEF15E
:10D4E0000A0FEFD32D2C346808BF5B421B19336041
:10D4F00002B90D46B9F1000F03D007B90C9DC9F868
:10D50000005050460DB0BDE8F08F000000E1F50579
:10D5100030313233343536373839616263646566A9
:10D52000414243444546000000010203040506074A
:10D5300008090A0B0C0D0E0F0A0B0C0D0E0F000044
:10D540007CB504000D001600012E07D12000E3F782
:10D5500083F901A928440A78027008E02000E3F763
:10D560007BF99DF804203100284403F0A1FF73BD2E
:10D5700010B504000248017820000120C04610BD0B
:10D58000028A03082DE9F04104000D0016001F0077
:10D590003800C046C04680463000C046C0464346BC
:10D5A00002002900200003F095FFBDE8F08110B5CE
:10D5B0000400200003F0A3FF10BD38B504000D00E7
:10D5C0002800C046C04601006A46200003F09FFFC5
:10D5D00031BD38B504000D002800C046C04601002A
:10D5E0006A46200003F0B3FF31BD70B504000D00A2
:10D5F000160032002900200003F0C9FF200070BD92
:10D6000038B50400200003F0C8FF0500200003F037
:10D61000CCFF2A000168684603F0CDFF006832BDE8
:10D62000F8B504000D0016003000C046C0460100E9
:10D63000200003F0CBFF0700380000F094FC3B0013
:10D6400002002900200003F0E9FFF2BD10B504003C
:10D65000200004F06BF910BD10B504002000C04696
:10D66000C04610BD10B504002000C046C04610BD25
:10D6700038B504000D002900200004F065F90028E9
:10D6800001D1012000E00020C0B232BD10B504007D
:10D69000200000F0D9FAC046C04610BD38B50400DD
:10D6A000200000F035F80500200000F02AF8296875
:10D6B0000068814201D1012000E00020C0B232BDEB
:10D6C00038B504002000FFF7E1FF200000F033F838
:10D6D0000500200000F00FF82A680168200000F023
:10D6E00031F8200000F027F80500200000F003F8D2
:10D6F0000068286031BD10B50400200000F0A4FAD5
:10D7000010BD10B50400200004F026F9001D10BD66
:10D7100010B50400200004F01FF910BD15B50C0071
:10D7200001A96846C046C0460300019A210000983E
:10D7300004F018F916BD10B50400200000F084FABA
:10D74000001D10BD70B504000D0016002000FFF78D
:10D7500089FF02003100280004F015F970BD38B5CA
:10D760000400200004F01CF905002000FFF7D0FFA2
:10D7700029680068091A4FF41E7091FBF0F032BD61
:10D78000F8B504000D0016001F002000FFF76AFF27
:10D7900003003A003100280004F009F9F2BD10B589
:10D7A0000400200000F050FA083010BD70B50400ED
:10D7B0000D00160032002900200004F015F970BD9C
:10D7C00070B505000C002800FFF795FF00210160EF
:10D7D0002800FFF7B0FF002101602800FFF7DFFFFE
:10D7E00000210160002C01D100202AE0280004F073
:10D7F00004F9A04202D2E2F745FF21E02800FFF73A
:10D8000031FF210004F002F906002800FFF773FF42
:10D8100006602800FFF78FFF06002800FFF76BFF68
:10D82000006830602800FFF7BAFF06002800FFF705
:10D8300062FF00684FF41E7101FB04F10844306080
:10D84000012070BD10B50400200004F0E7F810BD01
:10D8500038B504000D002800C046C04601006A46E5
:10D86000200004F0E3F831BD10B504002000FFF7FC
:10D87000E9FF200010BD00004FF4806030490880AF
:10D88000704730490880704780B52E48B0F90000D5
:10D8900010F1010F02D100F004F801E000F00BF8E4
:10D8A00001BD80B50A2028490880642027490880E6
:10D8B00000F006F801BD4FF48060254908807047EC
:10D8C00024490878002805D11F480088224A1060A2
:10D8D0000120087021490878002816D01E4A1068D7
:10D8E000002808D04FF48060194B18801068106829
:10D8F000401E106009E015480088194A1060002099
:10D9000008701848012202700078164A1078002822
:10D9100015D0134B1868002808D04FF480600849D0
:10D92000088018681868401E186008E006480088DB
:10D93000094B1860012008700020107010787047A3
:10D9400018040240BE000020C0000020C2000020D9
:10D950001A040240A330002024300020C700002019
:10D9600020300020A430002010B50400200004F076
:10D970007DF8002801D1012000E00020C0B210BDD8
:10D9800076B50400200004F071F8002801D0E2F719
:10D99000FFFE2000406AC046050001A8C046C04600
:10D9A00006006846C046C0463200010028002B68C9
:10D9B0009B68984773BD38B58AB004000D002800F5
:10D9C000C046C0460100684604F05CF8210004F03F
:10D9D00065F8684600F0ECF820000BB030BD0000A0
:10D9E00010B50400002062490860210089B20A20B5
:10D9F00041436048016000205F49088001215F4881
:10DA000004F098F810BD80B500215C4804F092F84D
:10DA100001BD18B585B05A484068019059480021A9
:10DA200001600021416001215FF4001004F02DF934
:10DA300001215FF4003004F036F953485349016086
:10DA400053499DF8052051F8221081619DF8061078
:10DA500080F824109DF8071080F825104D4981604A
:10DA60004D4941605FF00061C1604C4941614C49E2
:10DA70000161022141844B49C1610221018404F00A
:10DA80005FF90121202004F00EF942F2CF00ADF839
:10DA900008000020ADF80A004FF6FF700390002048
:10DAA000ADF8100000208DF81200344C02A92000BF
:10DAB00003F0FCFF0121200004F02DF801220121D8
:10DAC000200004F055F80021200004F033F8002075
:10DAD0002949088001208DF8030037208DF80000C7
:10DAE00002208DF8010000208DF80200684604F045
:10DAF00080FA06B010BD80B500201F490880FFF7EE
:10DB000082FF20490868002801D00868804701BDCD
:10DB1000254A1080254A1160704738B504000D0071
:10DB20000020184908722A00D2B22100164804F0D9
:10DB300087F931BD38B5144D280004F0FEF9040012
:10DB4000200080B2002809D117480088FFF748FF5D
:10DB500016480168280004F0B6F908E0FFF753FF03
:10DB600008494868002802D00C724868804731BDD7
:10DB7000241400402C1400401014004000140040F5
:10DB800000000A08A02F0020582D0020004400406B
:10DB900020AF040888600240A0600240400F0020CF
:10DBA00000003D2000000240983000202830002076
:10DBB00010B50400200004F05BFA200010BD10B581
:10DBC00004002000F4F7EEFD200010BD38B504007D
:10DBD000200004F053FA0500200004F056FA01007A
:10DBE00028680968401A32BD10B50400200004F00E
:10DBF0004CFA006804F04FFA10BD10B50400200084
:10DC000000F0DFFA002801D1012000E00020C0B2BE
:10DC100010BD76B50400200000F0D3FA002801D032
:10DC2000E2F7B6FD2000406AC046050001A8C046E4
:10DC3000C04606006846C046C046320001002800C3
:10DC40002B689B68984773BD10B504002000C04640
:10DC5000C04610BD70B504000D001600320029004A
:10DC6000200004F01EFA200070BD70B504000D0005
:10DC7000200001000020060028000100002086424C
:10DC800001D0012000E00020C0B2002803D029000C
:10DC90002000C046C04620682968884201D1012082
:10DCA00000E00020C0B270BD016811F51E71016076
:10DCB000704770B58AB004000D00200000F08DFAA6
:10DCC000002814D1280000F088FA00280FD1200085
:10DCD000406AC04606002800406AC0460100200095
:10DCE0004162C046310028004162C0461AE06846E1
:10DCF000FAF72AF82000C046C0460100684604F042
:10DD0000D6F92800C046C0460100200004F0CFF933
:10DD10006846C046C0460100280004F0C8F96846BD
:10DD2000FAF76BFB0AB070BD2DE9FF4704000D0048
:10DD30001600280004F0E8F9D0F800A0280000F050
:10DD40000CF90768280000F008F9D0F80080504668
:10DD500004F0E3F90078002801D1012000E0002060
:10DD6000C0B200283FD051462800FAF7FCFA81469D
:10DD70002800FAF703FB32004946E2F754FF002877
:10DD800001D0012000E00020C0B2002805D050469C
:10DD900004F0C9F900688246D9E7404604F0BDF9AD
:10DDA0000078002813D051462800FAF7DCFA8146A3
:10DDB0002800FAF7E3FA4A463100E2F734FF002878
:10DDC00001D1012000E0002090F0010000E00020DF
:10DDD000C0B2002800D0D0465746504604F0A9F9FA
:10DDE00000688246B3E7404604F097F900780028BF
:10DDF00005D0280004F088F9D0F8009004E04046EF
:10DE000004F097F9D0F80090484604F086F90078BD
:10DE1000002801D1012000E00020C0B2002820D05D
:10DE200049462800FAF79FFA82462800FAF7A6FA30
:10DE300052463100E2F7F7FE002801D0012000E051
:10DE40000020C0B2002806D0C846484604F071F948
:10DE500000688146D8E7484604F065F900688146C5
:10DE6000D2E7280000F066F802003900684600F0AA
:10DE700069F8280000F05EF80200414601A800F0B1
:10DE800061F80200694602A804F059F90200D2E9DB
:10DE90000001C4E90001BDE8FF8713B5140001A922
:10DEA000684604F05CF9002801D0012000E0002061
:10DEB000C0B2002806D02068401C2060684604F0EC
:10DEC0005CF9ECE713BDF8B504000D00200004F088
:10DED0001BF90668200000F040F80768300004F0E5
:10DEE0001CF90078002801D1012000E00020C0B218
:10DEF00000281DD031002000FAF735FA2A00010071
:10DF0000200004F041F9002801D0012000E00020A9
:10DF1000C0B2002805D0300004F005F90068060002
:10DF2000DCE73700300004F004F900680600D5E7AC
:10DF30003800F2BD10B504002000C046C046C046FF
:10DF4000C04610BD70B504000D0016003200290057
:10DF5000200004F025F9200070BD10B50400200059
:10DF6000FFF7E8FF10BD10B5040020001030C046D8
:10DF700010BD38B504000D002800C046C04632BDB3
:10DF800010B5040020681030C04610BD10B5040064
:10DF9000200004F00BF910BD38B50400200000F09B
:10DFA00010F9002814D12000406AC0460500200066
:10DFB00000F013F9002801D1012100E00021C9B2CD
:10DFC00028002A68D2689047002120004162C0469C
:10DFD00031BD70B504000D0016003000C046C046CB
:10DFE00002002900200004F0E7F870BD38B50400F5
:10DFF0000D005FF0FF3300222900200004F0F1F84B
:10E0000032BD38B504000D00290020000120C046B3
:10E0100032BD70B504000D001600AC4206D02100E0
:10E020003000E1F7BEFF18361834F6E7300070BD57
:10E030002DE9F64104000D001E002000C046C04638
:10E0400007002800C046C04680460198C046C0462A
:10E05000330002004146380004F013F9010001A822
:10E060000160C0460068BDE8F68110B504002000DC
:10E07000C046C046C046C04610BD70B504000D0085
:10E08000160032002900200004F00BF9200070BDBA
:10E0900070B504000D00160032002900200004F0C5
:10E0A00006F9200070BDF8B504000D001600300020
:10E0B000C046C0460100200004F0FFF80700380009
:10E0C00004F023F93B0002002900200004F023F9AA
:10E0D000F2BD2DE9F84304000D001600280004F0FD
:10E0E000A3FA002813D000275FF000082000C046E4
:10E0F000C04681462800C046C0463300020049465B
:10E10000684604F09BFA494620004162C046BDE8DB
:10E11000F18310B504002000C046C04600680D30F1
:10E12000C0460078002801D1012000E00020C0B2E4
:10E13000002805D02000C046C04600680400EAE779
:10E14000200010BD10B50400024801782000012015
:10E15000C04610BD577103082DE9F04104000D00C1
:10E1600016001F003800C046C04680463000C0463A
:10E17000C046434602002900200004F074FABDE8BE
:10E18000F081000010B50400024801782000012051
:10E19000C04610BD3B7A03082DE9F04104000D0094
:10E1A00016001F003800C046C04680463000C046FA
:10E1B000C046434602002900200004F069FABDE889
:10E1C000F08110B504002000406AC046002801D14B
:10E1D000012000E00020C0B210BD38B504002000CE
:10E1E000406AC04605002000C046C046854201D1B5
:10E1F000012000E00020C0B232BD0000DFF838018D
:10E200000068002807D5DFF83401DFF83411016019
:10E21000DFF8301101607047DFF81C01016851F030
:10E220000041016070472DE9F04104000D0000201D
:10E2300008262900C9B2002901D100270FE02900D2
:10E24000C9B2012902D14FF4807708E02900C9B290
:10E25000022902D14FF4007701E04FF4407700F03B
:10E2600075F880464046C0B2082820D1DFF8C86063
:10E27000306830F440703060306838433060306867
:10E2800030F0F8003060316854F002000143316032
:10E29000306850F48030306000F058F880463068C4
:10E2A00030F002003060306830F0F80030604046F6
:10E2B000C0B2BDE8F081F8B504000D00082700F0F9
:10E2C00045F806003000C0B2082814D11A4F38684B
:10E2D00030F440703860386850F400703860386846
:10E2E00050F001003860256000F030F80600386812
:10E2F0004008400038603000C0B2F2BD12490860EA
:10E300007047082110480268D20301D5012010E0AF
:10E310000268D20601D505200BE0026812F0EF0F6B
:10E3200001D0062005E00068800701D5072000E045
:10E330000820C0B270470000103C0240043C02407C
:10E3400023016745AB89EFCD0C3C024080B5082026
:10E350008DF80000FFF7D5FF8DF800009DF8000054
:10E36000012804D1FFF7CDFF8DF80000F6E79DF8F6
:10E37000000002BD10B50400024801782000012011
:10E38000C04610BDD69803082DE9F04104000D00E9
:10E3900016001F003800C046C04680463000C04608
:10E3A000C046434602002900200004F086F9BDE87B
:10E3B000F081000010B5040002480178200001201F
:10E3C000C04610BDD79803082DE9F04104000D00A8
:10E3D00016001F003800C046C04680463000C046C8
:10E3E000C046434602002900200004F07BF9BDE846
:10E3F000F081000010B504000248017820000120DF
:10E40000C04610BD8B7903082DE9F04104000D00D2
:10E4100016001F003800C046C04680463000C04687
:10E42000C046434602002900200004F070F9BDE810
:10E43000F081000010B5040002480178200001209E
:10E44000C04610BD03A503082DE9F04104000D00EE
:10E4500016001F003800C046C04680463000C04647
:10E46000C046434602002900200004F065F9BDE8DB
:10E47000F081000010B5040002480178200001205E
:10E48000C04610BD5B9203082DE9F04104000D0069
:10E4900016001F003800C046C04680463000C04607
:10E4A000C046434602002900200004F05AF9BDE8A6
:10E4B000F081000010B5040002480178200001201E
:10E4C000C04610BDAAA303082DE9F04104000D00C9
:10E4D00016001F003800C046C04680463000C046C7
:10E4E000C046434602002900200004F04FF9BDE871
:10E4F000F08170B504000D001600AC4207D0310069
:10E500002000E2F72FF8002801D11834F5E72000A9
:10E5100070BD38B504000D002900200004F04BF94F
:10E5200032BDF8B505000E001700310004200800C8
:10E53000C0460400002C05D03800C046C046006824
:10E54000206000E00020F1BD10B504000248017811
:10E5500020000120C04610BDDB7803082DE9F04102
:10E5600004000D0016001F003800C046C04680465B
:10E570003000C046C046434602002900200004F097
:10E5800028F9BDE8F08110B50400200004F036F948
:10E5900010BD2DE9FC4704000D0016001F00DDF83A
:10E5A00028804046C046C04681463800C046C04626
:10E5B00082463000C046C046CDF800905346020067
:10E5C0002900200004F025F9BDE8F38710B5040008
:10E5D0002000001DC04610BD38B5040020680D3075
:10E5E000C0460078002801D0012000E00020C0B221
:10E5F000002835D120680830C04600680D30C0467C
:10E600000078002801D1012000E00020C0B20028DD
:10E6100007D020680830C046006804F027F9206061
:10E620001EE02068001DC0460068050028000D306F
:10E63000C046007800280CD128000830C046216868
:10E640000068814201D0012000E0002090F001002C
:10E6500000E00020C0B2002801D02560E1E725607D
:10E66000200032BD70B504000D0016002560310099
:10E670002000C046C046200070BD10B50400200038
:10E68000C046C04610BD002101600021416000214C
:10E690008160704730B414680B1A182593FBF5F3AA
:10E6A0001C19146030BC70472DE9F64104000D00C0
:10E6B0001E002000C046C04607002800C046C046D5
:10E6C00080460198C046C0463300020041463800EB
:10E6D00004F0E5F8010001A80160C0460068BDE84B
:10E6E000F68100007CB504000D001600009601AB19
:10E6F0002A0005480178200004F0E1F8200004F029
:10E70000F6F8200076BD00BFD651030810B504000E
:10E71000200004F0F7F810BD10B50400200000F050
:10E7200004F8006804F002F910BD10B504002000E0
:10E7300000F019F810BD10B5040020000D30C046DF
:10E7400010BD10B504002000C046C04610BD10B575
:10E75000040020000830C04610BD10B504002000A1
:10E76000C046C04610BD10B504002000C046C046DB
:10E77000C046C04610BD70B504000D001600320042
:10E780002900200004F0D8F8200070BD70B5040006
:10E790000D0016002800C046C0460068206030000A
:10E7A000C046C04600686060200070BD38B50400F7
:10E7B0000D0029002000F5F74DF9002801D10120B6
:10E7C00000E00020C0B232BD10B50400200004F00B
:10E7D000B9F8200010BD70B504000D00160020002F
:10E7E000FFF7AFFF32002900E2F71DFA70BD10B548
:10E7F00004002000FFF7BFFF10BD10B50400206823
:10E800001030C04610BD10B504002000C046C04600
:10E8100010BDF8B50400200000F045F8012104F017
:10E82000D7F805002800FFF798FF06002000FAF748
:10E8300065FC0700300004F0D3F80600200000F06B
:10E8400032F83A00310004F0D1F8280004F06EF8F4
:10E8500006002000FAF752FC0700300004F0C0F870
:10E860000600200000F01FF83A00310004F0BEF866
:10E870002800FFF76CFF06002000FAF73FFC0700B6
:10E88000300004F0ADF80600200000F00CF83A006B
:10E89000310004F0ABF82800F2BD10B504002000F0
:10E8A0000C30C04610BD10B504002000C046C04664
:10E8B000C046C04610BD2DE9FC4704000D001600FF
:10E8C0001F00DDF828804046C046C046814638001B
:10E8D000C046C04682463000C046C046CDF80090D3
:10E8E000534602002900200004F08DF8BDE8F387AC
:10E8F00010B50400200004F0A3F8200010BD10B5EE
:10E900000400200004F0A2F8006810BD2DE9F84FC3
:10E9100004000D0016001F00DDF82880200004F020
:10E920009CF88146200004F09FF8D9F80010401EA2
:10E93000814205D34146200004F09FF8E1F7A2FE92
:10E940003800C046C04602004146200003000800CF
:10E950008146200004F081F80168491C0160C9F873
:10E9600004602000FAF7CAFB006886420FD120003D
:10E97000FFF7D2FEC0F80090200004F095F8C0F830
:10E980000090200000F05CF9C0F8009030E0280012
:10E99000C0B2002816D03000FFF7DFFEC0F80090AC
:10E9A000200004F081F80068864201D1012000E0D7
:10E9B0000020C0B200281BD0200004F075F8C0F879
:10E9C000009015E03000FFF7C2FEC0F80090200074
:10E9D00000F036F90068864201D1012000E00020F5
:10E9E000C0B2002804D0200000F02AF9C0F800903E
:10E9F000CA46504603F09AFF0068FFF74EFF0078C2
:10EA0000002801D1012000E00020C0B2002800F061
:10EA1000F480504603F08AFF8346504603F086FF99
:10EA2000006803F083FF0068FFF797FEDBF8001033
:10EA30000068814201D1012000E00020C0B200281E
:10EA40006DD0504603F072FF006803F06FFF00685E
:10EA5000FFF77DFE006806003000FFF71EFF00781C
:10EA6000002801D1012000E00020C0B2002820D001
:10EA7000504603F05BFF0068FFF70FFF01210170B4
:10EA80003000FFF70AFF01210170504603F04EFFEE
:10EA9000006803F04BFF0068FFF7FFFE00210170E4
:10EAA000504603F043FF006803F040FF00688246D1
:10EAB0009FE7504603F03AFF0068FFF748FE006802
:10EAC000824501D1012000E00020C0B2002808D01A
:10EAD000504603F02BFF006882465146200003F0A9
:10EAE000ECFF504603F022FF0068FFF7D6FE01213D
:10EAF0000170504603F01AFF006803F017FF00682A
:10EB0000FFF7CBFE00210170504603F00FFF0068B5
:10EB100003F00CFF0168200004F036F869E7504666
:10EB200003F004FF006803F001FF0068FFF715FE23
:10EB3000006806003000FFF7B0FE0078002801D121
:10EB4000012000E00020C0B2002820D0504603F091
:10EB5000EDFE0068FFF7A1FE012101703000FFF714
:10EB60009CFE01210170504603F0E0FE006803F0B6
:10EB7000DDFE0068FFF791FE00210170504603F0B2
:10EB8000D5FE006803F0D2FE0068824631E75046A9
:10EB900003F0CCFE0068FFF7E0FD0068824501D17C
:10EBA000012000E00020C0B2002808D0504603F049
:10EBB000BDFE006882465146200003F0E5FF504646
:10EBC00003F0B4FE0068FFF768FE012101705046B3
:10EBD00003F0ACFE006803F0A9FE0068FFF75DFEDD
:10EBE00000210170504603F0A1FE006803F09EFE74
:10EBF0000168200003F061FFFBE62000FFF78CFDB9
:10EC00000068FFF74AFE012101702000FAF763FA5D
:10EC1000020049466846FAF766FA0068BDE8F28FD6
:10EC200038B50400200003F03FFF05002000FAF78C
:10EC300052FA020029686846FAF755FA006832BDB0
:10EC400010B504002000FFF770FD0068FFF77FFD9E
:10EC500010BD10B50400200003F0FDFF200010BD22
:10EC60002DE9F44F8CB080460C001D002000FFF70A
:10EC700053FD06682000FAF741FAD0F8009001270A
:10EC80003000FFF758FD0078002801D1012000E096
:10EC90000020C0B200283DD0B1469DF830000028C9
:10ECA00016D031002000F4F7DEFE82462900200055
:10ECB000FAF730FA83462000F4F7E0FE5A46514650
:10ECC000E1F7B1FF002801D1012713E0002711E08F
:10ECD00029002000FAF71EFA824631002000F4F7DE
:10ECE000C2FE83462000F4F7C9FE5A465146E1F7BA
:10ECF0009AFF07003800C0B2002805D03000FFF7A7
:10ED00002CFD00680600BBE73000FFF720FD00681F
:10ED10000600B5E72000FAF7DEF90200494602A82E
:10ED2000FAF7E1F93800C0B200282DD02000FFF733
:10ED300077FF059005A902A8F4F78CFE002801D002
:10ED4000012000E00020C0B200281AD02800C046F0
:10ED5000C0461699009103004A4601212000FFF7A2
:10ED6000D5FD049001208DF805000DF1050204A9E0
:10ED70000AA803F0C8FF0200D2E90001C8E90001B7
:10ED80004AE002A803F0CFFF02A80068C0460100D5
:10ED90002000F4F768FE824629002000FAF7BAF94D
:10EDA00083462000F4F76AFE5A465146E1F73BFFDE
:10EDB000002801D0012000E00020C0B200281AD0B5
:10EDC0002800C046C0461699009103004A46390003
:10EDD000C9B22000FFF79AFD039001208DF80400CE
:10EDE00001AA03A908A803F08EFF0200D2E90001DE
:10EDF000C8E9000110E01699200003F03EFE002053
:10EE00008DF800006A4602A906A803F093FF0200ED
:10EE1000D2E90001C8E900010DB0BDE8F08F38B5B6
:10EE20000400200000F0C2F80168200003F092FF07
:10EE3000200000F0BBF805002000FAF7E0FB0068B6
:10EE40002860200003F0B8FF05002000FAF7D7FB88
:10EE500000682860200000F0F1FA05002000FAF7B1
:10EE6000CEFB00682860200003F0AFFF00210160A6
:10EE700031BD10B504002000C046C046C046C046A3
:10EE800010BD10B504002000C046C046C046C046B4
:10EE900010BD38B504000D002900200003F09CFFD0
:10EEA000002801D1012000E00020C0B232BD10B521
:10EEB00004002000C046C04610BD2DE9F04104000A
:10EEC0000D001600200000F071F80700280000F087
:10EED0006DF880462000FAF792FB33000268D8F8FC
:10EEE0000010200003F080FF3860200003F06DFF69
:10EEF0000700280000F001F93860200000F056F803
:10EF0000006800F062F80078002801D1012000E0DC
:10EF10000020C0B2002816D0200003F04DFF0700EB
:10EF2000200000F043F8006803F0BCFF38602000C8
:10EF300000F084FA0700200000F038F8006803F0C1
:10EF4000B7FF386011E0200003F036FF0700200013
:10EF5000FAF755FB00683860200000F06FFA0700F0
:10EF60002000FAF74CFB00683860BDE8F08110B56E
:10EF70000400200003F0A2FF200003F0AEFF2000F9
:10EF800010BD10B50400200003F0AEFF10BDF8B5B1
:10EF900004000D0016001F002000F2F721F9030005
:10EFA0003A003100280003F0B3FFF2BD10B50400B1
:10EFB000200000F004F8006803F0C7FF10BD10B592
:10EFC0000400200003F0C7FF10BD10B504002000AE
:10EFD0000D30C04610BD70B504000D0016002000B5
:10EFE000FFF765FF32002900E1F71DFE70BD10B587
:10EFF000040020000830C04610BD10B504002000F9
:10F00000C046C04610BD10B50400200003F0ABFFA1
:10F0100010BDF8B504002000FFF733FF012103F015
:10F02000ADFF05002800FFF7E8FF06002000FAF713
:10F03000E6FA0700300003F0A9FF06002000FFF702
:10F0400020FF3A00310003F0A7FF280003F07DFF06
:10F0500006002000FAF7D3FA0700300003F096FF0D
:10F0600006002000FFF70DFF3A00310003F094FF87
:10F070002800FFF7BCFF06002000FAF7C0FA0700DF
:10F08000300003F083FF06002000FFF7FAFE3A008D
:10F09000310003F081FF2800F2BD10B5040020000C
:10F0A0000C30C04610BD10B504002000C046C0465C
:10F0B00010BD2DE9FC4704000D0016001F00DDF80F
:10F0C00028804046C046C04681463800C046C046FB
:10F0D00082463000C046C046CDF80090534602003C
:10F0E0002900200003F065FFBDE8F38710B5040098
:10F0F000200003F07BFF200010BD10B504002000AD
:10F1000003F07AFF006810BD2DE9F84F04000D00F0
:10F1100016001F00DDF82880200003F056FE81460F
:10F12000200003F070FFD9F80010401E814205D383
:10F130004146200003F070FFE1F7A4FA3800C04612
:10F14000C04602004146200003000800814620001E
:10F1500003F03BFE0168491C0160C9F8046020000F
:10F16000FAF74DFA006886420FD12000FFF71EFF24
:10F17000C0F80090200003F01FFEC0F800902000AF
:10F1800000F05CF9C0F8009030E02800C0B2002820
:10F1900016D03000FFF731FFC0F80090200003F0D8
:10F1A0000BFE0068864201D1012000E00020C0B2C1
:10F1B00000281BD0200003F0FFFDC0F8009015E0F0
:10F1C0003000FFF714FFC0F80090200000F036F97F
:10F1D0000068864201D1012000E00020C0B2002872
:10F1E00004D0200000F02AF9C0F80090CA4650462A
:10F1F00003F0ABFE0068FFF750FF0078002801D154
:10F20000012000E00020C0B2002800F0F480504649
:10F2100003F09BFE8346504603F097FE006803F020
:10F2200094FE0068FFF7E9FEDBF8001000688142F9
:10F2300001D1012000E00020C0B200286DD050466E
:10F2400003F083FE006803F080FE0068FFF7CFFE46
:10F25000006806003000FFF720FF0078002801D189
:10F26000012000E00020C0B2002820D0504603F06A
:10F270006CFE0068FFF711FF012101703000FFF7FD
:10F280000CFF01210170504603F05FFE006803F09F
:10F290005CFE0068FFF701FF00210170504603F09B
:10F2A00054FE006803F051FE006882469FE7504616
:10F2B00003F04BFE0068FFF79AFE0068824501D11B
:10F2C000012000E00020C0B2002808D0504603F022
:10F2D0003CFE006882465146200003F0B4FE5046D2
:10F2E00003F033FE0068FFF7D8FE0121017050469D
:10F2F00003F02BFE006803F028FE0068FFF7CDFE48
:10F3000000210170504603F020FE006803F01DFE4E
:10F310000168200003F0FEFE69E7504603F015FE89
:10F32000006803F012FE0068FFF767FE0068060041
:10F330003000FFF7B2FE0078002801D1012000E084
:10F340000020C0B2002820D0504603F0FEFD006827
:10F35000FFF7A3FE012101703000FFF79EFE01219F
:10F360000170504603F0F1FD006803F0EEFD006807
:10F37000FFF793FE00210170504603F0E6FD0068A0
:10F3800003F0E3FD0068824631E7504603F0DDFDFF
:10F390000068FFF732FE0068824501D1012000E0DD
:10F3A0000020C0B2002808D0504603F0CEFD00680F
:10F3B00082465146200003F0ADFE504603F0C5FDE5
:10F3C0000068FFF76AFE01210170504603F0BDFDA1
:10F3D000006803F0BAFD0068FFF75FFE00210170CE
:10F3E000504603F0B2FD006803F0AFFD0168200055
:10F3F00003F029FEFBE62000FFF7D8FD0068FFF7C9
:10F400004CFE012101702000FAF7E6F8020049469F
:10F410006846FAF7E9F80068BDE8F28F38B50400ED
:10F42000200003F0C9FC05002000FAF7D5F802001F
:10F4300029686846FAF7D8F8006832BD10B50400AC
:10F440002000FFF7BCFD0068FFF7D1FD10BD10B52F
:10F450000400200003F0C5FE200010BD10B504001C
:10F46000200003F016FF200010BD2DE9F44F8CB0F2
:10F4700080460C001D002000FFF798FD0668200064
:10F48000FAF7BDF8D0F8009001273000FFF79DFD96
:10F490000078002801D1012000E00020C0B200283F
:10F4A0003DD0B1469DF83000002816D03100200034
:10F4B000F4F76EFB824629002000FAF7ACF8834689
:10F4C0002000F4F770FB5A465146E1F7ACFB0028E8
:10F4D00001D1012713E0002711E029002000FAF7ED
:10F4E0009AF8824631002000F4F752FB8346200050
:10F4F000F4F759FB5A465146E1F795FB07003800EF
:10F50000C0B2002805D03000FFF777FD0068060084
:10F51000BBE73000FFF76BFD00680600B5E7200091
:10F52000FAF75AF80200494602A8FAF75DF83800DF
:10F53000C0B200282DD02000FFF770FF059005A96C
:10F5400002A8F4F71CFB002801D0012000E00020F5
:10F55000C0B200281AD02800C046C04616990091B3
:10F5600003004A4601212000FFF7CEFD0490012050
:10F570008DF805000DF1050204A90AA803F0CFFEDD
:10F580000200D2E90001C8E900014AE002A803F044
:10F59000D6FE02A80068C04601002000F4F7F8FA81
:10F5A000824629002000FAF736F883462000F4F757
:10F5B000FAFA5A465146E1F736FB002801D00120FD
:10F5C00000E00020C0B200281AD02800C046C04683
:10F5D0001699009103004A463900C9B22000FFF78E
:10F5E00093FD039001208DF8040001AA03A908A847
:10F5F00003F095FE0200D2E90001C8E9000110E025
:10F600001699200003F008FD00208DF800006A46DE
:10F6100002A906A803F09AFE0200D2E90001C8E997
:10F6200000010DB0BDE8F08F10B504002068103067
:10F63000C04610BD10B504002000001DC04610BD1E
:10F6400010B50400200003F091FE10BD38B5040091
:10F6500020680D30C0460078002801D0012000E06D
:10F660000020C0B2002835D120680830C0460068AC
:10F670000D30C0460078002801D1012000E00020B4
:10F68000C0B2002807D020680830C046006803F0E8
:10F6900078FE20601EE02068001DC046006805005E
:10F6A00028000D30C046007800280CD12800083012
:10F6B000C04621680068814201D0012000E000209E
:10F6C00090F0010000E00020C0B2002801D02560C9
:10F6D000E1E72560200032BD7CB504000D00160076
:10F6E000009601AB2A0005480178200003F062FE75
:10F6F000200003F077FE200076BD00BF17520308FC
:10F700002DE9F04704000D0016001F002000F4F75B
:10F71000E0FCD0F800802800FAF742FA00780028D0
:10F7200001D1012000E00020C0B200283ED0280016
:10F73000F4F7D5FC1F490B781F490A780100200017
:10F7400003F05BFE8146C9F804602800FBF705FA68
:10F75000007889F80C004046FAF722FA0078002871
:10F7600001D0012000E00020C0B2002800D0C8462F
:10F770004846FAF727FA82462800FAF723FA3B00B0
:10F780004A4601682000FFF7BBFFCAF80000484660
:10F79000FAF712FA82462800FAF70EFA3B004A46B8
:10F7A00001682000FFF7ACFFCAF800004046BDE842
:10F7B000F08700BFA75903085752030810B504008B
:10F7C0002000F4F773FC001D10BD10B504002000EC
:10F7D000FAF7E0F90068FAF7F5F910BD10B5040082
:10F7E000200003F012FE10BD10B50400200003F04D
:10F7F00025FE10BD10B504002000001DC04610BD40
:10F8000010B50400200003F032FE10BD38B504002E
:10F8100020680D30C0460078002801D0012000E0AB
:10F820000020C0B2002835D120680830C0460068EA
:10F830000D30C0460078002801D1012000E00020F2
:10F84000C0B2002807D020680830C046006803F026
:10F85000DCFD20601EE02068001DC0460068050039
:10F8600028000D30C046007800280CD12800083050
:10F87000C04621680068814201D0012000E00020DC
:10F8800090F0010000E00020C0B2002801D0256007
:10F89000E1E72560200032BD7CB504000D001600B4
:10F8A000009601AB2A0005480178200003F0EAFD2C
:10F8B000200003F0FFFD200076BD00BF16520308B4
:10F8C0002DE9F04704000D0016001F002000F4F79A
:10F8D0004AFDD0F800802800FAF748FA007800289E
:10F8E00001D1012000E00020C0B200283ED0280055
:10F8F000F4F73FFD1F490B781F490A7801002000EB
:10F9000003F0E3FD8146C9F804602800D8F763FCE2
:10F91000007889F80C004046FAF728FA00780028A9
:10F9200001D0012000E00020C0B2002800D0C8466D
:10F930004846FAF72DFA82462800FAF729FA3B00E2
:10F940004A4601682000FFF7BBFFCAF8000048469E
:10F95000FAF718FA82462800FAF714FA3B004A46EA
:10F9600001682000FFF7ACFFCAF800004046BDE880
:10F97000F08700BFA65903085652030810B50400CB
:10F980002000F4F7DDFC001D10BD10B504002000C0
:10F99000FAF7E6F90068FAF7FBF910BD10B50400B4
:10F9A000200003F09AFD10BD10B50400200003F004
:10F9B000ADFD10BD10B504002000001DC04610BDF7
:10F9C00010B50400200003F0BAFD10BD38B50400E6
:10F9D00020680D30C0460078002801D0012000E0EA
:10F9E0000020C0B2002835D120680830C046006829
:10F9F0000D30C0460078002801D1012000E0002031
:10FA0000C0B2002807D020680830C046006803F064
:10FA100064FD20601EE02068001DC04600680500EF
:10FA200028000D30C046007800280CD1280008308E
:10FA3000C04621680068814201D0012000E000201A
:10FA400090F0010000E00020C0B2002801D0256045
:10FA5000E1E72560200032BD17B583B00400200027
:10FA6000FBF737FD029002A904A8F0F7EAFD002891
:10FA70000FD02000F0F7D5FD019001A905A8F0F7FF
:10FA8000E0FD002801D1012000E0002090F00100FD
:10FA900000E00020C0B2002806D0200003F05AFD8C
:10FAA0002000FBF716FD1DE005A904A8FAF799F957
:10FAB000002801D0012000E00020C0B2002808D0BA
:10FAC000002104A803F070FD0100200003F074FD84
:10FAD000EAE72000F4F734FC020004996846F4F7E2
:10FAE00037FC006806B010BD10B504002000F4F724
:10FAF0003AFC0168200004F035F8200010BD17B56D
:10FB000083B004002000FBF7EBF9029002A904A8DF
:10FB1000F0F724FD00280FD02000F0F70FFD019032
:10FB200001A905A8F0F71AFD002801D1012000E085
:10FB3000002090F0010000E00020C0B2002806D0B4
:10FB4000200004F03EF82000FBF7CAF91DE005A9EB
:10FB500004A8FAF760F8002801D0012000E0002096
:10FB6000C0B2002808D0002104A804F054F8010015
:10FB7000200004F058F8EAE72000F4F797FA0200B2
:10FB800004996846F4F79AFA006806B010BD10B5FB
:10FB900004002000F4F79DFA0168200004F019FB2E
:10FBA000200010BD38B5040015002800C046C0462E
:10FBB0000100200004F03CFB200004F03FFB20008B
:10FBC00032BD10B504002000C046C04610BD10B5BF
:10FBD00004002000FFF7F5FF083010BD10B5040049
:10FBE0002000C046C04610BD10B50400200004F03F
:10FBF0002CFB10BD38B504002000FFF7E8FF05001E
:10FC00002000FAF760F9010028680968401A80109E
:10FC100032BD38B504000D002900200004F01BFBA4
:10FC200032BDF8B504000D0016001F002000F4F7E7
:10FC30002CFC03003A003100280004F015FBF2BD53
:10FC400070B504000D00160032002900200004F0F9
:10FC500028FB70BDF8B505000E0017003100042028
:10FC60000800C0460400002C05D03800C046C0463D
:10FC70000068206000E00020F1BDF8B505000E002E
:10FC80001700310004200800C0460400002C05D0F5
:10FC90003800C046C0460068206000E00020F1BD8A
:10FCA00070B504000D001600256031002000C0462C
:10FCB000C046200070BD10B504002000C046C046FC
:10FCC00010BD01EB42030360704700680968884279
:10FCD00001D1012000E00020C0B2704710B504003F
:10FCE000200004F0E7FA10BD38B504000D0028002C
:10FCF000C046C04601006A46200004F0E3FA31BD68
:10FD000038B504000D002800C046C04601006A4610
:10FD1000200004F0F7FA31BD38B504000D002800CA
:10FD2000C046C04601006A46200004F00BFB31BD0E
:10FD300038B504000D002800C046C04601006A46E0
:10FD4000200004F01FFB31BD38B504000D00280071
:10FD5000C046C04601006A46200004F033FB31BDB6
:10FD600038B504000D002800C046C04601006A46B0
:10FD7000200004F047FB31BD70B504000D001600F3
:10FD800032002900200004F05DFB200070BD38B572
:10FD90000400200004F05CFB0500200004F060FB80
:10FDA0002A000168684604F061FB006832BDF8B5BE
:10FDB00004000D0016003000C046C04601002000BF
:10FDC00004F05FFB0700380000F026F93B0002005A
:10FDD0002900200004F07DFBF2BD2DE9FF4704005F
:10FDE0000D001600280004F0FCFCD0F800A028004C
:10FDF00000F00CF90768280000F008F9D0F800803E
:10FE0000504604F0F7FC0078002801D1012000E002
:10FE10000020C0B200283FD051462800FAF7F7FA78
:10FE200081462800FAF7FEFA32004946E0F7FBFE69
:10FE3000002801D0012000E00020C0B2002805D039
:10FE4000504604F0DDFC00688246D9E7404604F0E5
:10FE5000D1FC0078002813D051462800FAF7D7FAD1
:10FE600081462800FAF7DEFA4A463100E0F7DBFE69
:10FE7000002801D1012000E0002090F0010000E006
:10FE80000020C0B2002800D0D0465746504604F0AB
:10FE9000BDFC00688246B3E7404604F0ABFC007846
:10FEA000002805D0280004F09CFCD0F8009004E065
:10FEB000404604F0ABFCD0F80090484604F09AFCB1
:10FEC0000078002801D1012000E00020C0B2002805
:10FED00020D049462800FAF79AFA82462800FAF715
:10FEE000A1FA52463100E0F79EFE002801D0012021
:10FEF00000E00020C0B2002806D0C846484604F002
:10FF000085FC00688146D8E7484604F079FC006823
:10FF10008146D2E7280000F066F802003900684602
:10FF200000F069F8280000F05EF80200414601A8E0
:10FF300000F061F80200694602A804F06DFC0200BE
:10FF4000D2E90001C4E90001BDE8FF8713B5140040
:10FF500001A9684604F070FC002801D0012000E0EF
:10FF60000020C0B2002806D02068401C20606846EF
:10FF700004F070FCECE713BDF8B504000D002000A0
:10FF800004F02FFC0668200000F040F807683000FD
:10FF900004F030FC0078002801D1012000E00020AE
:10FFA000C0B200281DD031002000FAF730FA2A0034
:10FFB0000100200004F055FC002801D0012000E0E1
:10FFC0000020C0B2002805D0300004F019FC006801
:10FFD0000600DCE73700300004F018FC006806007B
:10FFE000D5E73800F2BD10B504002000C046C04679
:10FFF000C046C04610BD70B504000D0016003200AA
:020000040803EF
:100000002900200004F039FC200070BD10B5040068
:100010002000FFF7E8FF10BD10B5040020001030ED
:10002000C04610BD38B504000D002800C046C046CB
:1000300032BD10B5040020681030C04610BD10B5A8
:100040000400200004F01FFC10BD38B504000D00B2
:1000500029006846C046C04669462000C046C046E2
:1000600031BDF8B504000D0016001F002000F1F7A7
:10007000B7F803003A003100280004F00AFCF2BD92
:1000800038B504000D002900200004F01FFC32BD2B
:1000900010B504002000C046C04610BD70B5040075
:1000A0000D0016003000C046C046020029002000A6
:1000B00004F015FC70BD2DE9FC4704000D0016008E
:1000C0001F00DDF828804046C046C0468146380003
:1000D000C046C04682463000C046C046CDF80090BB
:1000E000534602002900200004F006FCBDE8F38717
:1000F00010B5040020000021016010BD10B50400FF
:100100002000F9F77FFC001D10BD10B50400200091
:10011000F3F782FE001D10BD38B50400200004F086
:1001200018FC290004F01DFC32BD70B504000D0060
:100130002800F3F78AFEF9F7B5FC06002000FAF76D
:100140000CFA310004F013FC2000FAF706FA012241
:10015000290004F014FC70BD10B504002000F9F76C
:1001600033FC0068F9F748FC10BDF8B504000D0039
:100170002800F9F73BFC06682800F9F737FC070070
:100180003000F9F739FC006838603000F9F734FCCA
:100190000068F9F71FFC0078002801D1012000E079
:1001A0000020C0B2002806D03000F9F725FC006816
:1001B000FFF740FA05603000FFF73CFA070028001F
:1001C000FFF738FA006838602000F9F7F4FB0068A0
:1001D000854201D1012000E00020C0B2002804D0F7
:1001E0002000F9F7E8FB06601DE02800FFF722FA7F
:1001F0000068F9F701FC0068854201D1012000E0A8
:100200000020C0B2002807D02800FFF713FA0068CA
:10021000F9F7F2FB066006E02800FFF70BFA00682A
:10022000F9F7E4FB06603000F9F7E6FB056028000B
:10023000FFF700FA0660F1BDF8B504000D002800D4
:10024000F9F7DAFB06682800F9F7D6FB070030005B
:10025000F9F7CCFB006838603000F9F7C7FB00689D
:10026000F9F7B8FB0078002801D1012000E0002058
:10027000C0B2002806D03000F9F7B8FB0068FFF7DD
:10028000D9F905603000FFF7D5F907002800FFF71E
:10029000D1F9006838602000F9F78DFB00688542CD
:1002A00001D1012000E00020C0B2002804D02000CD
:1002B000F9F781FB06601DE02800FFF7BBF9006835
:1002C000F9F794FB0068854201D1012000E000208D
:1002D000C0B2002807D02800FFF7ACF90068F9F792
:1002E00085FB066006E02800FFF7A4F90068F9F72F
:1002F00083FB06603000F9F779FB05602800FFF703
:1003000099F90660F1BD38B5040020680D30C0468B
:100310000078002801D0012000E00020C0B20028B1
:1003200005D020680830C0460068206041E02068A1
:10033000C046C04600680D30C0460078002801D194
:10034000012000E00020C0B2002807D02068C0468D
:10035000C046006804F01DFB20602AE02068001DF4
:10036000C0460068050028000D30C046007800280F
:100370000CD12800C046C04621680068814201D0E7
:10038000012000E0002090F0010000E00020C0B259
:10039000002801D02560E1E720680D30C0460078D4
:1003A000002801D0012000E00020C0B2002800D1C8
:1003B0002560200032BD70B504000D001600280035
:1003C000C046C046006820603000C046C046007885
:1003D0002071200070BD10B504002000FAF793FAD8
:1003E000200010BD70B504000D0016002800C046A6
:1003F000C046006820603000C046C04600782071CA
:10040000200070BD38B504000D002900200004F064
:10041000D9FA32BD10B504002000C046C04610BD58
:1004200070B504000D0016003000C046C046020042
:100430002900200004F0CFFA70BD2DE9FC4704002C
:100440000D0016001F00DDF828804046C046C0465B
:1004500081463800C046C04682463000C046C0468D
:10046000CDF80090534602002900200004F0C0FAA5
:10047000BDE8F38710B5040020000021016010BD25
:1004800010B504002000F9F7A3FB001D10BD38B51E
:1004900004002000F0F711F8290004F0D6FA32BD6C
:1004A00070B504000D002800F3F719FEF9F7E0FB22
:1004B00006002000FAF757FB310004F0CCFA2000C8
:1004C000FAF751FB0122290004F0CDFA70BDF8B50E
:1004D00004000D002800F9F76FFB06682800F9F703
:1004E0006BFB07003000F9F76DFB006838603000E7
:1004F000F9F768FB0068F9F753FB0078002801D191
:10050000012000E00020C0B2002806D03000F9F73A
:1005100059FB0068FFF76EF905603000FFF76AF9D4
:1005200007002800FFF766F9006838602000F9F737
:1005300028FB0068854201D1012000E00020C0B204
:10054000002804D02000F9F71CFB06601DE02800FD
:10055000FFF750F90068F9F735FB0068854201D1D3
:10056000012000E00020C0B2002807D02800FFF7DB
:1005700041F90068F9F726FB066006E02800FFF75E
:1005800039F90068F9F718FB06603000F9F71AFB33
:1005900005602800FFF72EF90660F1BDF8B50400EC
:1005A0000D002800F9F70EFB06682800F9F70AFB92
:1005B00007003000F9F700FB006838603000F9F7F9
:1005C000FBFA0068F9F7ECFA0078002801D1012065
:1005D00000E00020C0B2002806D03000F9F7ECFAA5
:1005E0000068FFF707F905603000FFF703F907001F
:1005F0002800FFF7FFF8006838602000F9F7C1FA1B
:100600000068854201D1012000E00020C0B200282E
:1006100004D02000F9F7B5FA06601DE02800FFF7C6
:10062000E9F80068F9F7C8FA0068854201D10120AD
:1006300000E00020C0B2002807D02800FFF7DAF859
:100640000068F9F7B9FA066006E02800FFF7D2F86B
:100650000068F9F7B7FA06603000F9F7ADFA0560FF
:100660002800FFF7C7F80660F1BD38B50400206820
:100670000D30C0460078002801D0012000E00020A5
:10068000C0B2002805D020680830C046006820604D
:1006900041E02068C046C04600680D30C046007882
:1006A000002801D1012000E00020C0B2002807D0BE
:1006B0002068C046C046006802F0C0FE20602AE004
:1006C0002068001DC0460068050028000D30C046A7
:1006D000007800280CD12800C046C0462168006878
:1006E000814201D0012000E0002090F0010000E0F4
:1006F0000020C0B2002801D02560E1E720680D305D
:10070000C0460078002801D0012000E00020C0B2DF
:10071000002800D12560200032BD70B504000D0016
:1007200016002800C046C046006820603000C04661
:10073000C04600782071200070BD10B50400200074
:10074000D7F742FD200010BD70B504000D00160063
:100750002800C046C046006820603000C046C04641
:1007600000782071200070BD38B504000D0029000C
:10077000200004F082F932BD10B504002000C0460C
:10078000C04610BD70B504000D0016003000C04614
:10079000C04602002900200004F078F970BD2DE960
:1007A000FC4704000D0016001F00DDF828804046BD
:1007B000C046C04681463800C046C046824630002A
:1007C000C046C046CDF800905346020029002000E4
:1007D00004F069F9BDE8F38710B50400200000219A
:1007E000016010BD10B504002000F9F7D7FA001D14
:1007F00010BD38B504002000EFF7D2FE290004F048
:100800007FF932BD70B504000D002800F3F7B1FD8B
:10081000F9F714FB06002000FAF79EFC310004F003
:1008200075F92000FAF798FC0122290004F076F906
:1008300070BDF8B504000D002800F9F7A3FA0668AA
:100840002800F9F79FFA07003000F9F7A1FA0068CD
:1008500038603000F9F79CFA0068F9F787FA0078F9
:10086000002801D1012000E00020C0B2002806D0FD
:100870003000F9F78DFA0068FFF79CF8056030004A
:10088000FFF798F807002800FFF794F80068386031
:100890002000F9F75CFA0068854201D1012000E0F0
:1008A0000020C0B2002804D02000F9F750FA0660FA
:1008B0001DE02800FFF77EF80068F9F769FA006884
:1008C000854201D1012000E00020C0B2002807D0FD
:1008D0002800FFF76FF80068F9F75AFA066006E09B
:1008E0002800FFF767F80068F9F74CFA0660300057
:1008F000F9F74EFA05602800FFF75CF80660F1BDD5
:10090000F8B504000D002800F9F742FA066828003F
:10091000F9F73EFA07003000F9F734FA006838605A
:100920003000F9F72FFA0068F9F720FA007800286C
:1009300001D1012000E00020C0B2002806D0300024
:10094000F9F720FA0068FFF735F805603000FFF787
:1009500031F807002800FFF72DF800683860200004
:10096000F9F7F5F90068854201D1012000E0002087
:10097000C0B2002804D02000F9F7E9F906601DE0B4
:100980002800FFF717F80068F9F7FCF900688542BE
:1009900001D1012000E00020C0B2002807D02800CB
:1009A000FFF708F80068F9F7EDF9066006E028009F
:1009B000FFF700F80068F9F7EBF906603000F9F787
:1009C000E1F905602800FEF7F5FF0660F1BD38B5D6
:1009D000040020680D30C0460078002801D00120B6
:1009E00000E00020C0B2002805D020680830C046D2
:1009F0000068206041E02068C046C04600680D30B5
:100A0000C0460078002801D1012000E00020C0B2DB
:100A1000002807D02068C046C046006802F076FD76
:100A200020602AE02068001DC046006805002800FC
:100A30000D30C046007800280CD12800C046C046C2
:100A400021680068814201D0012000E0002090F080
:100A5000010000E00020C0B2002801D02560E1E7DD
:100A600020680D30C0460078002801D0012000E049
:100A70000020C0B2002800D12560200032BD70B532
:100A800004000D0016002800C046C0460068206023
:100A90003000C046C04600782071200070BD10B5FF
:100AA00004002000FAF72EFD200010BD70B50400F0
:100AB0000D0016002800C046C046006820603000C7
:100AC000C046C04600782071200070BD10B50400FB
:100AD000200004F02DF810BD2DE9F64104000D00B2
:100AE0001E002000C046C04607002800C046C04681
:100AF00080460198C046C046330002004146380097
:100B000004F01AF8010001A80160C0460068BDE8C1
:100B1000F68138B504000D002900200004F025F806
:100B200032BD01B568460068C04602BDF8B5040094
:100B30000D0016001F0031002000C046C046009086
:100B40003B0032002900200004F01BF8F2BDF8B58C
:100B5000040015000026002C01D1300008E0B4F19B
:100B6000804F01D3DFF7F2FDA7003800E2F7AAFDBE
:100B7000F2BD2DE9F04704000D0016002F1BBF1039
:100B80005FEA8708A146B246424649465046E1F729
:100B9000F9FA0AEB8700BDE8F0870000F8B5040019
:100BA0000D001600200004F000F80948206028001D
:100BB000C046C04607003000C046C0463B000200A9
:100BC00004480178201D03F0F6FF2000F2BD00BFAD
:100BD00064A80408167103082DE9F041040015000B
:100BE0001E00069F2800C046C0463800C046C046CA
:100BF00080463000C046C04642460178200003F0DF
:100C0000ECFF2000BDE8F08138B50400200003F0BF
:100C1000F3FF05002000F0F75DFB056031BD10B566
:100C20000400200004F024F810BD38B504000D00C5
:100C300001220021280004F021F832BD2DE9F641FF
:100C400004000D001E002000C046C046070028001A
:100C5000C046C04680460198C046C04633000200E8
:100C60004146380004F020F8010001A80160C046A8
:100C70000068BDE8F68138B504000D0001220021AE
:100C8000280004F027F832BD70B504000D001600EE
:100C90003000C046C04602002900200004F030F8B1
:100CA00070BD2DE9FE4F05000E0017009846DDF8D7
:100CB00030900196019920200800C0460400002CC5
:100CC00019D04046C046C046010002A8096801602C
:100CD00082464846C046C04601006846C046C046F7
:100CE00083463800C046C0465B4652460178200025
:100CF00004F01AF800E00020BDE8F78F10B50400FA
:100D00002000C046C046C046C04610BD10B5040015
:100D1000200004F01FF810BD38B504000D002900B4
:100D2000200004F01DF831BD70B504000D00160060
:100D300032002900200004F01BF870BD10B504003B
:100D400020000830C04600680D30C04600780028FA
:100D500001D1012000E00020C0B2002805D0200011
:100D60000830C04600680400EAE7200010BD10B556
:100D700004002000C046C04600680D30C046007820
:100D8000002801D1012000E00020C0B2002805D0D9
:100D90002000C046C04600680400EAE7200010BDFD
:100DA00038B504000D0001220021280003F0EAFFFD
:100DB00032BD70B504000D0016003000C046C046BC
:100DC00002002900200003F0F3FF70BD2DE9FE4F63
:100DD00005000E0017009846DDF830900196019945
:100DE00020200800C0460400002C19D04046C04610
:100DF000C046010002A80968016082464846C04614
:100E0000C04601006846C046C04683463800C0461A
:100E1000C0465B4652460178200003F0DDFF00E04B
:100E20000020BDE8F78F10B504002000C046C04682
:100E3000C046C04610BD10B50400200003F0E2FF1C
:100E400010BD38B504000D002900200003F0E0FFBC
:100E500031BD70B504000D001600320029002000DD
:100E600003F0DEFF70BD10B5040020000830C0465E
:100E700000680D30C0460078002801D1012000E054
:100E80000020C0B2002805D020000830C04600680D
:100E90000400EAE7200010BD10B504002000C046A1
:100EA000C04600680D30C0460078002801D10120FE
:100EB00000E00020C0B2002805D02000C046C04697
:100EC00000680400EAE7200010BD38B504000D00FA
:100ED00001220021280003F0ADFF32BD70B50400EF
:100EE0000D0016003000C046C04602002900200058
:100EF00003F0B6FF70BD2DE9F04105000E001700AC
:100F0000B046414630200800C0460400002C07D0FF
:100F10003800C046C0460100200003F0B4FF00E0E6
:100F20000020BDE8F08110B50400200003F0B6FFFA
:100F300010BD38B504000D002900200003F0B4FFF7
:100F400031BD70B504000D00160025603100200091
:100F5000C046C046200070BD70B504000D001600EC
:100F6000256031002000C046C046200070BD2DE93C
:100F7000F041040015001E00069F2800C046C04630
:100F80003800C046C04680463000C046C046424693
:100F90000178200003F090FF2000BDE8F08138B513
:100FA0000400200003F097FF05002000F1F784F80B
:100FB000056031BD2DE9F041040015001E00069FBB
:100FC0002800C046C0463800C046C04680463000B3
:100FD000C046C04642460178200003F0B8FF20001A
:100FE000BDE8F08138B50400200003F0BFFF050024
:100FF0002000F5F799FF056031BD38B504000D00FC
:101000002900200003F0EEFF32BD10B504002000DF
:10101000C046C04610BD70B504000D00160030007B
:10102000C046C04602002900200003F0E4FF70BD66
:1010300070B504000D0016003000C046C046020026
:101040002900200003F0E4FF70BD10B5040020006B
:101050000021016010BD10B504002000F2F74EFC25
:10106000001D10BD10B504002000F5F755FF001D50
:1010700010BD38B50400200003F0E2FF290003F0A2
:10108000E7FF32BD70B504000D002800F2F74FFCF9
:10109000FBF780FA06002000FBF782FA310003F02C
:1010A000DDFF2000FBF77CFA0122290003F0DEFFC0
:1010B00070BD10B504002000F2F733FC0068F7F7AC
:1010C00082FE10BDF8B504000D002800F7F775FE8C
:1010D00006682800F7F771FE07003000F7F773FE87
:1010E000006838603000F7F76EFE0068F7F75FFEC3
:1010F0000078002801D1012000E00020C0B20028C3
:1011000006D03000F7F75FFE0068FDF75FFA056074
:101110003000FDF75BFA07002800FDF757FA00687A
:1011200038602000F7F73AFE0068854201D10120BF
:1011300000E00020C0B2002804D02000F7F72EFE07
:1011400006601DE02800FDF741FA0068F7F73BFE56
:101150000068854201D1012000E00020C0B20028D3
:1011600007D02800FDF732FA0068F7F72CFE06607A
:1011700006E02800FDF72AFA0068F7F71EFE066071
:101180003000F7F720FE05602800FDF71FFA066023
:10119000F1BDF8B504000D002800F7F714FE06684D
:1011A0002800F7F710FE07003000F7F706FE00688A
:1011B00038603000F7F701FE0068F7F7F8FD0078B7
:1011C000002801D1012000E00020C0B2002806D094
:1011D0003000F7F7F2FD0068FDF7F8F90560300020
:1011E000FDF7F4F907002800FDF7F0F90068386012
:1011F0002000F7F7D3FD0068854201D1012000E00F
:101200000020C0B2002804D02000F7F7C7FD066018
:101210001DE02800FDF7DAF90068F7F7CEFD006859
:10122000854201D1012000E00020C0B2002807D093
:101230002800FDF7CBF90068F7F7BFFD066006E070
:101240002800FDF7C3F90068F7F7BDFD0660300020
:10125000F7F7B3FD05602800FDF7B8F90660F1BDAA
:1012600038B5040020680D30C0460078002801D051
:10127000012000E00020C0B2002805D0206808301E
:10128000C0460068206041E02068C046C046006853
:101290000D30C0460078002801D1012000E0002078
:1012A000C0B2002807D02068C046C046006803F0DE
:1012B000E7FE20602AE02068001DC04600680500A7
:1012C00028000D30C046007800280CD12800C04608
:1012D000C04621680068814201D0012000E0002062
:1012E00090F0010000E00020C0B2002801D025608D
:1012F000E1E720680D30C0460078002801D00120C9
:1013000000E00020C0B2002800D12560200032BDDE
:1013100070B504000D0016002800C046C0460068E5
:1013200020603000C046C04600782071200070BDAB
:1013300010B504002000FBF7FFFA200010BD70B5C7
:1013400004000D0016002800C046C046006820605A
:101350003000C046C04600782071200070BD38B50E
:1013600004000D0001220021280003F0A3FE32BD7D
:1013700070B504000D0016003000C046C0460200E3
:101380002900200003F0ACFE70BD2DE9FE4F0500E2
:101390000E0017009846DDF8309031001C20080040
:1013A000C0460400002C19D04046C046C04601008B
:1013B00001A8E2F70EFA82464846C046C046010040
:1013C0006846C046C04683463800C046C0465B46B5
:1013D00052460178200003F097FE00E00020BDE8AF
:1013E000F78F10B504002000C046C046C046C04676
:1013F00010BD10B50400200003F09CFE10BD38B5F0
:1014000004000D002900200003F09AFE31BD70B5E4
:1014100004000D00160032002900200003F098FEA1
:1014200070BD10B5040020000830C04600680D30C3
:10143000C0460078002801D1012000E00020C0B2A1
:10144000002805D020000830C04600680400EAE704
:10145000200010BD10B504002000C046C046006842
:101460000D30C0460078002801D1012000E00020A6
:10147000C0B2002805D02000C046C0460068040065
:10148000EAE7200010BD2DE9F04104000D00160030
:101490001F003800C046C04680463000C046C046E7
:1014A000434602002900200003F05BFEBDE8F08106
:1014B0002DE9F84304000D0016002F00B0465FFA36
:1014C00088F8A146424639004846DFF7A7FE48465D
:1014D000BDE8F2832DE9F04104000D0016001F0065
:1014E0003800C046C04680463000C046C04643462D
:1014F00002002900200003F051FEBDE8F08110B584
:101500000400002120004162C046200010BD2DE9EA
:10151000F84304000D001600280003F05DFE0028CB
:1015200013D000275FF000082000C046C046814667
:101530002800C046C046330002004946684603F012
:1015400055FE494620004162C046BDE8F1832DE9C1
:10155000F84304000D001600280003F05DFE00288B
:1015600013D000275FF000082000C046C046814627
:101570002800C046C046330002004946684603F0D2
:1015800055FE494620004162C046BDE8F18310B5D2
:101590000400200003F060FE10BD10B50400200020
:1015A000C046C046C046C04610BD10B5040020006D
:1015B000FFF7F3FF10BD70B504000D0016003200F8
:1015C0002900200003F05CFE200070BD2DE9F041F1
:1015D00004000D00200003F059FE0600300003F067
:1015E00099FE00210170300000F097FD002101708C
:1015F0003000FCF7B8FC07002800C046C046804613
:10160000380003F08DFE0700200003F08FFE4246F5
:10161000390003F093FE3000BDE8F0812DE9F3437B
:1016200087B0040015001E0001A803F094FE0027F7
:10163000200003F097FE00280ED12800C046C046C7
:1016400080462000FFF7B1FF009643460268012163
:10165000200003F08EFE66E1200004F014F80490F0
:1016600004A908A8F6F776FE002801D0012000E0C2
:101670000020C0B200282BD029002000FCF779FC04
:10168000804608A80068C04601002000F6F76BFEFF
:101690008146200004F007F84A464146DFF7C3FAC6
:1016A000002801D0012000E00020C0B2002800F096
:1016B0002E8108A80068C04680462800C046C04663
:1016C0000096030042460121200003F052FE2AE169
:1016D0002000FBF795FF039003A908A8F6F73AFE50
:1016E000002801D0012000E00020C0B200282CD04A
:1016F000200003F0DEFF01682000F6F734FE80468C
:1017000029002000FCF735FC8146200003F0CBFFC8
:101710004A464146DFF787FA002801D0012000E061
:101720000020C0B2002800F0F280200003F0C1FFCA
:1017300080462800C046C04600960300D8F8002026
:101740000021200003F015FEEDE029002000FCF749
:1017500010FC804608A80068C04601002000F6F78B
:1017600002FE8146200003F09EFF4A464146DFF715
:101770005AFA00281FD00898019001A803F0A2FF90
:101780000068C04601002000F6F7EDFD8046290004
:101790002000FCF7EEFB8146200003F084FF4A4660
:1017A0004146DFF740FA002801D1012000E0002087
:1017B00090F0010000E00020C0B200282ED001A867
:1017C0000068C04600F0AFFC006800F0A6FC00789E
:1017D000002801D0012000E00020C0B200280ED077
:1017E00001A80068C04680462800C046C046009652
:1017F000030042460021200003F0BBFD93E008A84F
:101800000068C04680462800C046C04600960300D7
:1018100042460121200003F0ACFD84E008A80068E6
:10182000C04601002000F6F79EFD804629002000FA
:10183000FCF79FFB8146200003F035FF4A464146F6
:10184000DFF7F1F900282FD00898019001A800F0E7
:1018500094FC80462000FBF7D3FE029002A940468C
:10186000F6F778FD00281BD129002000FCF781FB4A
:10187000804601A80068C04601002000F6F773FD0D
:101880008146200003F00FFF4A464146DFF7CBF9BF
:10189000002801D0012000E0002090F0010000E0CD
:1018A000002090F0010000E00020C0B200282ED0FF
:1018B00008A80068C04600F036FC006800F02DFC67
:1018C0000078002801D0012000E00020C0B20028EC
:1018D0000ED008A80068C04680462800C046C04612
:1018E0000096030042460021200003F042FD1AE06A
:1018F00001A80068C04680462800C046C046009641
:10190000030042460121200003F033FD0BE02800D4
:10191000C046C046009603003A00D2B2210005A896
:1019200003F0D7FE059809B0BDE8F08338B5040090
:101930000D002A0003480178200003F0A9FF2000D1
:1019400032BD00BF5FCF020838B504000D0029008A
:1019500020000120C04632BD10B504002000C04662
:10196000C04610BD70B504000D001600AC4208D092
:101970002100300003F09BFF16F51E7614F51E744F
:10198000F4E7300070BD13B5140001A96846C046E5
:10199000C046030022000199009803F0CDFF13BD5B
:1019A00010B504002000FFF7D7FF083010BD2DE967
:1019B000F64104000D001E002000C046C04607008E
:1019C0002800C046C04680460198C046C046330045
:1019D00002004146380003F0C0FF010001A8016089
:1019E000C0460068BDE8F68170B504000D00160021
:1019F0003100280003F0C1FF70BD38B5040020009D
:101A0000FBF72AFE290003F0BFFF32BD38B5040002
:101A10000D002900200003F0BDFF32BD10B5040009
:101A2000002120004162C046200010BD2DE9F8438E
:101A300004000D001600280003F0B6FF002813D0A4
:101A400000275FF000082000C046C04681462800FD
:101A5000C046C046330002004946684603F0AEFF68
:101A6000494620004162C046BDE8F18310B504003C
:101A70002000406AC046002801D1012000E000207B
:101A8000C0B210BD38B504000D002000FBF7DAFE2F
:101A90002900200003F0A7FF200032BD38B5040064
:101AA0000D002900200003F0C8FF31BD10B4002252
:101AB0000488284B98420ED02C4A90420BD0B0F1AB
:101AC000804F08D0244A904205D0244A904202D048
:101AD000234A904204D14FF68F7214404A8814432F
:101AE000204A904207D0204A904204D04FF6FF424D
:101AF00014400A89144304804A68C2620A88028535
:101B0000984202D0194A904201D18A7A0286012273
:101B1000828210BC70470A00D2B2002A04D0028828
:101B200052F08002028004E003884FF67F72134077
:101B3000038070470A00D2B2002A04D0028852F013
:101B40000102028004E003884FF6FE721340038016
:101B50007047000000000140000400400008004001
:101B6000000C004000100040001400400004014040
:101B70001300DBB2002B03D083890B43838102E087
:101B800083898B43838170472DE9F04F0100002248
:101B900000230024022500200226DFF87C71D7F8FC
:101BA00000C01CF00C0CE646BEF1000F06D0BEF1E2
:101BB000040F07D0BEF1080F08D037E0DFF860212E
:101BC0000A6036E0DFF85C210A6032E0DFF84CE1C1
:101BD000DEF80020C2F380521000DEF8002012F080
:101BE0003F02160000280BD0DFF83821B2FBF6F8D0
:101BF000DEF80020C2F3881202FB08F844460AE02F
:101C0000DFF81C21B2FBF6F8DEF80020C2F38812E0
:101C100002FB08F84446DEF80020C2F30142521CE1
:101C200052001500B4FBF5F20A6002E0DFF8F02084
:101C30000A60D7F8008018F0F0085FEA1818DFF89B
:101C4000E8A01AF80820D1F800E03EFA02FEC1F838
:101C500004E0D7F8009019F4E0595FEA99291AF8DE
:101C600009E0D1F804B03BFA0EFBC1F808B03F68B8
:101C700017F460477F0B1AF807A0D1F804B03BFABD
:101C80000AFBC1F80CB0BDE8F08F0A00D2B2002AFE
:101C900004D0264A13680343136003E0234A136801
:101CA0008343136070470A00D2B2002A04D0204A4E
:101CB00013680343136003E01D4A136883431360F2
:101CC00070470A00D2B2002A04D01A4A13680343AC
:101CD000136003E0174A13688343136070470A00D8
:101CE000D2B2002A04D0144A13680343136003E0FD
:101CF000114A13688343136070470A00D2B2002A66
:101D000004D00E4A13680343136003E00B4A1368C0
:101D100083431360704700000838024004380240D3
:101D20000024F40000127A006000002030380240E5
:101D300040380240443802402038024024380240F3
:101D400030B593B00400A06803F0B2FEA06803F0C1
:101D5000AFFE206803F0CCFFE06804902068001D0F
:101D600005900020079000200890002009904FF473
:101D700080650A9500200B9000200C9000200D90AB
:101D800000200E9000200F90002010900020119055
:101D90000020129004A9A06803F02CFF40200790B7
:101DA00004A9606803F026FFA069009094F824005D
:101DB000042805DA94F824000003ADF8060002E0D8
:101DC0000020ADF8060094F82500022802D1ADF8F5
:101DD00008500BE094F82500012804D14FF4C060AE
:101DE000ADF8080002E00020ADF80800BDF80800DA
:101DF000002803D10020ADF8040003E04FF4805028
:101E0000ADF804000020ADF80C000C20ADF80A007D
:101E10006946206803F0BEFF2068808950F0040006
:101E2000216888812068808950F0080021688881B5
:101E30002068808950F400502168888113B030BD3B
:101E400070B504000D001600608C022804D1218CAE
:101E5000E0690183C04606E0608C012803D1218C33
:101E6000E0694183C04660680068400840006168DE
:101E70000860206801884FF6BF700140206801802B
:101E80002169606803F0EEFE3000C0B2616848600E
:101E90006068C5602068808A50F080002168888270
:101EA0002068808950F00800216888816068006897
:101EB00050F00100616808602068808950F040009F
:101EC0002168888170BD38B504000D00608C02283F
:101ED00004D1218CE0694183C04606E0608C012872
:101EE00003D1218CE0690183C046A06800684008E6
:101EF0004000A16808606169A06803F0B3FE206833
:101F0000808A50F0400021688882FF20A1684860E4
:101F1000A068C560A068006850F00100A168086072
:101F20002068808950F010002168888120688089AD
:101F300050F004002168888131BD010029480A68F9
:101F4000128802600278520620D50A6892895206E9
:101F50001CD5086802884FF6BF70024008680280EE
:101F6000086882894FF6BF7002400868828108685D
:101F7000828A4FF67F700240086882824868006853
:101F8000400840004A68106000202AE000680A68A3
:101F9000928912F01002104222D0086880880868E6
:101FA00082894FF6FB700240086882810868828946
:101FB0004FF6EF700240086882810868828A4FF607
:101FC000BF7002400868828288680068400840004C
:101FD0008A68106088684068D0F1FF00C0B200E0F5
:101FE000002070474C3000201C4901431C4A1160FE
:101FF0007047F0B4002200230F24C178002920D0BC
:102000001749096811F4E061D1F5E061090AD1F1DD
:1020100004052B00E4B20C4145789D4086782640AB
:1020200035432D012A000F4D0678AA550125067863
:1020300016F01F06B5400C4E07787F1146F8275062
:1020400009E00121057815F01F05A940074D067824
:10205000761145F82610F0BC704700000000FA0524
:102060000CED00E000E400E000E100E080E100E0D1
:1020700010B50400200003F007FF10BD10B50400E8
:10208000200003F008FF001D10BD10B50400200063
:1020900003F001FF10BD10B504002000C046C0468B
:1020A00010BD10B50400200003F0FBFE10BD70B59C
:1020B00004000D002800FCF784F8002823D1280034
:1020C000FCF78BF8002813D02800406AC0460600B1
:1020D0002000C046C0460100300032685268904778
:1020E000010020004162C0462800FBF755FF0AE0CE
:1020F0002800406AC046010020004162C04600211D
:1021000028004162C04670BD10B504002000FBF7F6
:1021100024FF006803F0D0FE10BD10B504002000BD
:102120000D30C04610BD10B5040020000830C04678
:1021300010BD10B504002000C046C04610BD70B5EB
:1021400004000D0016002800C046C046006820604C
:102150003000C046C04600686060200070BD38B5E1
:1021600004000D0029002000F6F7F4F8002801D142
:10217000012000E00020C0B232BD10B504002000F4
:1021800003F0A0FE200010BD70B504000D00160085
:102190002000F6F7F3F832002900DEF744FD70BDA9
:1021A00010B50400200003F0D3FE10BD10B50400EC
:1021B0002000C046C04610BDF8B505000E0017004F
:1021C000310018200800C0460400002C07D0380059
:1021D000C046C04601002000E1F78FFB00E0002070
:1021E000F1BD2DE9F04705000E0017001C0030007E
:1021F000DDF7F6FEB84201D2DEF758FA3000DDF71F
:10220000EFFE8046B8EB0708A04500D24446280000
:10221000DEF731FA5FF0FF310068091A8C4201D312
:10222000DEF730FA002C29D02800DEF724FA006807
:1022300020188046002241462800DEF76CFCC0B220
:10224000002801D1012000E00020C0B2002815D1F3
:102250002800DEF701FB81463000DEF79AFC82465B
:102260002800DEF708FA22000AEB0701006848445C
:10227000DEF7D9FB41462800DEF7F3FB2800BDE876
:10228000F08735B581B00C001D0002A901A8C04639
:10229000C04600902B00029A2100019803F063FED3
:1022A0003EBD10B50400200003F074FE10BD10B553
:1022B0000400200003F07AFE10BD2DE9F041040077
:1022C0000D00200003F086FE0600300003F0C6FE7D
:1022D00000210170300003F0C7FE002101703000C2
:1022E00000F013F807002800C046C04680463800BA
:1022F00003F0C0FE0700200003F0C2FE4246390092
:1023000003F0C6FE3000BDE8F08110B504002000E7
:102310001030C04610BD2DE9F34387B0040015000E
:102320001E0001A803F0C1FE0027200003F0C4FE38
:1023300000280ED12800C046C04680462000F0F795
:10234000B5FD0096434602680121200003F0BBFE64
:1023500066E12000ECF7C6FC049004A908A8F0F799
:10236000ABFD002801D0012000E00020C0B2002811
:102370002BD02900200004F030F8804608A800681F
:10238000C0460100200004F02FF88146200004F030
:1023900036F84A464146DEF746FC002801D00120C7
:1023A00000E00020C0B2002800F02E8108A80068DC
:1023B000C04680462800C046C046009603004246FC
:1023C0000121200003F07FFE2AE12000ECF79AFCB7
:1023D000039003A908A8F0F76FFD002801D00120A1
:1023E00000E00020C0B200282CD0200004F00DF83E
:1023F0000168200003F0F8FF80462900200003F068
:10240000ECFF8146200003F0FAFF4A464146DEF722
:102410000AFC002801D0012000E00020C0B2002802
:1024200000F0F280200003F0F0FF80462800C04654
:10243000C04600960300D8F800200021200003F0D9
:1024400042FEEDE02900200003F0C7FF804608A807
:102450000068C0460100200003F0C6FF814620004E
:1024600003F0CDFF4A464146DEF7DDFB00281FD0D2
:102470000898019001A803F0D1FF0068C046010050
:10248000200003F0B1FF80462900200003F0A5FFE3
:102490008146200003F0B3FF4A464146DEF7C3FB06
:1024A000002801D1012000E0002090F0010000E0B0
:1024B0000020C0B200282ED001A80068C04603F05A
:1024C000B4FF006803F0D0FD0078002801D001209F
:1024D00000E00020C0B200280ED001A80068C0466D
:1024E00080462800C046C0460096030042460021B0
:1024F000200003F0E8FD93E008A80068C04680468D
:102500002800C046C0460096030042460121200034
:1025100003F0D9FD84E008A80068C046010020004F
:1025200003F062FF80462900200003F056FF814639
:10253000200003F064FF4A464146DEF774FB0028A2
:102540002FD00898019001A8F0F76CFD804620007C
:10255000ECF7D8FB029002A94046F0F7ADFC00284A
:102560001BD12900200003F038FF804601A8006835
:10257000C0460100200003F037FF8146200003F031
:102580003EFF4A464146DEF74EFB002801D00120BF
:1025900000E0002090F0010000E0002090F0010039
:1025A00000E00020C0B200282ED008A80068C04675
:1025B00003F03BFF006803F057FD0078002801D0CE
:1025C000012000E00020C0B200280ED008A800685A
:1025D000C04680462800C046C046009603004246DA
:1025E0000021200003F06FFD1AE001A80068C0463A
:1025F00080462800C046C04600960300424601219E
:10260000200003F060FD0BE02800C046C0460096A5
:1026100003003A00D2B2210005A803F00CFF059890
:1026200009B0BDE8F083000010B50400024801784D
:10263000200003F0DFFF10BD66A002082DE9F04185
:1026400004000D0016001F003800C046C04680463A
:102650003000C046C046434602002900200003F077
:10266000D1FFBDE8F0812DE9F04104000D00160016
:102670001F003800C046C04680463000C046C046F5
:10268000434602002900200003F0D1FFBDE8F0819D
:102690002DE9F04104000D0016001F003800C0466F
:1026A000C04680463000C046C0464346020029006E
:1026B000200003F0D9FFBDE8F0812DE9F0410400CE
:1026C0000D0016001F003800C046C046804630008E
:1026D000C046C046434602002900200003F0E1FF47
:1026E000BDE8F0812DE9F04104000D0016001F0047
:1026F0003800C046C04680463000C046C04643460B
:1027000002002900200003F0E9FFBDE8F0812DE977
:10271000F04104000D0016001F003800C046C046FE
:1027200080463000C046C0464346020029002000D3
:1027300003F0F1FFBDE8F0812DE9F04104000D0048
:1027400016001F003800C046C04680463000C04614
:10275000C046434602002900200003F0F9FFBDE80F
:10276000F0812DE9F04104000D0016001F00380033
:10277000C046C04680463000C046C04643460200C0
:102780002900200004F001F8BDE8F0812DE9F041B6
:1027900004000D0016001F003800C046C0468046E9
:1027A0003000C046C046434602002900200004F025
:1027B00009F8BDE8F08138B504000D0029002000BB
:1027C000C046C04621682868091A182091FBF0F01D
:1027D00032BD2DE9F04104000D0016001F00380045
:1027E000C046C04680463000C046C0464346020050
:1027F0002900200004F003F8BDE8F08170B5040062
:102800000D001600256031002000C046C0462000A3
:1028100070BD2DE9FE4F05000E0017009846DDF84B
:102820003090019601991C200800C0460400002C3D
:1028300019D04046C046C046010002A809680160A0
:1028400082464846C046C04601006846C046C0466B
:1028500083463800C046C0465B4652460178200099
:1028600003F0EAFF00E00020BDE8F78F10B5040098
:102870002000C046C04600680D30C04600780028E1
:1028800001D1012000E00020C0B2002805D02000C6
:10289000C046C04600680400EAE7200010BD35B518
:1028A00081B00C001D0002A901A8C046C0460090DE
:1028B0002B00029A2100019803F0D4FF3EBD2DE9C0
:1028C000F041040015001E00069F2800C046C046C7
:1028D0003800C046C04680463000C046C04642462A
:1028E0000178200003F0D5FF2000BDE8F08138B565
:1028F0000400200003F0DCFF05002000F1F79FFA40
:10290000056031BD7CB504000D001600009601ABDA
:102910002A0005480178200004F006F8200004F0A1
:102920001BF8200076BD00BF77D8020810B5040060
:102930002000001DC04610BD10B50400200004F0AA
:1029400016F810BD38B5040020680D30C046007878
:10295000002801D0012000E00020C0B2002835D1BD
:1029600020680830C04600680D30C0460078002856
:1029700001D1012000E00020C0B2002807D020686B
:102980000830C046006803F0FDFF20601EE02068AC
:10299000001DC0460068050028000D30C0460078C4
:1029A00000280CD128000830C04621680068814208
:1029B00001D0012000E0002090F0010000E00020A4
:1029C000C0B2002801D02560E1E72560200032BDBB
:1029D00038B504000D002900200003F0ECFF32BDE3
:1029E00010B504002000C046C04610BD70B50400FC
:1029F0000D0016003000C046C0460200290020002D
:102A000003F0E2FF70BD2DE9FC4704000D00160045
:102A10001F00DDF828804046C046C0468146380089
:102A2000C046C04682463000C046C046CDF8009041
:102A3000534602002900200003F0D3FFBDE8F387CE
:102A400010B5040020000021016010BD10B5040085
:102A50002000FBF788FE001D10BD10B5040020000B
:102A6000F6F739FB001D10BD38B50400200003F057
:102A7000E5FF290003F0EAFF32BD70B504000D0048
:102A80002800F6F741FBFBF7BEFE06002000FBF72F
:102A90000AFF310003F0E0FF2000FBF704FF0122F2
:102AA000290003F0E1FF70BD10B504002000FBF722
:102AB0003CFE0068FBF751FE10BDF8B504000D00A8
:102AC0002800FBF744FE06682800FBF740FE0700DD
:102AD0003000FBF742FE006838603000FBF73DFE37
:102AE0000068FBF728FE0078002801D1012000E0F3
:102AF0000020C0B2002806D03000FBF72EFE006890
:102B0000FFF714FF05603000FFF710FF07002800F3
:102B1000FFF70CFF006838602000FBF7FDFD006840
:102B2000854201D1012000E00020C0B2002804D07D
:102B30002000FBF7F1FD06601DE02800FFF7F6FE20
:102B40000068FBF70AFE0068854201D1012000E021
:102B50000020C0B2002807D02800FFF7E7FE006879
:102B6000FBF7FBFD066006E02800FFF7DFFE0068CC
:102B7000FBF7EDFD06603000FBF7EFFD0560280078
:102B8000FFF7D4FE0660F1BDF8B504000D00280083
:102B9000FBF7E3FD06682800FBF7DFFD07003000C8
:102BA000FBF7D5FD006838603000FBF7D0FD00680A
:102BB000FBF7C1FD0078002801D1012000E00020D2
:102BC000C0B2002806D03000FBF7C1FD0068FFF757
:102BD000ADFE05603000FFF7A9FE07002800FFF7F3
:102BE000A5FE006838602000FBF796FD006885426E
:102BF00001D1012000E00020C0B2002804D0200054
:102C0000FBF78AFD06601DE02800FFF78FFE0068D5
:102C1000FBF79DFD0068854201D1012000E0002006
:102C2000C0B2002807D02800FFF780FE0068FBF73D
:102C30008EFD066006E02800FFF778FE0068FBF7CF
:102C40008CFD06603000FBF782FD05602800FFF771
:102C50006DFE0660F1BD38B5040020680D30C04639
:102C60000078002801D0012000E00020C0B2002838
:102C700005D020680830C0460068206041E0206828
:102C8000C046C04600680D30C0460078002801D11B
:102C9000012000E00020C0B2002807D02068C04614
:102CA000C046006803F0EAFE20602AE02068001DAC
:102CB000C0460068050028000D30C0460078002896
:102CC0000CD12800C046C04621680068814201D06E
:102CD000012000E0002090F0010000E00020C0B2E0
:102CE000002801D02560E1E720680D30C04600785B
:102CF000002801D0012000E00020C0B2002800D14F
:102D00002560200032BD70B504000D0016002800BB
:102D1000C046C046006820603000C046C04600780B
:102D20002071200070BD10B504002000FBF791FF5A
:102D3000200010BD70B504000D0016002800C0462C
:102D4000C046006820603000C046C0460078207150
:102D5000200070BDF8B504000D002E003000FCF717
:102D600034F90078002801D1012000E00020C0B231
:102D7000002820D03000FCF73AF901682000FFF766
:102D8000E9FF3000FCF739F9006806002800F6F783
:102D90003CFCFCF788F907002000FCF772F83900CA
:102DA00003F085FE2000FCF76CF80122290003F0F7
:102DB00086FE3500D2E7F1BD10B504002000FCF717
:102DC000FEF80068FCF719F910BD10B504002000EA
:102DD000F6F702FC001D10BD38B504000D002900F7
:102DE00020000120C04632BD2DE9F04704000D004F
:102DF00016001F002000F6F702FCD0F80080280023
:102E0000FCF7E3F80078002801D1012000E0002061
:102E1000C0B200283ED02800F6F7F7FB1F490B7818
:102E20001F490A780100200003F053FE8146C9F8CB
:102E300004602800FCF731F9007889F80C0040465E
:102E4000FCF7C3F80078002801D0012000E0002042
:102E5000C0B2002800D0C8464846FCF7CEF88246EB
:102E60002800FCF7CAF83B004A4601682000FFF73B
:102E7000BBFFCAF800004846FCF7B9F882462800B4
:102E8000FCF7B5F83B004A4601682000FFF7ACFFAD
:102E9000CAF800004046BDE8F08700BF82E10208A2
:102EA000DED9020810B50400200003F01AFE10BDA0
:102EB00010B50400200003F02DFE10BD38B504004D
:102EC0002000FCF7ABFA05002000F0F748FE0200F6
:102ED0002900200003F037FE31BD10B504002000AA
:102EE00003F079FE10BD00007CB504000D00160053
:102EF000009601AB2A0005480178200003F076FE19
:102F0000200003F08BFE200076BD00BF76D80208BB
:102F10002DE9F64104000D001E002000F5F79CFE8F
:102F200007002800F5F798FE80460198C046C04685
:102F30003300020041463800FFF7A3F9010001A861
:102F40000160C0460068BDE8F68110B504002000AD
:102F5000001DC04610BD10B504002000C046C0468C
:102F6000C046C04610BD70B504000D00160032000A
:102F70002900200003F05DFE200070BD38B504007C
:102F80000D002900200003F05AFE32BD10B50400E8
:102F90002000C046C04610BD70B504000D001600EC
:102FA0003000C046C04602002900200003F050FE59
:102FB00070BD2DE9FC4704000D0016001F00DDF870
:102FC00028804046C046C04681463800C046C046BC
:102FD00082463000C046C046CDF8009053460200FD
:102FE0002900200003F041FEBDE8F38710B504007E
:102FF00020000021016010BD10B504002000FFF783
:10300000AAFF001D10BD38B504002000FBF731FFFA
:10301000290003F057FE32BD70B504000D002800F2
:10302000F6F7F3FAFCF73FF806002000FBF729FF5C
:10303000310003F03CFD2000FBF723FF01222900B3
:1030400003F03DFD70BDF8B504000D002800FBF74E
:10305000CEFF06682800FBF7CAFF07003000FBF729
:10306000CCFF006838603000FBF7C7FF0068FBF753
:10307000ACFF0078002801D1012000E00020C0B2A0
:10308000002806D03000FBF7B8FF0068FFF75DFFAF
:1030900005603000FFF759FF07002800FFF755FFD4
:1030A000006838602000FBF781FF0068854201D18D
:1030B000012000E00020C0B2002804D02000FBF76F
:1030C00075FF06601DE02800FFF73FFF0068FBF773
:1030D00094FF0068854201D1012000E00020C0B2C9
:1030E000002807D02800FFF730FF0068FBF785FFB6
:1030F000066006E02800FFF728FF0068FBF777FF6F
:1031000006603000FBF779FF05602800FFF71DFF20
:103110000660F1BDF8B504000D002800FBF76DFF57
:1031200006682800FBF769FF07003000FBF75FFF28
:10313000006838603000FBF75AFF0068FBF745FF76
:103140000078002801D1012000E00020C0B2002852
:1031500006D03000FBF74BFF0068FFF7F6FE056076
:103160003000FFF7F2FE07002800FFF7EEFE0068D0
:1031700038602000FBF71AFF0068854201D101206A
:1031800000E00020C0B2002804D02000FBF70EFFB2
:1031900006601DE02800FFF7D8FE0068FBF727FF58
:1031A0000068854201D1012000E00020C0B2002863
:1031B00007D02800FFF7C9FE0068FBF718FF06607C
:1031C00006E02800FFF7C1FE0068FBF716FF066067
:1031D0003000FBF70CFF05602800FFF7B6FE066025
:1031E000F1BD38B5040020680D30C04600780028D5
:1031F00001D0012000E00020C0B2002805D02068E6
:103200000830C0460068206041E02068C046C046E3
:1032100000680D30C0460078002801D1012000E090
:103220000020C0B2002807D02068C046C046006811
:1032300003F070FC20602AE02068001DC046006892
:10324000050028000D30C046007800280CD1280069
:10325000C046C04621680068814201D0012000E0DC
:10326000002090F0010000E00020C0B2002801D052
:103270002560E1E720680D30C0460078002801D0C5
:10328000012000E00020C0B2002800D1256020000D
:1032900032BD38B5040020680D30C04600780028E3
:1032A00001D0012000E00020C0B2002835D1206804
:1032B0000830C04600680D30C0460078002801D1B3
:1032C000012000E00020C0B2002807D020680830AC
:1032D000C046006803F005FC20601EE02068001D69
:1032E000C0460068050028000D30C0460078002860
:1032F0000CD128000830C04621680068814201D006
:10330000012000E0002090F0010000E00020C0B2A9
:10331000002801D02560E1E72560200032BD70B5AE
:1033200004000D0016002800C046C046006820605A
:103330003000C046C04600782071200070BD10B536
:1033400004002000FCF783F8200010BD70B50400D5
:103350000D0016002800C046C046006820603000FE
:10336000C046C04600782071200070BD70B50400D2
:103370000D001600256031002000C046C046200028
:1033800070BD10B504002000C046C04600680D3076
:10339000C0460078002801D1012000E00020C0B222
:1033A000002805D02000C046C04600680400EAE7B7
:1033B000200010BD2DE9F041040015001E00069FFD
:1033C0002800C046C0463800C046C046804630008F
:1033D000C046C04642460178200003F079FC200038
:1033E000BDE8F08138B50400200003F080FC050042
:1033F0002000F0F76EFE056031BD38B504000D0009
:103400002900200003F0AFFC32BD10B504002000FD
:10341000C046C04600680D30C0460078002801D183
:10342000012000E00020C0B2002805D02000C046E6
:10343000C04600680400EAE7200010BD10B5040093
:1034400020000830C04600680D30C04600780028D3
:1034500001D1012000E00020C0B2002805D02000EA
:103460000830C04600680400EAE7200010BD70B5CF
:1034700004000D001600256031002000C046C04643
:10348000200070BD2DE9F041040015001E00069FCC
:103490002800C046C0463800C046C04680463000BE
:1034A000C046C04642460178200003F084FC20005C
:1034B000BDE8F08138B50400200003F08BFC050066
:1034C0002000F0F750FF056031BD38B504000D0055
:1034D0002900200003F0BAFC32BD10B50400200022
:1034E000C046C04600680D30C0460078002801D1B3
:1034F000012000E00020C0B2002805D02000C04616
:10350000C04600680400EAE7200010BD10B50400C2
:1035100020000830C04600680D30C0460078002802
:1035200001D1012000E00020C0B2002805D0200019
:103530000830C04600680400EAE7200010BD70B5FE
:1035400004000D001600256031002000C046C04672
:10355000200070BD38B504002000F6F7F8FB0168C4
:10356000200003F09BFC2000F6F7F1FB0500200093
:10357000F0F7F9FE006828602000FCF706FA050065
:103580002000F0F7F0FE006828602000F7F7B1FF98
:1035900005002000F0F7E7FE006828602000FCF737
:1035A000EDF90021016031BD38B504002568200027
:1035B000F6F725FC280032BD2DE9F34381B0040065
:1035C00002A80068C046050002A8F6F718FC2E0005
:1035D0003000F6F7DDFB0068F6F7C8FB007800283E
:1035E00001D0012000E00020C0B2002804D030004B
:1035F000F6F7C8FB07681BE03000F6F7C3FB00686E
:10360000F6F7B4FB0078002801D0012000E000208C
:10361000C0B2002804D03000F6F7BAFB076807E014
:1036200002A80068C04606003000F6F7ABFB07684A
:10363000AE4277D12800FCF7BDF9D0F80080380001
:10364000F6F794FB0078002801D1012000E000206B
:10365000C0B2002804D03800FCF7ACF9C0F80080F4
:103660002000F6F774FB0068A84201D1012000E0B9
:103670000020C0B2002804D02000F6F768FB0760E5
:1036800014E04046F6F784FB0068A84201D101200F
:1036900000E00020C0B2002804D04046F6F778FBD6
:1036A000076003E04046F6F76DFB07602000FCF77B
:1036B0006CF90068A84201D1012000E00020C0B2EE
:1036C000002810D02000FCF760F981463800F6F79A
:1036D0004DFB0078002801D0404602E03800FCF79E
:1036E0005DF9C9F800002000F7F703FF0068A84261
:1036F00001D1012000E00020C0B2002800F0A0802D
:103700002000F7F7F6FE81463800F6F72FFB007829
:10371000002801D0404602E03800FCF745F9C9F81E
:1037200000008DE02800F6F733FB0068FCF742F953
:1037300006603000F6F72CFB80462800F6F728FBE1
:103740000068C8F800002800F6F71CFB00688642F5
:1037500001D1012000E00020C0B2002801D0B04615
:103760002AE03000FCF726F9D0F800803800F6F7A0
:10377000FDFA0078002801D1012000E00020C0B24D
:10378000002804D03800FCF715F9C0F80080404646
:10379000F6F7FEFA07603000F6F7F4FA81462800E3
:1037A000F6F7F0FA0068C9F800002800F6F7EAFA20
:1037B0000068FCF7FFF806602000F6F7C8FA00681A
:1037C000A84201D1012000E00020C0B2002804D0AE
:1037D0002000F6F7BCFA06601DE02800FCF7EAF8C6
:1037E0000068F6F7D5FA0068A84201D1012000E090
:1037F0000020C0B2002807D02800FCF7DBF80068E2
:10380000F6F7C6FA066006E02800FCF7D3F8006871
:10381000F6F7B8FA06603000FCF7CCF881462800CD
:10382000FCF7C8F80068C9F800003000D4F7D3FCF2
:1038300081462800D4F7CFFC0100484603F060FB26
:103840002800D4F7C8FC0078012801D1012000E04D
:103850000020C0B2002800F05B812000F6F777FA64
:10386000006887420BD03800D4F7B5FC00780128F7
:1038700001D0012000E0002090F0010000E00020D5
:10388000C0B2002800F03F814046F6F781FA006898
:10389000874201D1012000E00020C0B2002800F0E2
:1038A00096804046F6F76EFA006806003000D4F7BE
:1038B00092FC0078002801D1012000E00020C0B275
:1038C000002812D03000D4F786FC01210170404658
:1038D000D4F781FC0021017041462000FCF7A9FFCC
:1038E0004046F6F74FFA006806003000F6F73EFA59
:1038F0000078002801D0012000E00020C0B200289C
:1039000001D04746F9E03000F6F742FA0068D4F7F4
:1039100062FC007801280ED13000F6F733FA006817
:10392000D4F759FC0078012801D0012000E00020E4
:1039300090F0010000E00020C0B2002806D0300066
:10394000D4F749FC002101704746D6E03000F6F775
:1039500019FA0068D4F73FFC0078012801D1012052
:1039600000E00020C0B2002815D03000F6F710FAB1
:103970000068D4F730FC012101703000D4F72BFC33
:103980000021017031002000FCF7BAFF4046F6F735
:10399000F9F9006806003000D4F71DFC8146404666
:1039A000D4F719FC007889F800004046D4F713FCDE
:1039B000012101703000F6F7E5F90068D4F70BFC3F
:1039C0000121017041462000FCF733FF9BE0404697
:1039D000F6F7DEF9006806003000D4F7FCFB00784B
:1039E000002801D1012000E00020C0B2002812D040
:1039F0003000D4F7F0FB012101704046D4F7EBFB17
:103A00000021017041462000FCF77AFF4046F6F79E
:103A1000BFF9006806003000F6F7A8F90078002822
:103A200001D0012000E00020C0B2002801D04746AC
:103A300063E03000F6F7A6F90068D4F7CCFB007815
:103A400001280ED13000F6F7A3F90068D4F7C3FBC4
:103A50000078012801D0012000E0002090F0010052
:103A600000E00020C0B2002806D03000D4F7B3FB3D
:103A700000210170474640E03000F6F789F9006800
:103A8000D4F7A9FB0078012801D1012000E0002033
:103A9000C0B2002815D03000F6F774F90068D4F7EA
:103AA0009AFB012101703000D4F795FB00210170D1
:103AB00031002000FCF7BDFE4046F6F769F90068CA
:103AC00006003000D4F787FB81464046D4F783FBDD
:103AD000007889F800004046D4F77DFB0121017091
:103AE0003000F6F755F90068D4F775FB0121017035
:103AF00041462000FCF704FF05E03800FBF75AFFC1
:103B000000688046A9E63800D4F765FB0121017002
:103B10002800F0F72EFCF6F791F981462000F7F720
:103B20001BFB494600F0F2FF2000F7F715FB0122CE
:103B3000290000F0F3FF2000FBF720FF00680028B9
:103B400005D02000FBF71AFF0168491E0160200024
:103B5000F0F7F6FB020002996846F0F7F9FB0068FF
:103B6000BDE8FE8370B504000D002800F6F710F9DB
:103B7000FCF702FE06002000F7F7EEFA310003F032
:103B8000D3F92800FBF716FFFCF7F6FD060020002E
:103B9000F7F7E2FA310003F0C7F92800F6F7F2F878
:103BA000FCF7EAFD06002000F7F7D6FA310003F033
:103BB000BBF92000F7F7D0FA0122290000F0AEFF90
:103BC00070BD38B504002000F5F7DBFF0168200068
:103BD00003F0B2F92000F5F7D4FF05002000F0F75C
:103BE00078FA006828602000FBF7EFFD0500200050
:103BF000F0F76FFA006828602000F7F781F90500F8
:103C00002000F0F766FA006828602000FBF7D6FD78
:103C10000021016031BD38B5040025682000F6F7A9
:103C200008F8280032BD2DE9F34381B0040002A852
:103C30000068C046050002A8F5F7FBFF2E00300023
:103C4000F5F7C0FF0068F5F7ABFF0078002801D05A
:103C5000012000E00020C0B2002804D03000F5F7B9
:103C6000ABFF07681BE03000F5F7A6FF0068F5F72B
:103C700097FF0078002801D0012000E00020C0B2AA
:103C8000002804D03000F5F79DFF076807E002A880
:103C90000068C04606003000F5F78EFF0768AE42A8
:103CA00077D12800FBF7A6FDD0F800803800F5F7A3
:103CB00077FF0078002801D1012000E00020C0B289
:103CC000002804D03800FBF795FDC0F800802000E4
:103CD000F5F757FF0068A84201D1012000E000205D
:103CE000C0B2002804D02000F5F74BFF076014E0B5
:103CF0004046F5F767FF0068A84201D1012000E0C7
:103D00000020C0B2002804D04046F5F75BFF0760F2
:103D100003E04046F5F750FF07602000FBF755FD34
:103D20000068A84201D1012000E00020C0B20028B4
:103D300010D02000FBF749FD81463800F5F730FF31
:103D40000078002801D0404602E03800FBF746FD2D
:103D5000C9F800002000F7F7D3F80068A84201D1A5
:103D6000012000E00020C0B2002800F0A080200068
:103D7000F7F7C6F881463800F5F712FF00780028FB
:103D800001D0404602E03800FBF72EFDC9F80000E4
:103D90008DE02800F5F716FF0068FBF72BFD0660A5
:103DA0003000F5F70FFF80462800F5F70BFF00689D
:103DB000C8F800002800F5F7FFFE0068864201D130
:103DC000012000E00020C0B2002801D0B0462AE067
:103DD0003000FBF70FFDD0F800803800F5F7E0FE6B
:103DE0000078002801D1012000E00020C0B20028A6
:103DF00004D03800FBF7FEFCC0F800804046F5F721
:103E0000E1FE07603000F5F7D7FE81462800F5F7A0
:103E1000D3FE0068C9F800002800F5F7CDFE006861
:103E2000FBF7E8FC06602000F5F7ABFE0068A8424F
:103E300001D1012000E00020C0B2002804D0200001
:103E4000F5F79FFE06601DE02800FBF7D3FC006835
:103E5000F5F7B8FE0068A84201D1012000E000207B
:103E6000C0B2002807D02800FBF7C4FC0068F5F7B3
:103E7000A9FE066006E02800FBF7BCFC0068F5F729
:103E80009BFE06603000FBF7B5FC81462800FBF77F
:103E9000B1FC0068C9F800003000F6F75EFE81460C
:103EA0002800F6F75AFE0100484603F029F82800DA
:103EB000F6F753FE0078012801D1012000E0002030
:103EC000C0B2002800F05B812000F5F75AFE0068C0
:103ED00087420BD03800F6F740FE0078012801D069
:103EE000012000E0002090F0010000E00020C0B2BE
:103EF000002800F03F814046F5F764FE00688742E5
:103F000001D1012000E00020C0B2002800F096801E
:103F10004046F5F751FE006806003000F6F71DFE3A
:103F20000078002801D1012000E00020C0B2002864
:103F300012D03000F6F711FE012101704046F6F76D
:103F40000CFE0021017041462000FCF7C0FA4046FB
:103F5000F5F732FE006806003000F5F721FE007824
:103F6000002801D0012000E00020C0B2002801D0CC
:103F70004746F9E03000F5F725FE0068F6F7EDFD5D
:103F8000007801280ED13000F5F716FE0068F6F72C
:103F9000E4FD0078012801D0012000E0002090F02D
:103FA000010000E00020C0B2002806D03000F6F783
:103FB000D4FD002101704746D6E03000F5F7FCFD46
:103FC0000068F6F7CAFD0078012801D1012000E061
:103FD0000020C0B2002815D03000F5F7F3FD0068CE
:103FE000F6F7BBFD012101703000F6F7B6FD0021A8
:103FF000017031002000FCF7D1FA4046F5F7DCFDF6
:10400000006806003000F6F7A8FD81464046F6F746
:10401000A4FD007889F800004046F6F79EFD0121D6
:1040200001703000F5F7C8FD0068F6F796FD012134
:10403000017041462000FCF74AFA9BE04046F5F744
:10404000C1FD006806003000F6F787FD0078002803
:1040500001D1012000E00020C0B2002812D03000C1
:10406000F6F77BFD012101704046F6F776FD002151
:10407000017041462000FCF791FA4046F5F7A2FD99
:10408000006806003000F5F78BFD0078002801D0AD
:10409000012000E00020C0B2002801D0474663E0C4
:1040A0003000F5F789FD0068F6F757FD0078012824
:1040B0000ED13000F5F786FD0068F6F74EFD00786A
:1040C000012801D0012000E0002090F0010000E074
:1040D0000020C0B2002806D03000F6F73EFD0021D7
:1040E0000170474640E03000F5F76CFD0068F6F7D8
:1040F00034FD0078012801D1012000E00020C0B289
:10410000002815D03000F5F757FD0068F6F725FDBB
:10411000012101703000F6F720FD0021017031000F
:104120002000FCF7D4F94046F5F74CFD0068060086
:104130003000F6F712FD81464046F6F70EFD007896
:1041400089F800004046F6F708FD012101703000B3
:10415000F5F738FD0068F6F700FD012101704146D2
:104160002000FCF71BFA05E03800FBF743FB006872
:104170008046A9E63800F6F7F0FC0121017028001E
:10418000EFF7ADFFF5F774FD81462000F6F7EBFC85
:10419000494600F060FC2000F6F7E5FC012229000A
:1041A00000F061FC2000FBF709FB0068002805D047
:1041B0002000FBF703FB0168491E01602000EFF7B8
:1041C00075FF020002996846EFF778FF0068BDE8C6
:1041D000FE8370B504000D002800F5F7F3FCFCF732
:1041E00019F906002000F6F7BEFC310002F0D6FEF9
:1041F0002800FBF7FFFAFCF70DF906002000F6F7A0
:10420000B2FC310002F0CAFE2800F5F7D5FCFCF73D
:1042100001F906002000F6F7A6FC310002F0BEFE10
:104220002000F6F7A0FC0122290000F01CFC70BD64
:1042300010B504002000C046C04610BD002101603A
:104240000021416000218160704710B5040020000A
:1042500002F0ACFE10BD38B504000D0001220021B3
:10426000280002F0A7FE32BD2DE9F64104000D0042
:104270001E002000C046C04607002800C046C046B9
:1042800080460198C046C0463300020041463800CF
:1042900002F0A2FE010001A80160C0460068BDE86E
:1042A000F68170B504000D0016003100280002F000
:1042B000ACFE70BD10B50400002120004162C04674
:1042C000200010BD2DE9F84304000D001600280061
:1042D00002F0A2FE002813D000275FF000082000A3
:1042E000C046C04681462800C046C0463300020092
:1042F0004946684602F09AFE494620004162C0469F
:10430000BDE8F1832DE9F84304000D0016002800F4
:1043100002F0A2FE002813D000275FF00008200062
:10432000C046C04681462800C046C0463300020051
:104330004946684602F09AFE494620004162C0465E
:10434000BDE8F1832DE9F84304000D0016002800B4
:1043500002F0A2FE002813D000275FF00008200022
:10436000C046C04681462800C046C0463300020011
:104370004946684602F09AFE494620004162C0461E
:10438000BDE8F1832DE9F84304000D001600280074
:1043900002F0A2FE002813D000275FF000082000E2
:1043A000C046C04681462800C046C04633000200D1
:1043B0004946684602F09AFE494620004162C046DE
:1043C000BDE8F1832DE9F84304000D001600280034
:1043D00002F0A2FE002813D000275FF000082000A2
:1043E000C046C04681462800C046C0463300020091
:1043F0004946684602F09AFE494620004162C0469E
:10440000BDE8F1832DE9F84304000D0016002800F3
:1044100002F0A2FE002813D000275FF00008200061
:10442000C046C04681462800C046C0463300020050
:104430004946684602F09AFE494620004162C0465D
:10444000BDE8F18310B50400200002F0A5FE10BD08
:1044500010B504002000C046C046C046C04610BD8E
:1044600010B504002000FFF7F3FF10BD70B5040085
:104470000D00160032002900200002F0A1FE2000ED
:1044800070BD2DE9F04104000D00200002F09EFEF9
:104490000600300002F0DEFE00210170300000F066
:1044A000A9F9002101703000FBF7B6FD07002800D4
:1044B000C046C0468046380002F0D2FE0700200009
:1044C00002F0D4FE4246390002F0D8FE3000BDE8CA
:1044D000F0812DE9F34387B0040015001E0001A808
:1044E00002F0D9FE0027200002F0DCFE00280ED1E9
:1044F0002800C046C04680462000FFF7B1FF009666
:10450000434602680121200002F0D3FE66E120004C
:1045100003F059F8049004A908A8F5F76FFF0028E4
:1045200001D0012000E00020C0B200282BD02900DB
:104530002000FBF777FD804608A80068C046010010
:104540002000F5F764FF8146200003F04CF84A464E
:104550004146DCF768FB002801D0012000E0002084
:10456000C0B2002800F02E8108A80068C04680462E
:104570002800C046C04600960300424601212000A4
:1045800002F097FE2AE12000FBF701FC039003A94B
:1045900008A8F5F733FF002801D0012000E0002033
:1045A000C0B200282CD0200003F023F801682000BE
:1045B000F5F72DFF804629002000FBF733FD8146EB
:1045C000200003F010F84A464146DCF72CFB002897
:1045D00001D0012000E00020C0B2002800F0F280ED
:1045E000200003F006F880462800C046C04600962A
:1045F0000300D8F800200021200002F05AFEEDE070
:1046000029002000FBF70EFD804608A80068C04680
:1046100001002000F5F7FBFE8146200002F0E3FFD9
:104620004A464146DCF7FFFA00281FD0089801905F
:1046300001A802F0E7FF0068C04601002000F5F77E
:10464000E6FE804629002000FBF7ECFC81462000B6
:1046500002F0C9FF4A464146DCF7E5FA002801D1DD
:10466000012000E0002090F0010000E00020C0B236
:1046700000282ED001A80068C04600F0C1F80068EC
:1046800000F0B8F80078002801D0012000E00020F8
:10469000C0B200280ED001A80068C046804628009D
:1046A000C046C0460096030042460021200002F0AA
:1046B00000FE93E008A80068C04680462800C04677
:1046C000C0460096030042460121200002F0F1FDA1
:1046D00084E008A80068C04601002000F5F797FEB6
:1046E000804629002000FBF79DFC8146200002F057
:1046F0007AFF4A464146DCF796FA00282FD0089800
:10470000019001A800F0A6F880462000FBF73FFBCF
:10471000029002A94046F5F771FE00281BD129003E
:104720002000FBF77FFC804601A80068C04601001E
:104730002000F5F76CFE8146200002F054FF4A4647
:104740004146DCF770FA002801D0012000E000208B
:1047500090F0010000E0002090F0010000E0002057
:10476000C0B200282ED008A80068C04600F048F863
:10477000006800F03FF80078002801D0012000E038
:104780000020C0B200280ED008A80068C0468046AD
:104790002800C046C0460096030042460021200083
:1047A00002F087FD1AE001A80068C0468046280094
:1047B000C046C0460096030042460121200002F098
:1047C00078FD0BE02800C046C046009603003A0082
:1047D000D2B2210005A802F01CFF059809B0BDE87F
:1047E000F08310B504002000FBF710FC006802F015
:1047F000EFFF10BD10B5040020000D30C04610BD05
:1048000010B5040020000830C04610BD10B50400EB
:104810002000C046C04610BD70B504000D00160053
:104820002800C046C046006820603000C046C04630
:1048300000686060200070BD38B504000D002900DC
:104840002000F5F7DBFD002801D1012000E0002069
:10485000C0B232BD10B50400200002F0BFFF20003E
:1048600010BD70B504000D0016002000F5F7DAFD4C
:1048700032002900DCF7D7F970BD10B50400200024
:1048800002F0F2FF10BD10B504002000C046C04683
:1048900010BD2DE9F64104000D001E00200002F0BD
:1048A000EEFF0700280002F0EAFF80460198C046AC
:1048B000C0463300020041463800FDF7F0FF01001A
:1048C00001A80160C0460068BDE8F68138B5040063
:1048D0000D0001220021280002F0D6FF32BD70B584
:1048E00004000D0016003000C046C046020029003A
:1048F000200002F0DFFF70BD2DE9FE4F05000E0025
:1049000017009846DDF830900196019920200800A4
:10491000C0460400002C19D04046C046C0460100E5
:1049200002A80968016082464846C046C0460100A8
:104930006846C046C04683463800C046C0465B460F
:1049400052460178200002F0C9FF00E00020BDE8D7
:10495000F78F10B504002000C046C046C046C046D0
:1049600010BD10B50400200002F0CEFF10BD38B518
:1049700004000D002900200002F0CCFF31BD70B50D
:1049800004000D00160032002900200002F0CAFFCA
:1049900070BD10B5040020000830C04600680D301E
:1049A000C0460078002801D1012000E00020C0B2FC
:1049B000002805D020000830C04600680400EAE75F
:1049C000200010BD38B504000D0001220021280090
:1049D00002F0B2FF32BD70B504000D0016003000C9
:1049E000C046C04602002900200002F0BBFF70BD97
:1049F0002DE9FE4F05000E0017009846DDF83090B7
:104A00000196019920200800C0460400002C19D00E
:104A10004046C046C046010002A8096801608246BF
:104A20004846C046C04601006846C046C046834668
:104A30003800C046C0465B4652460178200002F06E
:104A4000A5FF00E00020BDE8F78F10B504002000AE
:104A500002F0B2FF10BD38B504000D00290020009F
:104A600002F0B0FF31BD70B504000D001600320039
:104A70002900200002F0AEFF70BD38B504000D0023
:104A800001220021280002F0AFFF32BD70B5040002
:104A90000D0016003000C046C0460200290020006C
:104AA00002F0B8FF70BD2DE9FE4F05000E001700A3
:104AB0009846DDF83090019601991C200800C04608
:104AC0000400002C19D04046C046C046010002A890
:104AD0000968016082464846C046C04601006846F3
:104AE000C046C04683463800C046C0465B46524674
:104AF0000178200002F0A2FF00E00020BDE8F78F5F
:104B000010B50400200002F0AFFF10BD38B504005E
:104B10000D002900200002F0ADFF31BD70B504008A
:104B20000D00160032002900200002F0ABFF70BD1E
:104B300001007FF0404070472DE9FC4104000D006A
:104B400016001F0020000020C046804631002000D3
:104B5000C046C0460190CDF800803B0032002900DD
:104B6000200002F098FFBDE8F68138B504000D0082
:104B700029002000C046C04620682968401A8010DD
:104B800032BD2DE9F04704000D0016002F1BBF10A9
:104B90005FEA8708A146B246424649465046DDF7DD
:104BA000F1FA0AEB8700BDE8F08710B50400200099
:104BB000C046C04610BD70B5040015001E00280098
:104BC000C046C0460100200002F079FF3000C04618
:104BD000C04600682060200070BD38B50400150094
:104BE0002800C046C0460100200002F06EFF2000F1
:104BF00002F071FF200032BD38B504002000F1F74B
:104C00007CFA0121F6F7CEFF00900098F1F719FA2F
:104C1000F6F7D0FF05002000F1F76FFA6A46290089
:104C2000F6F7CEFF0098F6F7B7FFF6F7C3FF0500DB
:104C30002000F1F762FA6A462900F6F7C1FF0098F2
:104C4000F1F7F9F9F6F7B6FF05002000F1F755FA8C
:104C50006A462900F6F7B4FF0098F1F742FA0121FD
:104C600001700098F1F7D5F901210170009832BD6B
:104C700001000148704700BFAAAAAA0AF8B50400BB
:104C800015000026002C01D130000AE005488442BE
:104C900001D3DBF75BFD182707FB04F73800DEF7CD
:104CA00011FDF2BDABAAAA0A75B582B00C001D00B9
:104CB00002980020C046060003A902A8C046C046CC
:104CC000019000962B00039A2100029802F008FF41
:104CD00004B070BDF8B5040015000026002C01D109
:104CE00030000AE00548844201D3DBF72FFD30276E
:104CF00007FB04F73800DEF7E5FCF2BD5655550515
:104D0000F8B505000E001700310004200800C04669
:104D10000400002C05D03800C046C0460068206062
:104D200000E00020F1BD00007CB5040015001E006D
:104D300006486A4601781170054803783200290058
:104D4000200002F0E4FE200076BD00BF274D0308DE
:104D5000E72E030810B50400200002F0EBFE10BDA2
:104D600038B504000D002900200002F0E9FE31BD35
:104D700070B504000D0016003100280002F0E7FEB7
:104D800070BD0000F8B5040015000026002C01D10C
:104D900030000AE00548844201D3DBF7D7FC302716
:104DA00007FB04F73800DEF78DFCF2BD56555505BC
:104DB000F8B505000E001700310004200800C046B9
:104DC0000400002C05D03800C046C04600682060B2
:104DD00000E00020F1BD00007CB5040015001E00BD
:104DE00006486A46017811700548037832002900A8
:104DF000200002F0B3FE200076BD00BF264D030860
:104E0000E62E030810B50400200002F0BBFE10BD22
:104E100038B504000D002900200002F0B9FE31BDB4
:104E200070B504000D0016003100280002F0B7FE36
:104E300070BD0000F8B5040015000026002C01D15B
:104E400030000AE00548844201D3DBF77FFC3827B5
:104E500007FB04F73800DEF735FCF2BD2549920464
:104E6000F8B505000E001700310004200800C04608
:104E70000400002C05D03800C046C0460068206001
:104E800000E00020F1BD10B5040008682060083182
:104E900014F10800E1F704FD200010BD01000148F5
:104EA000704700BF2449920438B504000D00290062
:104EB000200002F07BFE31BD38B50400150028004B
:104EC000C046C0460100200002F077FE200002F03C
:104ED0007AFE200032BD38B504002000F2F768FAEF
:104EE0000121F7F715FE00900098F2F705FAF7F7A1
:104EF00017FE05002000F2F75BFA6A462900F7F773
:104F000015FE0098F7F7FEFDF7F70AFE05002000F2
:104F1000F2F74EFA6A462900F7F708FE0098F2F712
:104F2000E5F9F7F7FDFD05002000F2F741FA6A46C2
:104F30002900F7F7FBFD0098F2F72EFA0121017026
:104F40000098F2F7C1F901210170009832BD38B51F
:104F5000040015002800C046C0460100200002F0F1
:104F600037FE200002F03AFE200032BD38B50400C2
:104F70002000F7F715FB0121FCF73FF8009000989F
:104F8000F3F721FFFCF741F805002000F7F708FBD5
:104F90006A462900FCF73FF80098F9F717FBFCF781
:104FA00034F805002000F7F7FBFA6A462900FCF701
:104FB00032F80098F3F701FFFCF727F8050020000E
:104FC000F7F7EEFA6A462900FCF725F80098F7F79C
:104FD000DBFA012101700098F3F7E9FE012101706D
:104FE000009832BD38B504000D00012200212800D0
:104FF00002F0F9FD32BD70B504000D00160030005E
:10500000C046C04602002900200002F000FE70BD2C
:105010002DE9F04105000E001700B0464146302052
:105020000800C0460400002C07D03800C046C04627
:105030000100200002F0FEFD00E00020BDE8F0814C
:1050400010B504002000C046C046C046C04610BD92
:1050500010B50400200002F0FCFD10BD38B50400BE
:105060000D002900200002F0FAFD31BD70B50400EA
:105070000D00160032002900200002F0F8FD70BD7E
:1050800010B5040020000830C04600680D30C0464E
:105090000078002801D1012000E00020C0B20028E3
:1050A00005D020000830C04600680400EAE7200070
:1050B00010BD0000F8B5040015000026002C01D139
:1050C00030000AE00548844201D3DBF73FFB2C2780
:1050D00007FB04F73800DEF7F5FAF2BD5E74D10580
:1050E000F8B505000E001700310004200800C04686
:1050F0000400002C05D03800C046C046006820607F
:1051000000E00020F1BD00007CB5040015001E0089
:1051100006486A4601781170054803783200290074
:10512000200002F0ADFD200076BD00BF5AAA0308A2
:10513000CEA9030810B50400200002F0B3FD10BD95
:1051400038B504000D002900200002F0B1FD31BD8A
:1051500070B504000D0016003100280002F0AFFD0C
:1051600070BD2DE9F84305000E0017009846310088
:1051700008200800C0460400002C0CD04046C04661
:10518000C04681463800C046C0464A46010020005D
:1051900002F09CFD00E00020BDE8F1832DE9F8431A
:1051A00005000E0017009846310008200800C04690
:1051B0000400002C0CD04046C046C0468146380052
:1051C000C046C0464A460100200002F09DFD00E0B6
:1051D0000020BDE8F183000010B50400024801780A
:1051E00020000120C04610BDFBE102082DE9F0417E
:1051F00004000D0016001F003800C046C04680465F
:105200003000C046C046434602002900200002F09C
:1052100099FDBDE8F081000010B504000248017856
:1052200020000120C04610BDB2E302082DE9F04184
:1052300004000D0016001F003800C046C04680461E
:105240003000C046C046434602002900200002F05C
:105250008EFDBDE8F08100007CB504000D00160055
:10526000009601AB2A0005480178200002F094FD69
:10527000200002F0A9FD200076BD00BFFAE102087F
:1052800010B504002000F8F75DFE10BDF8B504006D
:10529000200000F04BF8012102F0A1FD05002800DC
:1052A000FCF747FF06002000FCF77FF907003000FD
:1052B00002F09DFD0600200000F038F83A003100B1
:1052C00002F09BFD280000F0F7FD06002000FCF72F
:1052D0006CF90700300002F08AFD0600200000F0A3
:1052E00025F83A00310002F088FD2800FCF71BFF8A
:1052F00006002000FCF759F90700300002F077FDA6
:105300000600200000F012F83A00310002F075FDAE
:105310002800F2BD10B5040020000C30C04610BDBE
:1053200010B504002000C046C04610BD10B50400F2
:105330002000C046C046C046C04610BD70B504003F
:105340000D0016003000C046C046020029002000B3
:1053500002F060FD70BD10B50400200002F067FD92
:10536000200010BD10B50400200002F066FD0068AA
:1053700010BD2DE9F84F04000D0016001F00DDF8E8
:105380002880200002F060FD8146200002F063FDCD
:10539000D9F80010401E814205D34146200002F09A
:1053A00063FDDBF76FF93800C046C0460200414696
:1053B0002000030008008146200002F045FD01683E
:1053C000491C0160C9F804602000FCF7EEF8006891
:1053D00086420FD12000FCF797FEC0F80090200015
:1053E00002F059FDC0F80090200000F062F9C0F80A
:1053F000009030E02800C0B2002816D03000FCF742
:1054000098FEC0F80090200002F045FD006886423A
:1054100001D1012000E00020C0B200281BD02000F4
:1054200002F039FDC0F8009015E03000FCF77BFE7B
:10543000C0F80090200000F03CF90068864201D1DD
:10544000012000E00020C0B2002804D0200000F0BD
:1054500030F9C0F80090CA46504600F02DFD0068B3
:10546000FFF758FF0078002801D1012000E000205C
:10547000C0B2002800F0F480504600F01DFD8346C5
:10548000504600F019FD006800F016FD0068FCF7BA
:1054900050FEDBF800100068814201D1012000E0DD
:1054A0000020C0B200286DD0504600F005FD006815
:1054B00000F002FD0068FCF736FE006806003000D0
:1054C000FFF728FF0078002801D1012000E000202C
:1054D000C0B2002820D0504600F0EEFC0068FFF774
:1054E00019FF012101703000FFF714FF0121017045
:1054F000504600F0E1FC006800F0DEFC0068FFF7B9
:1055000009FF00210170504600F0D6FC006800F051
:10551000D3FC006882469FE7504600F0CDFC00684F
:10552000FCF701FE0068824501D1012000E0002067
:10553000C0B2002808D0504600F0BEFC0068824689
:105540005146200002F0B0FC504600F0B5FC006867
:10555000FFF7E0FE01210170504600F0ADFC00684D
:1055600000F0AAFC0068FFF7D5FE0021017050464C
:1055700000F0A2FC006800F09FFC0168200002F02F
:10558000FAFC69E7504600F097FC006800F094FCD4
:105590000068FCF7CEFD006806003000FFF7BAFE99
:1055A0000078002801D1012000E00020C0B20028CE
:1055B00020D0504600F080FC0068FFF7ABFE0121D0
:1055C00001703000FFF7A6FE01210170504600F087
:1055D00073FC006800F070FC0068FFF79BFE002180
:1055E0000170504600F068FC006800F065FC00683F
:1055F000824631E7504600F05FFC0068FCF799FDF9
:105600000068824501D1012000E00020C0B20028DE
:1056100008D0504600F050FC0068824651462000F9
:1056200002F0A9FC504600F047FC0068FFF772FE4C
:1056300001210170504600F03FFC006800F03CFC86
:105640000068FFF767FE00210170504600F034FC4F
:10565000006800F031FC0168200002F025FCFBE648
:105660002000FCF751FD0068FFF754FE0121017096
:105670002000FBF792FF020049466846FBF79BFFBC
:105680000068BDE8F28F38B50400200002F003FC8A
:1056900005002000FBF781FF020029686846FBF740
:1056A0008AFF006832BD10B504002000C046C04625
:1056B00010BD10B504002000F8F74FFC0068FCF79F
:1056C00032FD10BD10B50400200002F0BBFC20002C
:1056D00010BD2DE9F44F8CB080460C001D00200059
:1056E000FCF712FD06682000FBF75FFFD0F8009082
:1056F00001273000FCF711FD0078002801D10120BE
:1057000000E00020C0B200283DD0B1469DF8300036
:10571000002816D031002000F2F725FE824629002D
:105720002000F8F726FC83462000FFF7BCFF5A460E
:105730005146DBF778FA002801D1012713E0002752
:1057400011E029002000F8F714FC82463100200007
:10575000F2F709FE83462000FFF7A5FF5A4651469F
:10576000DBF761FA07003800C0B2002805D030002E
:10577000FCF7DFFC00680600BBE73000FCF7D3FC59
:1057800000680600B5E72000FBF707FF0200494666
:1057900002A8FBF710FF3800C0B200282DD020006F
:1057A000FFF771FF059005A902A8F2F7D3FD0028C5
:1057B00001D0012000E00020C0B200281AD028004B
:1057C000C046C0461699009103004A4601212000B8
:1057D000FFF7CFFD049001208DF805000DF10502C3
:1057E00004A90AA802F086FC0200D2E90001C8E977
:1057F00000014AE002A802F08DFC02A80068C04641
:1058000001002000F2F7AFFD824629002000F8F7E2
:10581000B0FB83462000FFF746FF5A465146DBF7B0
:1058200002FA002801D0012000E00020C0B20028C8
:105830001AD02800C046C0461699009103004A4677
:105840003900C9B22000FFF794FD039001208DF8C4
:10585000040001AA03A908A802F04CFC0200D2E946
:105860000001C8E9000110E01699200002F0FCFADE
:1058700000208DF800006A4602A906A802F051FC3B
:105880000200D2E90001C8E900010DB0BDE8F08FC7
:1058900038B5040015002800C046C04601002000AD
:1058A00002F04FFC200002F052FC200032BD38B55F
:1058B00004000D00A888A080E888E080287A207283
:1058C00014F1090015F109014FF48072D5F7D8FFE2
:1058D00004F2091005F209114FF48072D5F7D0FFD8
:1058E00095F8090284F8090215F5047114F504709D
:1058F00002F034FCB5F83802A4F83802B5F83A02E0
:10590000A4F83A02B5F83C02A4F83C02B5F83E020D
:10591000A4F83E0215F5107114F51070DAF741FB8A
:1059200015F5167114F51670DAF73BFBB5F8700231
:10593000A4F87002200032BD70B504000D001600FE
:10594000AC4209D0200002F01AFC0100300002F045
:105950001CFC14F51E74F3E770BD35B581B00C0066
:105960001D0002A901A8C046C04600902B00029A63
:105970002100019802F011FC3EBD38B504000D0075
:105980002000DAF70FFC31BD10B50400200002F052
:105990001DFC10BD38B504000D00012200212800B7
:1059A00002F01AFC32BD000010B504000248017874
:1059B000200002F029FC10BDE2E602082DE9F041CA
:1059C00004000D0016001F003800C046C046804687
:1059D0003000C046C046434602002900200002F0C5
:1059E0001BFCBDE8F08170B504000D002800FCF739
:1059F0003DF8002820D1280002F023FC002810D018
:105A00002800406AC04606002000C046C04601008B
:105A10003000326812689047010020004162C046A1
:105A20000AE02800406AC0460021026812689047D8
:105A3000010020004162C04670BD70B58AB004000C
:105A40000D00200002F0FDFB002814D1280002F018
:105A5000F8FB00280FD12000406AC046060028004D
:105A6000406AC046010020004162C0463100280063
:105A70004162C0461AE06846FBF7D0FF2000C046EE
:105A8000C0460100684602F0ECFB2800C046C04654
:105A90000100200002F0E5FB6846C046C046010058
:105AA000280002F0DEFB684600F0EEF90AB070BD97
:105AB000016849084900016000210160002141603E
:105AC000002181600021C16000210161212141612B
:105AD000DFF8B011884204D13D21DFF8AC2111601C
:105AE00087E0DFF8A811884205D14FF47461DFF830
:105AF000982111607DE0DFF89811884205D15FF4AC
:105B00007411DFF88421116073E0DFF88811884296
:105B100005D15FF07461DFF87021116069E0DFF892
:105B20007811884205D1DFF87411DFF87421116013
:105B30005FE0DFF87011884205D1DFF86C11DFF803
:105B40006021116055E0DFF86411884205D1DFF86B
:105B50006011DFF84C2111604BE0DFF858118842EA
:105B600005D15FF03D51DFF83821116041E0DFF8E9
:105B70004811884204D13D21DFF84021116038E00E
:105B8000DFF83C11884205D14FF47461DFF82C2115
:105B900011602EE0DFF82C11884205D15FF47411FA
:105BA000DFF81821116024E0DFF81C11884204D1CD
:105BB0005FF07461414A11601BE04449884203D19F
:105BC0003649434A116014E04249884203D13649BC
:105BD0003F4A11600DE04049884203D134493C4AB4
:105BE000116006E03D49884203D15FF03D51384ADB
:105BF0001160704770B400230468394A14400D687E
:105C0000CA6815434A6915438A691543CA69154329
:105C10000A6A15434A6A15438A6A15434A6B154353
:105C20008A6B15432C4304604569ED08ED00CE6A8C
:105C30000A6B1643354345610A6942604A688260CF
:105C40008A68C26070BC70470A00D2B2002A04D0D1
:105C5000026852F00102026003E00268520852003A
:105C600002607047144A904201D21E4A00E01E4A68
:105C70008B0003D51D4B0B40D36002E01B4B0B4048
:105C80009360704710600240086002402860024044
:105C90004060024058600240706002403D000020B9
:105CA0000C60024088600240400F0020A06002406B
:105CB00000003D20B86002401064024008640240C9
:105CC000286402404064024058640240706402400C
:105CD0000C64024088640240A0640240B864024040
:105CE0003F801CF000600240006402407D0F7D0F89
:105CF00010B504005D48844208D101211020FBF753
:105D0000FCFF00211020FBF7F8FF42E058488442D6
:105D10000AD101215FF40030FBF7E1FF00215FF4BD
:105D20000030FBF7DCFF34E0524884420AD1012105
:105D30005FF48020FBF7D3FF00215FF48020FBF7A6
:105D4000CEFF26E04C4884420AD101215FF40020B6
:105D5000FBF7C5FF00215FF40020FBF7C0FF18E050
:105D6000464884420AD101215FF48010FBF7B7FF57
:105D700000215FF48010FBF7B2FF0AE04048844244
:105D800007D101212020FBF7B8FF00212020FBF7DD
:105D9000B4FF10BD2DE9F04F85B004000D000026C2
:105DA00000275FF000085FF00009A8890028218A19
:105DB00031F44051E8880143009100982082B4F802
:105DC0000CA0304810EA0A0AA9882889014368898A
:105DD000014351EA0A0AA4F80CA0B4F814B03BF449
:105DE000407BA88950EA0B0BA4F814B001A8FBF77C
:105DF000CBFE1E48844202D02148844201D104993E
:105E000000E00399A089000407D5192000FB01F0E8
:105E10002A685200B0FBF2F206E0192000FB01F004
:105E20002A689200B0FBF2F26420B2FBF0F6360171
:105E300033001B09642000FB1323A089000408D54C
:105E4000D80032306427B0FBF7F010F007000643AB
:105E500007E0180132306427B0FBF7F010F00F00B4
:105E60000643268105B0BDE8F08F00000010014018
:105E70000044004000480040004C004000500040FA
:105E800000140140F3E9FFFF10B50400200002F008
:105E900015FA200010BD10B504002000C046C04611
:105EA00010BD70B504000D00160025603100200003
:105EB000C046C046200070BD10B504002000001D83
:105EC000C04610BD38B5040020680D30C0460078CB
:105ED000002801D0012000E00020C0B2002835D108
:105EE00020680830C04600680D30C04600780028A1
:105EF00001D1012000E00020C0B2002807D02068B6
:105F00000830C046006802F0F6F920601EE0206804
:105F1000001DC0460068050028000D30C04600780E
:105F200000280CD128000830C04621680068814252
:105F300001D0012000E0002090F0010000E00020EE
:105F4000C0B2002801D02560E1E72560200032BD05
:105F500070B504000D001600256031002000C04619
:105F6000C046200070BD2DE9F04104000D00160070
:105F70001F00B046AC420AD03000EBF703F9220014
:105F800001003800EBF732F918361834F2E7300028
:105F9000BDE8F08170B504000D00160025603100E9
:105FA0002000C046C046200070BD00007CB5040043
:105FB0000D001600009601AB2A000548017820006C
:105FC00002F0B2F9200002F0C7F9200076BD00BF50
:105FD000F7870208F8B50400200000F051F801210D
:105FE00002F0C5F905002800F2F717FB06002000B3
:105FF000ECF75CFF0700300002F0C1F9060020005A
:1060000000F03EF83A00310002F0BFF9280002F03B
:10601000C9F906002000ECF749FF0700300002F044
:10602000AEF90600200000F02BF83A00310002F033
:10603000ACF9280000F0F9F906002000ECF736FF73
:106040000700300002F09BF90600200000F018F86D
:106050003A00310002F099F92800F2BD10B50400B1
:1060600020000C30C04610BD10B5040020000D30DB
:10607000C04610BD10B504002000C046C04610BD8B
:1060800010B504002000C046C046C046C04610BD42
:1060900070B504000D0016003000C046C046020076
:1060A0002900200002F084F970BD10B50400200022
:1060B00002F08BF9200010BD10B50400200002F0A2
:1060C0008AF9006810BD2DE9F84F04000D00160094
:1060D0001F00DDF82880200002F084F981462000AE
:1060E00002F087F9D9F80010401E814205D34146DD
:1060F000200002F087F9DAF7C5FA3800C046C0463A
:10610000020041462000030008008146200002F002
:1061100069F90168491C0160C9F804602000ECF7C6
:10612000C5FE006886420FD1200002F082F9C0F857
:1061300000902000ECF79EFEC0F80090200000F0D8
:1061400064F9C0F8009030E02800C0B2002816D0F2
:106150003000F2F762FAC0F800902000ECF78AFEF7
:106160000068864201D1012000E00020C0B2002872
:106170001BD02000ECF77EFEC0F8009015E0300048
:1061800000F053F9C0F80090200000F03EF90068DC
:10619000864201D1012000E00020C0B2002804D0D6
:1061A000200000F032F9C0F80090CA46504602F0D4
:1061B000F9F80068FFF752FF0078002801D10120AC
:1061C00000E00020C0B2002800F0F480504602F049
:1061D000E9F88346504602F0E5F8006802F0E2F87C
:1061E0000068F2F71AFADBF800100068814201D16A
:1061F000012000E00020C0B200286DD0504602F01F
:10620000D1F8006802F0CEF8006800F00EF90068DE
:1062100006003000FFF722FF0078002801D101209E
:1062200000E00020C0B2002820D0504602F0BAF8AA
:106230000068FFF713FF012101703000FFF70EFF28
:1062400001210170504602F0ADF8006802F0AAF892
:106250000068FFF703FF00210170504602F0A2F82A
:10626000006802F09FF8006882469FE7504602F0FF
:1062700099F8006800F0D9F80068824501D1012042
:1062800000E00020C0B2002808D0504602F08AF892
:10629000006882465146200002F0D4F8504602F0D1
:1062A00081F80068FFF7DAFE01210170504602F024
:1062B00079F8006802F076F80068FFF7CFFE002159
:1062C0000170504602F06EF8006802F06BF8016849
:1062D000200002F01EF969E7504602F063F80068FA
:1062E00002F060F80068F2F798F9006806003000E4
:1062F000FFF7B4FE0078002801D1012000E0002063
:10630000C0B2002820D0504602F04CF80068FFF7D9
:10631000A5FE012101703000FFF7A0FE01210170F0
:10632000504602F03FF8006802F03CF80068FFF7C2
:1063300095FE00210170504602F034F8006802F02A
:1063400031F80068824631E7504602F02BF80068C9
:10635000F2F763F90068824501D1012000E00020D6
:10636000C0B2002808D0504602F01CF800688246EF
:106370005146200002F0CDF8504602F013F80068B4
:10638000FFF76CFE01210170504602F00BF8006827
:1063900002F008F80068FFF761FE00210170504626
:1063A00002F000F8006801F0FDFF0168200002F033
:1063B00049F8FBE6200002F03CF80068FFF74EFECB
:1063C000012101702000ECF75EFD0200494668469D
:1063D000ECF761FD0068BDE8F28F38B504000D00F0
:1063E0002800C046C04632BD38B504000D00280064
:1063F000FBF78BFF01002000FFF7EFFF32BD10B568
:1064000004002000C046C04610BD10B504002000A6
:10641000F2F7FDF8006800F008F810BD10B50400B0
:10642000200002F0DDF8200010BD10B504002000AF
:106430000830C04610BD2DE9F44F8CB080460C00EA
:106440001D00200001F0F5FF06682000ECF72EFD8E
:10645000D0F8009001273000FFF706FE00780028F2
:1064600001D1012000E00020C0B200283DD0B1469B
:106470009DF83000002816D031002000FFF7B4FF4F
:10648000824629002000FFF7A8FF83462000FFF77F
:10649000B6FF5A465146DAF7C6FB002801D101275C
:1064A00013E0002711E029002000FFF796FF824645
:1064B00031002000FFF798FF83462000FFF79FFF81
:1064C0005A465146DAF7AFFB07003800C0B2002841
:1064D00005D03000F2F7A1F800680600BBE73000F5
:1064E000FFF7A3FF00680600B5E72000ECF7CBFC40
:1064F0000200494602A8ECF7CEFC3800C0B20028E2
:106500002DD02000E8F7EEFB059005A902A8ECF7D6
:10651000D3FC002801D0012000E00020C0B20028F8
:106520001AD02800C046C0461699009103004A467A
:1065300001212000FFF7C7FD049001208DF8050020
:106540000DF1050204A90AA802F0A2F80200D2E99E
:106550000001C8E900014AE002A802F0A9F802A877
:106560000068C04601002000FFF73EFF8246290078
:106570002000FFF732FF83462000FFF740FF5A4616
:106580005146DAF750FB002801D0012000E000203E
:10659000C0B200281AD02800C046C0461699009103
:1065A00003004A463900C9B22000FFF78CFD039072
:1065B00001208DF8040001AA03A908A802F068F8D8
:1065C0000200D2E90001C8E9000110E0169920009C
:1065D00001F018FF00208DF800006A4602A906A805
:1065E00002F06DF80200D2E90001C8E900010DB027
:1065F000BDE8F08F0068002801D0012000E00020F5
:10660000C0B270472DE9F04104000D0016001F00D4
:106610003800C046C04680463000C046C0464346AB
:1066200002002900200002F05AF8BDE8F0812DE9AF
:10663000F84305000E0017009846310008200800B6
:10664000C0460400002C0CD04046C046C0468146DF
:106650003800C046C0464A460100200002F05CF8FF
:1066600000E00020BDE8F1832DE9F84305000E00AD
:1066700017009846310008200800C0460400002C8E
:106680000CD04046C046C04681463800C046C04691
:106690004A460100200002F05DF800E00020BDE85D
:1066A000F1832DE9F84305000E00170098463100EC
:1066B00008200800C0460400002C0CD04046C0460C
:1066C000C04681463800C046C0464A460100200008
:1066D00002F05EF800E00020BDE8F1832DE9F84308
:1066E00005000E0017009846310008200800C0463B
:1066F0000400002C0CD04046C046C04681463800FD
:10670000C046C0464A460100200002F05FF800E0A3
:106710000020BDE8F1832DE9F84305000E001700C5
:106720009846310008200800C0460400002C0CD018
:106730004046C046C04681463800C046C0464A462C
:106740000100200002F060F800E00020BDE8F183C5
:106750002DE9F84305000E00170098463100082087
:106760000800C0460400002C0CD04046C046C0467D
:1067700081463800C046C0464A460100200002F06B
:1067800061F800E00020BDE8F1832DE9F843050041
:106790000E0017009846310008200800C04604008B
:1067A000002C0CD04046C046C04681463800C0464A
:1067B000C0464A460100200002F062F800E00020D6
:1067C000BDE8F1832DE9F84305000E001700984657
:1067D000310008200800C0460400002C0CD04046C0
:1067E000C046C04681463800C046C0464A46010001
:1067F000200002F063F800E00020BDE8F1832DE9FD
:10680000F84305000E0017009846310008200800E4
:10681000C0460400002C0CD04046C046C04681460D
:106820003800C046C0464A460100200002F064F825
:1068300000E00020BDE8F1837CB5040015001E00D7
:1068400006486A460178117005480378320029002D
:10685000200002F06FF8200076BD00BF5BAA03089D
:10686000CFA903082DE9F04104000D0016001F0018
:10687000B046AC420AD03000EAF784FC22000100A6
:106880003800EAF7C0FC18361834F2E73000BDE8EB
:10689000F08138B5040015002800C046C04601004C
:1068A000200002F058F8200002F05BF8200032BD12
:1068B00038B504002000F3F750FE0121F9F7E0FBA2
:1068C00000900098F3F798F8F9F7E2FB0500200034
:1068D000F3F743FE6A462900F9F7E0FB0098F8F762
:1068E000A9FEF9F7D5FB05002000F3F736FE6A464E
:1068F0002900F9F7D3FB0098F3F778F8F9F7C8FB0C
:1069000005002000F3F729FE6A462900F9F7C6FBC7
:106910000098F3F71CFE012101700098F3F75AF874
:1069200001210170009832BD2DE9F04104001500ED
:106930001E00069F2800C046C0463800C046C0461C
:1069400080463000C046C04642460178200002F032
:106950000DF82000BDE8F08138B50400200002F0F9
:1069600014F805002000F2F7C9FB056031BD70B5D1
:1069700004000D001600256031002000C046C0460E
:10698000200070BD10B504002000C046C04600685D
:106990000D30C0460078002801D1012000E0002021
:1069A000C0B2002805D02000C046C04600680400E0
:1069B000EAE7200010BD38B504000D0001220021D7
:1069C000280002F01FF832BD70B504000D0016005B
:1069D0003000C046C04602002900200002F028F81E
:1069E00070BD2DE9FE4F05000E0017009846DDF83A
:1069F00030900196019954200800C0460400002CF4
:106A000019D04046C046C046010002A8096801608E
:106A100082464846C046C04601006846C046C04659
:106A200083463800C046C0465B4652460178200087
:106A300002F012F800E00020BDE8F78F10B5040066
:106A40002000C046C046C046C04610BD10B5040078
:106A5000200002F017F810BD38B504000D00290021
:106A6000200002F015F831BD70B504000D001600CD
:106A700032002900200002F013F870BD10B50400A8
:106A800020000830C04600680D30C046007800285D
:106A900001D1012000E00020C0B2002805D0200074
:106AA0000830C04600680400EAE7200010BD38B591
:106AB00004000D002900200001F0FBFF31BD70B57E
:106AC00004000D00160032002900200001F0F9FF3B
:106AD00070BD38B504000D002900200001F0FAFF58
:106AE00032BD10B504002000C046C04600680D301D
:106AF000C0460078002801D1012000E00020C0B28B
:106B0000002805D02000C046C04600680400EAE71F
:106B1000200010BD10B5040020000830C0460068F9
:106B20000D30C0460078002801D1012000E000208F
:106B3000C0B2002805D020000830C046006804001C
:106B4000EAE7200010BD17B583B004002000F8F775
:106B500065FC029002A904A8EDF711F800280FD0F7
:106B60002000ECF7FCFF019001A905A8EDF707F85C
:106B7000002801D1012000E0002090F0010000E099
:106B80000020C0B2002806D02000F8F748F9200005
:106B9000F8F744FC1DE005A904A801F0C3FF002894
:106BA00001D0012000E00020C0B2002808D0002160
:106BB00004A801F0C5FF0100200001F0C9FFEAE7C9
:106BC0002000F2F709FD020004996846F2F70CFD77
:106BD000006806B010BD10B504002000F2F70FFDEC
:106BE0000168200002F08AFA200010BD2DE9F04172
:106BF000040015001E00069F2800C046C04638004D
:106C0000C046C04680463000C046C0464246017875
:106C1000200002F0A2FA2000BDE8F08138B504009F
:106C2000200002F0A9FA05002000F2F7E8FC056058
:106C300031BD10B50400200002F0DAFA10BD38B5FD
:106C400004000D0001220021280002F0DDFA32BD0F
:106C500070B504000D0016003000C046C0460200AA
:106C60002900200002F0E6FA70BD2DE9FE4F050074
:106C70000E0017009846DDF83090019601991C200F
:106C80000800C0460400002C19D04046C046C0464B
:106C9000010002A80968016082464846C046C04615
:106CA00001006846C046C04683463800C046C0461C
:106CB0005B4652460178200002F0D0FA00E0002046
:106CC000BDE8F78F10B50400200002F0DDFA10BD1A
:106CD00038B5040015002800C046C0460100200059
:106CE00002F0D8FA200002F0DBFA200032BD38B5FD
:106CF00004002000F3F737FF0121F9F783FB009030
:106D00000098F2F75FFFF9F785FB05002000F3F725
:106D10002AFF6A462900F9F783FB0098F8F76AFD15
:106D2000F9F778FB05002000F3F71DFF6A462900FC
:106D3000F9F776FB0098F2F73FFFF9F76BFB0500D8
:106D40002000F3F710FF6A462900F9F769FB009865
:106D5000F3F703FF012101700098F2F721FF0121F1
:106D60000170009832BD2DE9F04104000D002000B3
:106D7000F3F7AFFE06003000F3F7EFFE00210170DD
:106D80003000F2F70DFF002101703000EDF7A7F998
:106D900007002800C046C04680463800F2F768FF6A
:106DA00007002000F3F7DFFE4246390002F07DFACB
:106DB0003000BDE8F08138B5040015002800C04659
:106DC000C0460100200002F07DFA200002F080FAA7
:106DD000200032BD38B504002000F4F7BDF90121D0
:106DE000F9F7C2FC00900098F2F7D2FFF9F7C4FC63
:106DF00005002000F4F7B0F96A462900F9F7C2FC53
:106E00000098F8F7D7FDF9F7B7FC05002000F4F774
:106E1000A3F96A462900F9F7B5FC0098F2F7B2FF2A
:106E2000F9F7AAFC05002000F4F796F96A46290054
:106E3000F9F7A8FC0098D1F7CEF90121017000986C
:106E4000F2F794FF01210170009832BD2DE9F04165
:106E500004000D002000F4F73BF906003000D1F7E4
:106E6000BAF9002101703000F2F780FF00210170B3
:106E70003000EDF77EFA07002800C046C046804685
:106E80003800F2F7DBFF07002000F4F765F942460F
:106E9000390002F022FA3000BDE8F081F8B50400B4
:106EA0000D002E003000F2F761FF0078002801D1BC
:106EB000012000E00020C0B2002820D03000F2F70E
:106EC00061FF01682000FFF7E9FF3000F2F760FF83
:106ED000006806002800EDF74CFAF2F7AFFF070054
:106EE0002000F4F739F93900FDF710FE2000F4F71F
:106EF00033F901222900FDF711FE3500D2E7F1BD7B
:106F000038B504000D002000C046C04600788DF85A
:106F100000002800C046C046007820706846C04681
:106F2000C0460078287031BD38B504000D00290036
:106F3000200002F0DFF931BDF8B504000D002E008D
:106F40003000F2F72DFE0078002801D1012000E08A
:106F50000020C0B2002820D03000F2F72DFE0168DA
:106F60002000FFF7E9FF3000F2F72CFE0068060072
:106F70002800EDF7B4F8F2F77BFE07002000F3F7E6
:106F8000F2FD3900FDF767FD2000F3F7ECFD01226B
:106F90002900FDF768FD3500D2E7F1BD38B50400E2
:106FA0000D002900200002F0ADF931BD01007FF095
:106FB00040407047F8B5040015000026002C01D1B0
:106FC000300008E0B4F1804F01D3D9F7BFFBA70030
:106FD0003800DCF777FBF2BD2DE9FC4104000D0021
:106FE00016001F0020000020C0468046310020000F
:106FF000C046C0460190CDF800803B003200290019
:10700000200002F087F9BDE8F68138B504000D00D4
:107010002000D9F7C7F831BD10B504000248017847
:1070200020000120C04610BDB2AE03082DE9F0419A
:1070300004000D0016001F003800C046C046804600
:107040003000C046C046434602002900200002F03E
:1070500075F9BDE8F081000010B504000248017820
:1070600020000120C04610BDB3AE03082DE9F04159
:1070700004000D0016001F003800C046C0468046C0
:107080003000C046C046434602002900200002F0FE
:107090006AF9BDE8F081000010B5040002480178EB
:1070A00020000120C04610BD32B903082DE9F0418F
:1070B00004000D0016001F003800C046C046804680
:1070C0003000C046C046434602002900200002F0BE
:1070D0005FF9BDE8F081010010B5040002480178B5
:1070E00020000120C04610BD33B903082DE9F0414E
:1070F00004000D0016001F003800C046C046804640
:107100003000C046C046434602002900200002F07D
:1071100054F9BDE8F081000010B504000248017880
:1071200020000120C04610BDE28100082DE9F04199
:1071300004000D0016001F003800C046C0468046FF
:107140003000C046C046434602002900200002F03D
:1071500049F9BDE8F081010010B50400024801784A
:1071600020000120C04610BDE38100082DE9F04158
:1071700004000D0016001F003800C046C0468046BF
:107180003000C046C046434602002900200002F0FD
:107190003EF9BDE8F08100007CB504000D0016004A
:1071A000009601AB2A0005480178200002F044F95E
:1071B000200002F059F9200076BD00BF5FAE030841
:1071C00010B504002000F8F716FF10BDF8B5040054
:1071D000200000F04BF8012102F051F905002800D1
:1071E000FDF714FB06002000FDF73AF90700300018
:1071F00002F04DF90600200000F038F83A003100A6
:1072000002F04BF9280000F0E3FA06002000FDF739
:1072100027F90700300002F03AF90600200000F0DC
:1072200025F83A00310002F038F92800FDF7E8FAB5
:1072300006002000FDF714F90700300002F027F9DE
:107240000600200000F012F83A00310002F025F9A3
:107250002800F2BD10B5040020000C30C04610BD5F
:1072600010B504002000C046C04610BD10B5040093
:107270002000C046C046C046C04610BD70B50400E0
:107280000D0016003000C046C04602002900200054
:1072900002F010F970BD10B50400200002F017F9DB
:1072A000200010BD10B50400200002F016F900689F
:1072B00010BD2DE9F84F04000D0016001F00DDF889
:1072C0002880200002F010F98146200002F013F916
:1072D000D9F80010401E814205D34146200002F03B
:1072E00013F9D9F7CFF93800C046C046020041462D
:1072F0002000030008008146200002F0F5F8016834
:10730000491C0160C9F804602000FDF7A9F8006875
:1073100086420FD12000FDF764FAC0F800902000EB
:1073200002F009F9C0F80090200000F062F9C0F8FE
:10733000009030E02800C0B2002816D03000FDF7E1
:1073400065FAC0F80090200002F0F5F80068864267
:1073500001D1012000E00020C0B200281BD0200095
:1073600002F0E9F8C0F8009015E03000FDF748FAA7
:10737000C0F80090200000F03CF90068864201D17E
:10738000012000E00020C0B2002804D0200000F05E
:1073900030F9C0F80090CA46504600F019FA00686B
:1073A000FFF758FF0078002801D1012000E00020FD
:1073B000C0B2002800F0F480504600F009FA83467D
:1073C000504600F005FA006800F002FA0068FDF788
:1073D0001DFADBF800100068814201D1012000E0B5
:1073E0000020C0B200286DD0504600F0F1F90068CE
:1073F00000F0EEF90068FDF703FA006806003000BF
:10740000FFF728FF0078002801D1012000E00020CC
:10741000C0B2002820D0504600F0DAF90068FFF72B
:1074200019FF012101703000FFF714FF01210170E5
:10743000504600F0CDF9006800F0CAF90068FFF787
:1074400009FF00210170504600F0C2F9006800F009
:10745000BFF9006882469FE7504600F0B9F900681E
:10746000FDF7CEF90068824501D1012000E000203F
:10747000C0B2002808D0504600F0AAF90068824641
:107480005146200002F060F8504600F0A1F9006873
:10749000FFF7E0FE01210170504600F099F9006805
:1074A00000F096F90068FFF7D5FE00210170504604
:1074B00000F08EF9006800F08BF90168200002F0FE
:1074C000AAF869E7504600F083F9006800F080F9F7
:1074D0000068FDF79BF9006806003000FFF7BAFE70
:1074E0000078002801D1012000E00020C0B200286F
:1074F00020D0504600F06CF90068FFF7ABFE012188
:1075000001703000FFF7A6FE01210170504600F027
:107510005FF9006800F05CF90068FFF79BFE00214E
:107520000170504600F054F9006800F051F900680D
:10753000824631E7504600F04BF90068FDF766F9E6
:107540000068824501D1012000E00020C0B200287F
:1075500008D0504600F03CF90068824651462000B1
:1075600002F059F8504600F033F90068FFF772FE58
:1075700001210170504600F02BF9006800F028F955
:107580000068FFF767FE00210170504600F020F907
:10759000006800F01DF90168200001F0D5FFFBE64E
:1075A0002000FDF71EF90068FFF754FE012101706D
:1075B0002000FCF74DFF020049466846FCF756FFE5
:1075C0000068BDE8F28F38B50400200001F0B3FF79
:1075D00005002000FCF73CFF020029686846FCF724
:1075E00045FF006832BD10B504002000C046C0460B
:1075F00010BD10B504002000F8F708FD0068FDF785
:10760000FFF810BD10B50400200002F06BF8200058
:1076100010BD2DE9F44F8CB080460C001D002000F9
:10762000FDF7DFF806682000FCF71AFFD0F800909D
:1076300001273000FDF7DEF80078002801D1012095
:1076400000E00020C0B200283DD0B1469DF83000D7
:10765000002816D031002000F2F7D9FE824629001A
:107660002000F8F7DFFC83462000FFF7BCFF5A46F6
:107670005146D9F7D8FA002801D1012713E0002795
:1076800011E029002000F8F7CDFC824631002000EF
:10769000F2F7BDFE83462000FFF7A5FF5A4651468C
:1076A000D9F7C1FA07003800C0B2002805D0300071
:1076B000FDF7ACF800680600BBE73000FDF7A0F866
:1076C00000680600B5E72000FCF7C2FE020049464C
:1076D00002A8FCF7CBFE3800C0B200282DD0200055
:1076E000FFF771FF059005A902A8F2F787FE0028B1
:1076F00001D0012000E00020C0B200281AD02800EC
:10770000C046C0461699009103004A460121200058
:10771000FFF7CFFD049001208DF805000DF1050263
:1077200004A90AA802F036F80200D2E90001C8E96B
:1077300000014AE002A802F03DF802A80068C04635
:1077400001002000F2F763FE824629002000F8F7CE
:1077500069FC83462000FFF746FF5A465146D9F799
:1077600062FA002801D0012000E00020C0B2002809
:107770001AD02800C046C0461699009103004A4618
:107780003900C9B22000FFF794FD039001208DF865
:10779000040001AA03A908A801F0FCFF0200D2E935
:1077A0000001C8E9000110E01699200001F0ACFECC
:1077B00000208DF800006A4602A906A802F001F830
:1077C0000200D2E90001C8E900010DB0BDE8F08F68
:1077D00010B504002000001DC04610BD38B50400DF
:1077E00020680D30C0460078002801D0012000E05C
:1077F0000020C0B2002835D120680830C04600689B
:107800000D30C0460078002801D1012000E00020A2
:10781000C0B2002807D020680830C046006801F0D8
:10782000E0FF20601EE02068001DC04600680500E3
:1078300028000D30C046007800280CD12800083000
:10784000C04621680068814201D0012000E000208C
:1078500090F0010000E00020C0B2002801D02560B7
:10786000E1E72560200032BD70B504000D00160070
:10787000256031002000C046C046200070BD01B523
:1078800068460068C04602BDF8B504001500002631
:10789000002C01D130000AE00548844201D3D8F71A
:1078A00055FF302707FB04F73800DBF70BFFF2BD6D
:1078B00056555505F8B505000E0017003100042097
:1078C0000800C0460400002C05D03800C046C04661
:1078D0000068206000E00020F1BD01007CB50400DC
:1078E00015001E0006486A460178117005480378A5
:1078F00032002900200001F08DFF200076BD00BF7E
:1079000007510308B250030810B50400200001F02D
:1079100095FF10BD38B504000D002900200001F0CE
:1079200093FF31BD70B504000D0016003100280032
:1079300001F091FF70BD0000F8B5040015000026AD
:10794000002C01D130000AE00548844201D3D8F769
:10795000FDFE302707FB04F73800DBF7B3FEF2BD6E
:1079600056555505F8B505000E00170031000420E6
:107970000800C0460400002C05D03800C046C046B0
:107980000068206000E00020F1BD01007CB504002B
:1079900015001E0006486A460178117005480378F4
:1079A00032002900200001F05DFF200076BD00BFFD
:1079B000B3500308324E030810B50400200001F054
:1079C00065FF10BD38B504000D002900200001F04E
:1079D00063FF31BD70B504000D00160031002800B2
:1079E00001F061FF70BD0000F8B50400150000262D
:1079F000002C01D130000AE00548844201D3D8F7B9
:107A0000A5FE2C2707FB04F73800DBF75BFEF2BD71
:107A10005E74D105F8B505000E0017003100042092
:107A20000800C0460400002C05D03800C046C046FF
:107A30000068206000E00020F1BD01007CB504007A
:107A400015001E0006486A46017811700548037843
:107A500032002900200001F02DFF200076BD00BF7C
:107A600006510308334E030810B50400200001F04E
:107A700033FF10BD38B504000D002900200001F0CF
:107A800031FF31BD70B504000D0016003100280033
:107A900001F02FFF70BD2DE9F04704000D00160026
:107AA0002F1BBF105FEA8708A146B24642464946EF
:107AB0005046DAF767FB0AEB8700BDE8F08710B5A0
:107AC00004002000C046C04610BD10B504002000D0
:107AD000C046C04610BD00210160002141607047D2
:107AE0002DE9F04104000D0016001F00B046AC4225
:107AF0000AD03000E9F746FB220001003800F0F719
:107B000083FC18361834F2E73000BDE8F08170B518
:107B100004000D0016002800C046C046DBF70EFF2B
:107B200001002000D7F7ECFF14F1180001F0E8FE87
:107B3000200070BD01000148704700BF5555550534
:107B400038B504000D00280001F0E4FE31BD38B561
:107B500004000D002000D8F725FB31BD70B50400EE
:107B60000D0016002800C046C046DBF7E7FE010006
:107B70002000D7F7C5FF14F1180001F0D6FE200051
:107B800070BD000001000148704700BF5555550504
:107B900038B504000D00280001F0CFFE31BD38B526
:107BA00004000D002000D8F7FDFA31BD38B50400FF
:107BB0000D002800D8F788F831BD10B5040020006A
:107BC000C046C04610BD00210160002141607047E1
:107BD00010B504002000C046C04610BD0021016061
:107BE000002141607047F8B5040015000026002C04
:107BF00001D130000AE0B4F1806F01D3D8F7A6FDBF
:107C0000402707FB04F73800DBF75CFDF2BDF8B551
:107C100005000E001700310004200800C0460400D3
:107C2000002C05D03800C046C0460068206000E047
:107C30000020F1BD38B504000D0029002000D7F761
:107C40005FFF15F1180114F11800D7F759FF200054
:107C500032BD10B50400200001F07AFE10BD38B529
:107C600004000D002900200001F076FE31BD70B542
:107C700004000D0016003100280001F074FE70BDF4
:107C800070B504000D0016002800C046C046DBF7A2
:107C90002EFE01002000DBF730FE0020A061200056
:107CA00070BD000001000148704700BF5D74D10540
:107CB00038B504000D00280001F05CFE31BD38B578
:107CC00004000D002000D8F76DFA31BDF8B50400AE
:107CD0000D0016002000FCF768FF0948206028000E
:107CE000C046C04607003000C046C0463B00020008
:107CF00004480178201D01F044FE2000F2BD00BFC1
:107D000018A90408038A0308F8B504000D0016003A
:107D1000200001F048FE094820602800C046C04607
:107D200007003000C046C0463B000200044801780E
:107D3000201D01F03EFE2000F2BD00BF3CA904085A
:107D4000578A03082DE9F04104000D0016001F00BA
:107D50003800C046C04680463000C046C046434654
:107D600002002900200001F036FEBDE8F0812DE977
:107D7000F04104000D0016001F003800C046C04648
:107D800080463000C046C04643460200290020001D
:107D900001F03EFEBDE8F0812DE9F0410400150040
:107DA0001E00069F2800C046C0463800C046C04698
:107DB00080463000C046C04642460178200001F0AF
:107DC00044FE2000BDE8F08138B50400200001F039
:107DD0004BFE05002000F9F7E8FB056031BD38B522
:107DE00004000D002900200001F07AFE32BD10B51C
:107DF00004002000C046C04610BD70B504000D0050
:107E000016003000C046C04602002900200001F0E4
:107E100070FE70BD70B504000D0016003000C04645
:107E2000C04602002900200001F070FE70BD10B5B0
:107E3000040020000021016010BD10B504002000E6
:107E4000F6F778F8001D10BD10B504002000F9F712
:107E5000A4FB001D10BD38B50400200001F06EFE2B
:107E6000290001F073FE32BD70B504000D0028003A
:107E7000F6F779F8FDF754FA06002000FDF756FAF8
:107E8000310001F069FE2000FDF750FA01222900BF
:107E900001F06AFE70BD10B504002000F6F75DF831
:107EA0000068FAF746F910BDF8B504000D00280087
:107EB000FAF739F906682800FAF735F907003000B3
:107EC000FAF737F9006838603000FAF732F90068DD
:107ED000FAF723F90078002801D1012000E0002002
:107EE000C0B2002806D03000FAF723F90068FDF789
:107EF000E3FF05603000FDF7DFFF07002800FDF716
:107F0000DBFF006838602000FAF7FEF80068854261
:107F100001D1012000E00020C0B2002804D02000E0
:107F2000FAF7F2F806601DE02800FDF7C5FF0068CB
:107F3000FAF7FFF80068854201D1012000E0002037
:107F4000C0B2002807D02800FDF7B6FF0068FAF796
:107F5000F0F8066006E02800FDF7AEFF0068FAF7CB
:107F6000E2F806603000FAF7E4F805602800FDF753
:107F7000A3FF0660F1BDF8B504000D002800FAF774
:107F8000D8F806682800FAF7D4F807003000FAF7A6
:107F9000CAF8006838603000FAF7C5F80068FAF7E8
:107FA000BCF80078002801D1012000E00020C0B218
:107FB000002806D03000FAF7B6F80068FDF77CFF1D
:107FC00005603000FDF778FF07002800FDF774FF1B
:107FD000006838602000FAF797F80068854201D100
:107FE000012000E00020C0B2002804D02000FAF7F1
:107FF0008BF806601DE02800FDF75EFF0068FAF7C9
:1080000092F80068854201D1012000E00020C0B252
:10801000002807D02800FDF74FFF0068FAF783F823
:10802000066006E02800FDF747FF0068FAF781F8D0
:1080300006603000FAF777F805602800FDF73CFF8E
:108040000660F1BD38B5040020680D30C0460078E8
:10805000002801D0012000E00020C0B2002805D097
:1080600020680830C0460068206041E02068C046B3
:10807000C04600680D30C0460078002801D10120BC
:1080800000E00020C0B2002807D02068C046C046EB
:10809000006801F073FD20602AE02068001DC046E2
:1080A0000068050028000D30C046007800280CD17B
:1080B0002800C046C04621680068814201D00120E6
:1080C00000E0002090F0010000E00020C0B2002895
:1080D00001D02560E1E720680D30C0460078002817
:1080E00001D0012000E00020C0B2002800D12560AE
:1080F000200032BD70B504000D0016002800C046F7
:10810000C046006820603000C046C046007820713C
:10811000200070BD10B504002000FDF7D3FA200048
:1081200010BD70B504000D0016002800C046C04602
:10813000006820603000C046C046007820712000F2
:1081400070BD10B504002000C046C04610BD00211F
:1081500001600021416000218160704738B58AB01C
:1081600004000D0029006846EAF794FF2100F0F7AB
:10817000B2F86846E5F7B2FF20000BB030BD10B58D
:1081800004002000C046C04610BD38B504000D00F4
:108190002900200001F00BFD31BD2DE9F041040064
:1081A0000D0016001F00B046AC420CD03000FFF7A7
:1081B000E6FF22000100380001F001FD16F51E76F1
:1081C00014F51E74F0E73000BDE8F08110B504002E
:1081D000200001F001FD10BDF8B5040015000026D7
:1081E000002C01D130000BE00648844201D3D8F7BF
:1081F000ADFA4FF41E7707FB04F73800DBF762FA9D
:10820000F2BD00BF3BB267000068002801D001202A
:1082100000E00020C0B270472DE9F04104000D00DD
:1082200016001F003800C046C04680463000C046D9
:10823000C046434602002900200001F0D3FCBDE8FF
:10824000F08138B504002000406AC04605002000D7
:10825000C046C046854201D1012000E00020C0B2E6
:1082600032BD70B504000D002800F9F7FFFB0028AF
:1082700023D12800FFF7E5FF002813D02800406A2B
:10828000C04606002000C046C046010030003268EB
:1082900052689047010020004162C046280000F06B
:1082A0000DF80AE02800406AC04601002000416243
:1082B000C046002128004162C04670BD38B50400A8
:1082C0002000F9F7D3FB002814D12000406AC046F3
:1082D00005002000FFF7B5FF002801D1012100E0D3
:1082E0000021C9B228002A68D268904700212000E6
:1082F0004162C04631BD10B504002000C046C046F2
:1083000000680D30C0460078002801D1012000E04F
:108310000020C0B2002805D02000C046C04600683A
:108320000400EAE7200010BD2DE9F041040015002B
:108330001E00069F2800C046C0463800C046C04602
:1083400080463000C046C04642460178200001F019
:1083500066FC2000BDE8F08138B50400200001F083
:108360006DFC05002000EAF7A1FD056031BD38B5C0
:1083700004000D002900200001F09CFC32BD10B566
:1083800004002000C046C04610BD70B504000D00BA
:1083900016003000C046C04602002900200001F04F
:1083A00092FC70BD10B504002000001DC04610BD39
:1083B00070B504000D0016003000C046C046020033
:1083C0002900200001F08CFC70BD10B504002000D5
:1083D0000021016010BD10B504002000F5F745FE36
:1083E000001D10BD10B504002000EAF74CFD001D73
:1083F00010BD38B50400200001F08AFC290001F00E
:108400008FFC32BD70B504000D002800F9F77DFF28
:10841000FDF730FE06002000FDF732FE310001F0CE
:1084200085FC2000FDF72CFE0122290001F086FCCE
:1084300070BD10B504002000F0F7E9F80068FFF700
:10844000B1FF10BDF8B504000D002800FDF7EDFFE9
:1084500006682800FDF7E9FF07003000F0F7DDF8B7
:10846000006838603000F0F7D8F80068FDF7FCFDD0
:108470000078002801D1012000E00020C0B20028CF
:1084800006D03000F0F7C9F80068FFF78BFF0560F1
:108490003000FFF787FF07002800FFF783FF006821
:1084A00038602000FFF7C5FF0068854201D1012038
:1084B00000E00020C0B2002804D02000FFF7B9FF80
:1084C00006601DE02800FFF76DFF0068F0F7A5F8D3
:1084D0000068854201D1012000E00020C0B20028E0
:1084E00007D02800FFF75EFF0068F0F796F80660F7
:1084F00006E02800FFF756FF0068FDF796FF0660CC
:108500003000F0F78AF805602800FFF74BFF06609F
:10851000F1BDF8B504000D002800F0F77EF80668FC
:108520002800F0F77AF807003000FDF77EFF0068BA
:1085300038603000FDF779FF0068FDF795FD0078A1
:10854000002801D1012000E00020C0B2002806D0A0
:108550003000FDF76AFF0068FFF724FF0560300078
:10856000FFF720FF07002800FFF71CFF00683860B6
:108570002000FFF75EFF0068854201D1012000E086
:108580000020C0B2002804D02000FFF752FF066090
:108590001DE02800FFF706FF0068FDF746FF0068B2
:1085A000854201D1012000E00020C0B2002807D0A0
:1085B0002800FFF7F7FE0068FDF737FF066006E0CA
:1085C0002800FFF7EFFE0068F0F727F8066030009C
:1085D000FDF72BFF05602800FFF7E4FE0660F1BD04
:1085E00038B5040020680D30C0460078002801D05E
:1085F000012000E00020C0B2002805D0206808302B
:10860000C0460068206041E02068C046C04600685F
:108610000D30C0460078002801D1012000E0002084
:10862000C0B2002807D02068C046C046006801F0EC
:108630008FFB20602AE02068001DC046006805000E
:1086400028000D30C046007800280CD12800C04614
:10865000C04621680068814201D0012000E000206E
:1086600090F0010000E00020C0B2002801D0256099
:10867000E1E720680D30C0460078002801D00120D5
:1086800000E00020C0B2002800D12560200032BDEB
:1086900070B504000D0016002800C046C0460068F2
:1086A00020603000C046C04600782071200070BDB8
:1086B00010B504002000FDF7B1FE200010BD70B51C
:1086C00004000D0016002800C046C0460068206067
:1086D0003000C046C04600782071200070BD2DE9F2
:1086E000F84305000E0017009846310008200800E6
:1086F000C0460400002C0CD04046C046C04681460F
:108700003800C046C0464A460100200001F03AFB4E
:1087100000E00020BDE8F183F8B504000D0016006C
:108720002000FCF742FA094820602800C046C046F5
:1087300007003000C046C0463B00020004480178F4
:10874000201D01F03DFB2000F2BD00BF88A80408F9
:1087500096710308F8B504000D001600200001F022
:1087600022F9094820602800C046C04607003000B2
:10877000C046C0463B00020004480178201D01F0BD
:1087800031FB2000F2BD00BFF4A80408827B03087F
:10879000F8B504000D0016002000FCF706FA0948A1
:1087A00020602800C046C04607003000C046C046D2
:1087B0003B00020004480178201D01F025FB200049
:1087C000F2BD00BF84A90408829D0308F8B5040027
:1087D0000D001600200001F0E6F80948206028008E
:1087E000C046C04607003000C046C0463B000200FD
:1087F00004480178201D01F019FB2000F2BD00BFE4
:10880000A8A904084E9F0308F8B504000D0016003F
:108810002000FCF7CAF9094820602800C046C0467D
:1088200007003000C046C0463B0002000448017803
:10883000201D01F00DFB2000F2BD00BFD0A80408F0
:10884000E6790308F8B504000D0016002000FCF7D7
:10885000ACF9094820602800C046C0460700300037
:10886000C046C0463B00020004480178201D01F0CC
:1088700001FB2000F2BD00BFF0A9040856A50308C3
:10888000F8B504000D0016002000FCF78EF9094829
:1088900020602800C046C04607003000C046C046E1
:1088A0003B00020004480178201D01F0F5FA200089
:1088B000F2BD00BF60A904083A980308F8B50400A7
:1088C0000D001600200001F06EF809482060280015
:1088D000C046C04607003000C046C0463B0002000C
:1088E00004480178201D01F0E9FA2000F2BD00BF24
:1088F000CCA90408ABA30308F8B504000D001600CA
:108900002000FCF752F9094820602800C046C04604
:1089100007003000C046C0463B0002000448017812
:10892000201D01F0DDFA2000F2BD00BFACA8040854
:108930003679030870B504000D0016002800C04603
:10894000C046DAF7FBFF01002000D7F7D9F8002076
:10895000A061200070BD10B504002000C046C046D4
:1089600010BD0021016000214160704738B504004E
:1089700015002800C046C0460100200001F0C2FAE0
:10898000200001F0C5FA200032BD38B504002000F7
:10899000F5F789FF0121FAF71BF800900098F5F729
:1089A000DCFEFAF71DF805002000F5F77CFF6A46AB
:1089B0002900FAF71BF80098F9F7B8FFFAF710F852
:1089C00005002000F5F76FFF6A462900FAF70EF858
:1089D0000098F5F7BCFEFAF703F805002000F5F75C
:1089E00062FF6A462900FAF701F80098F5F755FF8B
:1089F000012101700098F5F79EFE01210170009899
:108A000032BD0000F8B5040015000026002C01D18D
:108A100030000AE00548844201D3D7F797FE642767
:108A200007FB04F73800DAF74DFEF2BD295C8F0230
:108A3000F8B505000E001700310004200800C046FC
:108A40000400002C05D03800C046C04600682060F5
:108A500000E00020F1BD00007CB5040015001E0000
:108A600006486A46017811700548037832002900EB
:108A7000200001F052FA200076BD00BF57700308B5
:108A8000AB5F030810B50400200001F061FA10BDCF
:108A900038B504000D002900200001F05FFA31BD57
:108AA00070B504000D0016003100280001F05DFAD9
:108AB00070BD38B504000D002900200001F05CFAFB
:108AC00031BD70B504000D0016003100280001F022
:108AD0005AFA70BD2DE9F04104000D002000F6F7B0
:108AE00098FA06003000F6F7D8FA0021017030003D
:108AF000F6F76BFA002101703000F0F786FD0700F1
:108B00002800C046C04680463800F6F7CCFA070079
:108B10002000F6F7B6F94246390001F03BFA300082
:108B2000BDE8F08138B504000D0029002000EBF706
:108B300026F8002801D1012000E00020C0B232BD9B
:108B400038B5040025682000F6F788FC280032BDFF
:108B50002DE9F34381B0040002A80068C046050077
:108B600002A8F6F77BFC2E003000F6F746FA006804
:108B7000F6F72BFA0078002801D0012000E0002051
:108B8000C0B2002804D03000F6F731FA07681BE0C5
:108B90003000F6F72CFA0068F6F717FA007800288C
:108BA00001D0012000E00020C0B2002804D0300035
:108BB000F6F723FA076807E002A80068C046060037
:108BC0003000F6F714FA0768AE4277D12800FAF7BA
:108BD000BCF9D0F800803800F6F7F7F900780028E3
:108BE00001D1012000E00020C0B2002804D03800EC
:108BF000FAF7ABF9C0F800802000F6F7D7F9006863
:108C0000A84201D1012000E00020C0B2002804D019
:108C10002000F6F7CBF9076014E04046F6F7EDF9CF
:108C20000068A84201D1012000E00020C0B2002865
:108C300004D04046F6F7E1F9076003E04046F6F756
:108C4000D6F907602000FAF7B7F80068A84201D10A
:108C5000012000E00020C0B2002810D02000FAF768
:108C6000ABF881463800F6F7B0F90078002801D05B
:108C7000404602E03800FAF715F9C9F80000200074
:108C8000F6F7DCFB0068A84201D1012000E00020DB
:108C9000C0B2002800F0A0802000F6F7CFFB81468C
:108CA0003800F6F792F90078002801D0404602E03B
:108CB0003800FAF7FDF8C9F800008DE02800F6F753
:108CC0009CF90068FAF741F906603000F6F795F96B
:108CD00080462800F6F791F90068C8F800002800DF
:108CE000F6F785F90068864201D1012000E00020F6
:108CF000C0B2002801D0B0462AE03000FAF725F9CA
:108D0000D0F800803800F6F760F90078002801D12B
:108D1000012000E00020C0B2002804D03800FAF79B
:108D200014F9C0F800804046F6F767F90760300094
:108D3000F6F75DF981462800F6F759F90068C9F899
:108D400000002800F6F753F90068FAF7FEF806600D
:108D50002000F6F72BF90068A84201D1012000E0BD
:108D60000020C0B2002804D02000F6F71FF90660EA
:108D70001DE02800FAF7E9F80068F6F73EF9006808
:108D8000A84201D1012000E00020C0B2002807D095
:108D90002800FAF7DAF80068F6F72FF9066006E01F
:108DA0002800FAF7D2F80068F6F721F906603000DB
:108DB000FAF7CBF881462800FAF7C7F80068C9F837
:108DC00000003000F6F769F981462800F6F765F9EA
:108DD00001004846FEF794F82800F6F75EF900789F
:108DE000012801D1012000E00020C0B2002800F0DD
:108DF0005B812000F6F7DAF8006887420BD0380074
:108E0000F6F74BF90078012801D0012000E000209E
:108E100090F0010000E00020C0B2002800F03F8187
:108E20004046F6F7EAF80068874201D1012000E0E9
:108E30000020C0B2002800F096804046F6F7D7F830
:108E4000006806003000F6F728F90078002801D104
:108E5000012000E00020C0B2002812D03000F6F758
:108E60001CF9012101704046F6F717F90021017045
:108E700041462000FAF7E7F84046F6F7B8F80068F0
:108E800006003000F6F7A1F80078002801D0012094
:108E900000E00020C0B2002801D04746F9E03000D1
:108EA000F6F7ABF80068F6F7F8F8007801280ED16D
:108EB0003000F6F79CF80068F6F7EFF80078012824
:108EC00001D0012000E0002090F0010000E000202F
:108ED000C0B2002806D03000F6F7DFF8002101709C
:108EE0004746D6E03000F6F782F80068F6F7D5F886
:108EF0000078012801D1012000E00020C0B2002844
:108F000015D03000F6F779F80068F6F7C6F80121B9
:108F100001703000F6F7C1F8002101703100200027
:108F2000FAF7F8F84046F6F762F8006806003000F5
:108F3000F6F7B3F881464046F6F7AFF8007889F8BF
:108F400000004046F6F7A9F8012101703000F6F75D
:108F50004EF80068F6F7A1F80121017041462000A3
:108F6000FAF771F89BE04046F6F747F8006806000C
:108F70003000F6F792F80078002801D1012000E0D7
:108F80000020C0B2002812D03000F6F786F8012188
:108F900001704046F6F781F800210170414620003B
:108FA000FAF7B8F84046F6F728F8006806003000EF
:108FB000F6F70BF80078002801D0012000E000202F
:108FC000C0B2002801D0474663E03000F6F70FF842
:108FD0000068F6F762F8007801280ED13000F6F745
:108FE0000CF80068F6F759F80078012801D0012044
:108FF00000E0002090F0010000E00020C0B2002856
:1090000006D03000F6F749F800210170474640E0ED
:109010003000F5F7F2FF0068F6F73FF80078012816
:1090200001D1012000E00020C0B2002815D030009E
:10903000F5F7DDFF0068F6F730F801210170300028
:10904000F6F72BF80021017031002000F9F7FBFF43
:109050004046F5F7D2FF006806003000F6F71DF82D
:1090600081464046F6F719F8007889F80000404636
:10907000F6F713F8012101703000F5F7BEFF006824
:10908000F6F70BF80121017041462000FAF742F88B
:1090900005E03800F9F759FF00688046A9E6380076
:1090A000F5F7FBFF012101702800F0F7AEFAF5F7A4
:1090B000FAFF81462000F5F7E4FE4946FDF7F7FC8C
:1090C0002000F5F7DEFE01222900FDF7F8FC200064
:1090D000F9F77BFE0068002805D02000F9F775FE3F
:1090E0000168491E01602000F0F776FA020002993B
:1090F0006846F0F779FA0068BDE8FE8370B50400B1
:109100000D002800F5F779FFF9F740FF0600200071
:10911000F5F7B7FE310000F04AFF2800F9F715FF18
:10912000F9F734FF06002000F5F7ABFE310000F040
:109130003EFF2800F5F75BFFF9F728FF0600200047
:10914000F5F79FFE310000F032FF2000F5F799FEA1
:1091500001222900FDF7B3FC70BD38B504001500ED
:109160002800C046C0460100200000F028FF200073
:1091700000F02BFF200032BD38B504002000F5F7C9
:1091800080FE0121F9F7FAFE00900098F5F735FF0F
:10919000F9F7FCFE05002000F5F773FE6A4629008A
:1091A000F9F7FAFE0098F9F7D0FEF9F7EFFE05009F
:1091B0002000F5F766FE6A462900F9F7EDFE0098F3
:1091C000F5F715FFF9F7E2FE05002000F5F759FE67
:1091D0006A462900F9F7E0FE0098F5F75EFF0121E5
:1091E00001700098F5F7F1FE01210170009832BD81
:1091F00070B504000D001600256031002000C04647
:10920000C046200070BD0000F8B50400150000261F
:10921000002C01D130000AE00548844201D3D7F781
:1092200095FA2C2707FB04F73800DAF74BFAF2BD62
:109230005E74D105F8B505000E001700310004205A
:109240000800C0460400002C05D03800C046C046C7
:109250000068206000E00020F1BD01007CB5040042
:1092600015001E0006486A4601781170054803780B
:1092700032002900200000F0ADFE200076BD00BFC6
:10928000967003085670030810B50400200000F023
:10929000B3FE10BD10B504002000C046C04610BD8E
:1092A0000021016000214160704770B504000D008D
:1092B00016003000C046C04602002900200000F021
:1092C000A1FE70BD10B504002000C046C04610BD10
:1092D0000021016000214160704770B504000D005D
:1092E00016003000C046C04602002900200000F0F1
:1092F00096FE70BD38B504000D0029002000C04660
:10930000C04631BD38B504000D0029002000C0461C
:10931000C04631BD2DE9F04704000D0016002F1B9B
:10932000BF105FEA8708A146B2464246494650460A
:10933000D8F728FF0AEB8700BDE8F0872DE9F04158
:1093400004000D0016001F003800C046C0468046CD
:109350003000C046C046434602002900200000F00D
:109360006BFEBDE8F0812DE9F04104000D00160010
:109370001F003800C046C04680463000C046C04688
:10938000434602002900200000F073FEBDE8F08192
:109390002DE9F04104000D0016001F003800C04602
:1093A000C04680463000C046C04643460200290001
:1093B000200000F07BFEBDE8F0812DE9F0410400C3
:1093C0000D0016001F003800C046C0468046300021
:1093D000C046C046434602002900200000F083FE3C
:1093E000BDE8F0812DE9F04104000D0016001F00DA
:1093F0003800C046C04680463000C046C04643469E
:1094000002002900200000F08BFEBDE8F0812DE96C
:10941000F04104000D0016001F003800C046C04691
:1094200080463000C046C046434602002900200066
:1094300000F093FEBDE8F0812DE9F0410400150035
:109440001E00069F2800C046C0463800C046C046E1
:1094500080463000C046C04642460178200000F0F9
:1094600099FE2000BDE8F08138B50400200000F02E
:10947000A0FE05002000FAF7F3FF056031BD38B506
:1094800004000D002900200000F0CFFE32BD10B511
:1094900004002000C046C04610BD70B504000D0099
:1094A00016003000C046C04602002900200000F02F
:1094B000C5FE70BD70B504000D0016003000C0463A
:1094C000C04602002900200000F0C5FE70BD10B5A6
:1094D000040020000021016010BD10B50400200030
:1094E000F6F781FD001D10BD10B504002000FAF74D
:1094F000AFFF001D10BD38B50400200000F0C3FE12
:10950000290000F0C8FE32BD70B504000D0028002F
:10951000F6F782FDFDF7A4FE06002000FDF7A6FE8B
:10952000310000F0BEFE2000FDF7A0FE0122290060
:1095300000F0BFFE70BD10B504002000F6F766FD18
:109540000068FBF763F910BDF8B504000D002800B2
:10955000FBF756F906682800FBF752F907003000C0
:10956000FBF754F9006838603000FBF74FF90068EA
:10957000FBF740F90078002801D1012000E000202D
:10958000C0B2002806D03000FBF740F90068FEF7B3
:109590001FF905603000FEF71BF907002800FEF7F1
:1095A00017F9006838602000FBF71BF90068854256
:1095B00001D1012000E00020C0B2002804D020002A
:1095C000FBF70FF906601DE02800FEF701F90068BF
:1095D000FBF71CF90068854201D1012000E0002062
:1095E000C0B2002807D02800FEF7F2F80068FBF7A9
:1095F0000DF9066006E02800FEF7EAF80068FBF7C0
:10960000FFF806603000FBF701F905602800FEF75F
:10961000DFF80660F1BDF8B504000D002800FBF787
:10962000F5F806682800FBF7F1F807003000FBF7B3
:10963000E7F8006838603000FBF7E2F80068FBF7F5
:10964000D9F80078002801D1012000E00020C0B244
:10965000002806D03000FBF7D3F80068FEF7B8F812
:1096600005603000FEF7B4F807002800FEF7B0F8F8
:10967000006838602000FBF7B4F80068854201D12B
:10968000012000E00020C0B2002804D02000FBF739
:10969000A8F806601DE02800FEF79AF80068FBF7BE
:1096A000AFF80068854201D1012000E00020C0B27F
:1096B000002807D02800FEF78BF80068FBF7A0F819
:1096C000066006E02800FEF783F80068FBF79EF8C6
:1096D00006603000FBF794F805602800FEF778F884
:1096E0000660F1BD38B5040020680D30C046007832
:1096F000002801D0012000E00020C0B2002805D0E1
:1097000020680830C0460068206041E02068C046FC
:10971000C04600680D30C0460078002801D1012005
:1097200000E00020C0B2002807D02068C046C04634
:10973000006800F0C8FD20602AE02068001DC046D7
:109740000068050028000D30C046007800280CD1C4
:109750002800C046C04621680068814201D001202F
:1097600000E0002090F0010000E00020C0B20028DE
:1097700001D02560E1E720680D30C0460078002860
:1097800001D0012000E00020C0B2002800D12560F7
:10979000200032BD70B504000D0016002800C04640
:1097A000C046006820603000C046C0460078207186
:1097B000200070BD10B504002000FDF723FF20003D
:1097C00010BD70B504000D0016002800C046C0464C
:1097D000006820603000C046C0460078207120003C
:1097E00070BD10B504002000C046C04600680D30B2
:1097F000C0460078002801D1012000E00020C0B25E
:10980000002805D02000C046C04600680400EAE7F2
:10981000200010BD70B504000D0016002800C046E1
:10982000C046DAF78BF801002000D6F769F914F189
:10983000180000F061FD200070BD0000010001482B
:10984000704700BF5555550538B504000D00280078
:1098500000F05CFD31BD38B504000D002000D6F7E6
:10986000A1FC31BD70B504000D0016002800C046F3
:10987000C046DAF763F801002000D6F741F914F189
:10988000180000F04EFD200070BD010101000148EC
:10989000704700BF5555550538B504000D00280028
:1098A00000F049FD31BD38B504000D002000D6F7A9
:1098B00079FC31BD70B504000D0016002800C046CB
:1098C000C046DAF73BF801002000D6F719F900206E
:1098D000A061200070BD000001000148704700BF7A
:1098E0005D74D10538B504000D00280000F02EFD90
:1098F00031BD38B504000D002000D6F753FC31BD52
:109900001CB504000DF101026946200000F025FDA0
:10991000200016BD10B5040014F1180000F023FD5E
:109920002000D6F7D1F9200010BD1CB5040069460F
:10993000200000F01FFD200016BD10B5040014F13A
:10994000180000F01DFD2000D6F7BEF9200010BD64
:1099500001007FF07C40704738B504000D002800FE
:1099600000F018FD31BD38B504000D002000D6F719
:1099700019FC31BD10B504002000D6F7A5F9200070
:1099800010BD70B5040015001E002800C046C0467A
:1099900001002000FEF793F83000C046C046006882
:1099A0002060200070BD10B504002000C046C046F5
:1099B00010BD70B5040015001E002800C046C0464A
:1099C00001002000FEF77BF83000C046C04600686A
:1099D0002060200070BD2DE9F84305000E0017003F
:1099E0009846310008200800C0460400002C0CD026
:1099F0004046C046C04681463800C046C0464A463A
:109A00000100200000F0D2FC00E00020BDE8F1835E
:109A10002DE9F84305000E00170098463100082094
:109A20000800C0460400002C0CD04046C046C0468A
:109A300081463800C046C0464A460100200000F07A
:109A4000D3FC00E00020BDE8F18338B50400150028
:109A50002800C046C0460100200000F0E3FC2000C2
:109A600000F0E6FC200032BD38B504002000FBF712
:109A70005DFC0121FEF7B3F900900098F8F759FB5F
:109A8000FEF7B5F905002000FBF750FC6A462900F7
:109A9000FEF7B3F90098FCF70FFAFEF7A8F90500F6
:109AA0002000FBF743FC6A462900FEF7A6F9009860
:109AB000F8F739FBFEF79BF905002000FBF736FCB1
:109AC0006A462900FEF799F90098FBF723FC01216B
:109AD00001700098F8F721FB01210170009832BD58
:109AE00038B504000D0001220021280000F0A6FC7A
:109AF00032BD70B504000D0016003000C046C046EF
:109B000002002900200000F0AFFC70BD2DE9F041FB
:109B100005000E001700B046414640200800C04630
:109B20000400002C07D03800C046C04601002000C9
:109B300000F0ADFC00E00020BDE8F08110B50400AD
:109B40002000C046C046C046C04610BD10B5040047
:109B5000200000F0ABFC10BD38B504000D0029005A
:109B6000200000F0A9FC31BD70B504000D00160006
:109B700032002900200000F0A7FC70BD10B50400E1
:109B800020000830C04600680D30C046007800282C
:109B900001D1012000E00020C0B2002805D0200043
:109BA0000830C04600680400EAE7200010BD38B560
:109BB00004000D002900200000F08FFC31BD70B5BD
:109BC00004000D0016003000C046C0460200290007
:109BD000200000F089FC70BD01000148704700BF03
:109BE0003AB267002DE9F84305000E0017009846C9
:109BF000310008200800C0460400002C0CD040466C
:109C0000C046C04681463800C046C0464A460100AC
:109C1000200000F077FC00E00020BDE8F18338B5BB
:109C2000040015002800C046C0460100200000F0D6
:109C300087FC200000F08AFC200032BD38B504000B
:109C40002000FCF71DFA0121FEF791FB009000981F
:109C5000EEF7E3FCFEF793FB05002000FCF710FA9B
:109C60006A462900FEF791FB0098FEF79BFBFEF782
:109C700086FB05002000FCF703FA6A462900FEF780
:109C800084FB0098FCF7D1FBFEF779FB0500200070
:109C9000FCF7F6F96A462900FEF777FB0098FCF717
:109CA000DDF9012101700098FCF7DEF90121017056
:109CB000009832BD38B504000D00012200212800B3
:109CC00000F04AFC32BD70B504000D0016003000F3
:109CD000C046C04602002900200000F053FC70BDC1
:109CE0002DE9F04105000E001700B046414638202E
:109CF0000800C0460400002C07D03800C046C0460B
:109D00000100200000F051FC00E00020BDE8F081DF
:109D100010B504002000C046C046C046C04610BD75
:109D200010B50400200000F04FFC10BD38B5040051
:109D30000D002900200000F04DFC31BD70B504007D
:109D40000D00160032002900200000F04BFC70BD11
:109D500010B5040020000830C04600680D30C04631
:109D60000078002801D1012000E00020C0B20028C6
:109D700005D020000830C04600680400EAE7200053
:109D800010BD0000F8B504000D0016002000FAF721
:109D90000CFF094820602800C046C046070030007C
:109DA000C046C0463B00020004480178201D00F078
:109DB00022FC2000F2BD00BFFCA6040867A0020838
:109DC00070B5040015001E002800C046C046010002
:109DD0002000FDF774FE3000C046C04600682060D9
:109DE000200070BD70B5040015001E002800C0469C
:109DF000C04601002000FDF762FE3000C046C046AC
:109E000000682060200070BD70B5040015001E00C1
:109E10002800C046C04601002000FDF750FE30007B
:109E2000C046C04600682060200070BD70B50400C8
:109E300015001E002800C046C04601002000FDF7A6
:109E40003EFE3000C046C04600682060200070BD65
:109E500070B5040015001E002800C046C046010071
:109E60002000FDF72CFE3000C046C0460068206090
:109E7000200070BD70B5040015001E002800C0460B
:109E8000C04601002000FDF71AFE3000C046C04663
:109E900000682060200070BD70B5040015001E0031
:109EA0002800C046C04601002000FDF708FE300033
:109EB000C046C04600682060200070BD70B5040038
:109EC00015001E002800C046C04601002000FDF716
:109ED000F6FD3000C046C04600682060200070BD1E
:109EE00070B5040015001E002800C046C0460100E1
:109EF0002000FDF7E4FD3000C046C0460068206049
:109F0000200070BD10B504002000C046C04610BD42
:109F100000210160002141607047F8B504000D0088
:109F200016002800C046C046D9F708FD01002000F1
:109F3000D5F7E6FD3C21002214F118073800D7F7C9
:109F40006DF914F1180000F068FB2000F2BD00006C
:109F500001000148704700BF285C8F0238B504003B
:109F60000D00280000F068FB31BD38B504000D007D
:109F70002000D6F717F931BD38B504000D002800D0
:109F800000F065FB31BD38B504000D002000D6F7A8
:109F900009F931BD70B504000D0016003000C0464F
:109FA000C04602002900200000F058FB70BD38B503
:109FB00004000D002900200000F05DFB31BD10B54C
:109FC00004002000C046C04610BD002101600021F1
:109FD0004160704770B504000D0016002800C046AF
:109FE000C046D9F7ABFC01002000D5F789FD002061
:109FF000A061200070BD000101000148704700BF52
:10A000005D74D10570B504000D0016003000C04627
:10A01000C04602002900200000F035FB70BD70B57D
:10A0200004000D0016003000C046C04602002900A2
:10A03000200000F040FB70BD2DE9F84305000E0044
:10A0400017009846310008200800C0460400002C84
:10A050000CD04046C046C04681463800C046C04687
:10A060004A460100200000F03FFB00E00020BDE870
:10A07000F1832DE9F84305000E00170098463100E2
:10A0800008200800C0460400002C0CD04046C04602
:10A09000C04681463800C046C0464A4601002000FE
:10A0A00000F040FB00E00020BDE8F1832DE9F8431B
:10A0B00005000E0017009846310008200800C04631
:10A0C0000400002C0CD04046C046C04681463800F3
:10A0D000C046C0464A460100200000F041FB00E0B7
:10A0E0000020BDE8F1832DE9F84305000E001700BC
:10A0F0009846310008200800C0460400002C0CD00F
:10A100004046C046C04681463800C046C0464A4622
:10A110000100200000F042FB00E00020BDE8F183D8
:10A120002DE9F84305000E0017009846310008207D
:10A130000800C0460400002C0CD04046C046C04673
:10A1400081463800C046C0464A460100200000F063
:10A1500043FB00E00020BDE8F1832DE9F843050052
:10A160000E0017009846310008200800C046040081
:10A17000002C0CD04046C046C04681463800C04640
:10A18000C0464A460100200000F044FB00E00020E9
:10A19000BDE8F18338B5040015002800C046C0466C
:10A1A0000100200000F054FB200000F057FB2000CD
:10A1B00032BD38B504002000FDF758F80121FFF743
:10A1C0005EF900900098FAF721FBFFF760F90500AF
:10A1D0002000FDF74BF86A462900FFF75EF900986A
:10A1E000FDF7F6FAFFF753F905002000FDF73EF8FA
:10A1F0006A462900FFF751F90098FAF701FBFFF7CB
:10A2000046F905002000FDF731F86A462900FFF7FE
:10A2100044F90098FDF71EF8012101700098FAF743
:10A22000E9FA01210170009832BD38B504000D0033
:10A2300001220021280000F017FB32BD70B5040098
:10A240000D0016003000C046C04602002900200064
:10A2500000F020FB70BD2DE9F04105000E00170055
:10A26000B046414640200800C0460400002C07D0FC
:10A270003800C046C0460100200000F01EFB00E090
:10A280000020BDE8F08110B504002000C046C046A3
:10A29000C046C04610BD10B50400200000F01CFBF5
:10A2A00010BD38B504000D002900200000F01AFB95
:10A2B00031BD70B504000D001600320029002000E9
:10A2C00000F018FB70BD10B5040020000830C04637
:10A2D00000680D30C0460078002801D1012000E060
:10A2E0000020C0B2002805D020000830C046006819
:10A2F0000400EAE7200010BD1CB504000DF10102C6
:10A300006946200000F0FFFA200016BD10B50400D9
:10A3100014F11800E2F78CFB2000D5F7D5FC2000E3
:10A3200010BD1CB504000DF101026946200000F0CB
:10A33000F0FA200016BD10B5040014F11800E2F781
:10A3400070FB2000D5F7C0FC200010BD10B5040044
:10A350002000D5F7B9FC200010BD10B50400200086
:10A3600000F0DDFA10BD10B50400200000F0E2FAA4
:10A37000200010BD10B50400200000F0E1FA10BD6F
:10A3800010B50400200000F0E4FA200000F0E7FA25
:10A39000200010BD10B5040014F11800D5F794FC8E
:10A3A0002000D5F791FC200010BD0000F8B5040096
:10A3B0000D001600200000F0D8FA0948206028009F
:10A3C000C046C04607003000C046C0463B00020001
:10A3D00004480178201D00F0CEFA2000F2BD00BF35
:10A3E00020A70408B3E30208F8B504000D00160026
:10A3F000200000F0BAFA094820602800C046C04694
:10A4000007003000C046C0463B0002000448017807
:10A41000201D00F0C0FA2000F2BD00BF44A70408D0
:10A42000F3E3020810B504002000C046C04610BD8A
:10A43000002101600021416070470000F8B5040070
:10A4400015000026002C01D130000AE005488442A6
:10A4500001D3D6F77BF9502707FB04F73800D9F76B
:10A4600031F9F2BD34333303F8B505000E0017009F
:10A47000310004200800C0460400002C05D038003C
:10A48000C046C0460068206000E00020F1BD38B53D
:10A4900004000D0029002000D5F732FB15F118014A
:10A4A00014F1180000F087FA200032BD10B5040046
:10A4B000200000F08DFA10BD38B504000D00290011
:10A4C000200000F08BFA31BD70B504000D001600BD
:10A4D0003100280000F089FA70BD38B504000D0085
:10A4E0002800EDF78AFE31BD70B504000D0016009E
:10A4F0003000C046C04602002900200000F07CFA6F
:10A5000070BD0100F8B504000D001600200000F039
:10A510008CFA094820602800C046C0460700300079
:10A52000C046C0463B00020004480178201D00F0F0
:10A5300082FA2000F2BD00BF8CA70408E3E60208FF
:10A5400010B504002000C046C04610BD00210160C7
:10A550000021416070470000F8B504001500002696
:10A56000002C01D130000AE00548844201D3D6F71F
:10A57000EDF8482707FB04F73800D9F7A3F8F2BD38
:10A58000E4388E03F8B505000E00170031000420F2
:10A590000800C0460400002C05D03800C046C04664
:10A5A0000068206000E00020F1BD38B504000D0017
:10A5B00029002000D5F7A4FA15F1180114F11800AC
:10A5C000EEF737F8200032BD10B50400200000F08F
:10A5D00045FA10BD38B504000D002900200000F038
:10A5E00043FA31BD70B504000D001600310028009B
:10A5F00000F041FA70BD70B5040015001E0028007F
:10A60000C046C04601002000FDF759FA3000C046A0
:10A61000C04600682060200070BD10B50400200016
:10A62000DCF7F8FA14F11800DCF7F4FA14F134004E
:10A63000E5F782FE200010BD10B5040014F11800EB
:10A64000E5F76BFE2000D5F73FFB200010BD10B5ED
:10A6500004002000D5F738FB200010BD70B50400C1
:10A660000D0016003000C046C04602002900200040
:10A6700000F008FA70BD38B504000D002900200074
:10A68000C046C04631BD2DE9F04105000E0017005F
:10A69000B046414620200800C0460400002C07D0E8
:10A6A0003800C046C0460100200000F003FA00E078
:10A6B0000020BDE8F0812DE9F04105000E001700F3
:10A6C000B04641461C200800C0460400002C07D0BC
:10A6D0003800C046C0460100200000F0FAF900E052
:10A6E0000020BDE8F0810101F8B504000D0016005E
:10A6F000200000F0F9F9094820602800C046C04653
:10A7000007003000C046C0463B0002000448017804
:10A71000201D00F0EFF92000F2BD00BF14AA0408CC
:10A72000EC810008F8B504000D001600200000F0D0
:10A73000DBF9094820602800C046C0460700300009
:10A74000C046C0463B00020004480178201D00F0CE
:10A75000E1F92000F2BD00BF38AA0408EE8100082C
:10A76000F8B504000D001600200000F0BDF90948FE
:10A7700020602800C046C04607003000C046C046E2
:10A780003B00020004480178201D00F0D3F92000AE
:10A79000F2BD00BF5CAA040832F90308F8B5040052
:10A7A0000D001600200000F09FF9094820602800E5
:10A7B000C046C04607003000C046C0463B0002000D
:10A7C00004480178201D00F0C5F92000F2BD00BF4B
:10A7D00080AA040852070408F8B504000D0016000A
:10A7E000200000F081F9094820602800C046C046DA
:10A7F00007003000C046C0463B0002000448017814
:10A80000201D00F0B7F92000F2BD00BFA4AA040883
:10A810007A200408F8B504000D001600200000F0AE
:10A8200063F9094820602800C046C0460700300090
:10A83000C046C0463B00020004480178201D00F0DD
:10A84000A9F92000F2BD00BFC8AA040846240408E4
:10A8500010B504002000C046C04610BD00210160B4
:10A860000021416070470000F8B504001500002683
:10A87000002C01D130000AE00548844201D3D5F70D
:10A8800065FF502707FB04F73800D8F71BFFF2BD20
:10A8900034333303F8B505000E00170031000420EF
:10A8A0000800C0460400002C05D03800C046C04651
:10A8B0000068206000E00020F1BD38B504000D0004
:10A8C00029002000D5F71CF915F1180114F1180022
:10A8D00000F070F9200032BD10B50400200000F037
:10A8E00075F910BD38B504000D002900200000F0F6
:10A8F00073F931BD70B504000D0016003100280059
:10A9000000F071F970BD10B50400200000F072F97C
:10A9100010BD10B50400200000F077F910BD70B52F
:10A9200004000D00160032002900200000F078F924
:10A93000200070BD10B50400200000F077F910BDB4
:10A9400038B504000D002900200000F079F920003E
:10A9500032BD10B50400200000F078F910BD10B52C
:10A960000400200000F0AAF910BD10B5040020007A
:10A97000C046C04610BD70B5040015001E0028007A
:10A98000C046C04601002000FDF799F83000C046DF
:10A99000C046200070BD70B5040015001E002800E0
:10A9A000C046C04601002000FDF789F83000C046CF
:10A9B000C046200070BD38B504000D002000F2F73D
:10A9C000F6FD2900200000F080F9200032BD0000D3
:10A9D00001000148704700BF3333330338B504002A
:10A9E0000D00280000F09BF931BD38B504000D00C2
:10A9F0002000D5F7D7FB31BD2DE9F04105000E0051
:10AA00001700B04641464FF41E700800C0460400CF
:10AA1000002C07D03800C046C0460100200000F0DE
:10AA200089F900E00020BDE8F08110B504002000A5
:10AA3000C046C04610BD70B5040015001E002800B9
:10AA4000C046C04601002000FDF739F83000C0467E
:10AA5000C04600682060200070BD00000100014871
:10AA6000704700BFE3388E0338B504000D0028009E
:10AA700000F0AAF931BD38B504000D002000D5F76B
:10AA800091FB31BD2DE9F04105000E001700B046E5
:10AA900041461C200800C0460400002C07D03800A6
:10AAA000C046C0460100200000F099F900E00020F7
:10AAB000BDE8F08138B504000D0029002000D5F76D
:10AAC0001FF815F1180114F11800E1F74CFF2000F0
:10AAD00032BD38B504000D0029002000D5F710F86C
:10AAE000A869A061200032BD10B504002000C04656
:10AAF000C04610BD70B5040015001E002800C046F9
:10AB0000C04601002000FCF7DAFF3000C046C04616
:10AB1000200070BD70B5040015001E002800C0465E
:10AB2000C04601002000FCF7CAFF3000C046C04606
:10AB3000200070BD70B5040015001E002800C0463E
:10AB4000C04601002000FCF7BAFF3000C046C046F6
:10AB5000200070BD70B5040015001E002800C0461E
:10AB6000C04601002000FCF7AAFF3000C046C046E6
:10AB7000200070BD70B5040015001E002800C046FE
:10AB8000C04601002000FCF79AFF3000C046C046D6
:10AB9000200070BD70B5040015001E002800C046DE
:10ABA000C04601002000FCF78AFF3000C046C046C6
:10ABB000200070BD38B504000D002000F5F78EF8B8
:10ABC0002900200000F016F9200032BD01000148E4
:10ABD000704700BF3333330338B504000D0028003D
:10ABE00000F032F931BD38B504000D002000D5F772
:10ABF000D9FA31BD70B504000D00160032002900ED
:10AC00002000EEF75EFF200070BD70B504000D005F
:10AC10001600320029002000EFF739F8200070BD3F
:10AC200010B50400200000F01BF910BD10B50400A1
:10AC3000200000F029F9200000F035F9200010BDB7
:10AC400010B50400200000F035F910BD70B5040007
:10AC50002000E2F7A5FD0068E2F7A8FD05682000E6
:10AC6000E2F79EFD0068E2F7A1FD06002000E2F792
:10AC700097FD006830602000E2F792FD0068E6F77B
:10AC800036FF06002000E2F78BFD006830602000F0
:10AC9000E7F736F9002101602000E2F781FD006846
:10ACA00085420AD02800E2F781FD006806002900ED
:10ACB0002000E2F7CFFD3500EEE770BD10B50400CF
:10ACC000200000F00DF9200010BD70B504000D004B
:10ACD0002800EDF761FB002820D1280000F006F9DC
:10ACE000002810D02800406AC04606002000C04658
:10ACF000C046010030003268126890470100200011
:10AD00004162C0460AE02800406AC046002102684D
:10AD100012689047010020004162C04670BD10B526
:10AD2000040014F1180000F0F1F82000D4F7CCFF73
:10AD3000200010BD38B504000D0022482060A8880E
:10AD4000A080E888E080287A207214F1090015F1CB
:10AD500009014FF48072D0F793FD04F2091005F257
:10AD600009114FF48072D0F78BFD95F8090284F831
:10AD7000090215F5047114F50470E8F78BF9B5F8BC
:10AD80003802A4F83802B5F83A02A4F83A02B5F845
:10AD90003C02A4F83C02B5F83E02A4F83E0215F5C8
:10ADA000107114F51070D4F7ABFE15F5167114F58B
:10ADB0001670D4F7A5FEB5F87002A4F87002200052
:10ADC00032BD00BFF002050810B5040014F11800F0
:10ADD000E8F7ADF82000D4F777FF200010BD38B5B4
:10ADE00004000D0029002000D4F78AFEA869A061A4
:10ADF000200032BD70B504000D002800EFF720FBE5
:10AE0000002820D1280000F088F8002810D0280061
:10AE1000406AC04606002000C046C046010030001F
:10AE2000326812689047010020004162C0460AE083
:10AE30002800406AC046002102681268904701005D
:10AE400020004162C04670BD10B5040014F1180026
:10AE500000F073F82000D4F737FF200010BD000089
:10AE60007CB504000D001600009601AB2A000548D1
:10AE70000178200000F068F8200000F07DF8200044
:10AE800076BD00BF834D030838B504002000EBF702
:10AE90003DFE05002000E2F787FB020029002000AC
:10AEA00000F075F831BD10B50400200000F0B7F8CF
:10AEB00010BD000070B504000D002A00074801789D
:10AEC000200000F0B7F8200000F0C3F806002000D2
:10AED000E2F766FC0660200070BD00BF272603086D
:10AEE00010B50400200000F0BCF810BD38B5040017
:10AEF0002000406AC04605002000C046C04685428A
:10AF000001D1012000E00020C0B232BD10B5040024
:10AF1000200000F0B1F8200010BD38B5040020007A
:10AF2000406AC04605002000C046C046854201D1A7
:10AF3000012000E00020C0B232BD10B504002000A6
:10AF400000F0A0F8200010BD2DE9F041040015002C
:10AF50001E00069F2800C046C0463800C046C046B6
:10AF600080463000C046C04642460178200000F0CE
:10AF70008FF82000BDE8F08138B50400200000F013
:10AF800096F805002000E6F7CBFB056031BD17B54C
:10AF900083B004002000EBF7B9FD029002A904A8D9
:10AFA000E2F712FB00280FD02000E2F7FDFA019033
:10AFB00001A905A8E2F708FB002801D1012000E063
:10AFC000002090F0010000E00020C0B2002806D070
:10AFD000200000F0A8F82000EBF798FD1DE005A97F
:10AFE00004A8EBF75BFF002801D0012000E000205F
:10AFF000C0B2002808D0002104A800F0BEF801006B
:10B00000200000F0C2F8EAE72000E6F776FB020035
:10B0100004996846E6F779FB006806B010BD10B5E4
:10B0200004002000E6F77CFB0168200000F083FBB1
:10B03000200010BD38B5040015002800C046C046E9
:10B040000100200000F0A6FB200000F0A9FB20007A
:10B0500032BD10B50400002200212000EBF768FE8D
:10B0600010BD10B504002000E2F79AFB0168200033
:10B0700000F09BFB200010BD10B50400200000F084
:10B08000B7FB10BD10B50400200000F0B8FB10BDE8
:10B0900038B5040015002800C046C0460100200055
:10B0A00000F0B4FB200000F0B7FB200032BD38B543
:10B0B00004002000EBF76DFB0121F0F781FF009009
:10B0C0000098EBF70AFBF0F783FF05002000EBF791
:10B0D00060FB6A462900F0F781FF0098F0F76AFFED
:10B0E000F0F776FF05002000EBF753FB6A462900D6
:10B0F000F0F774FF0098EBF7EAFAF0F769FF050044
:10B100002000EBF746FB6A462900F0F767FF00983E
:10B11000EBF733FB012101700098EBF7C6FA012130
:10B120000170009832BD38B504002000EBF7AEFA8C
:10B130000168200000F075FB2000EBF7A7FA05007E
:10B140002000E6F7EDFA006828602000F0F7A4FF81
:10B1500005002000E6F7E4FA006828602000EBF71D
:10B16000E5FC05002000E6F7DBFA00682860200017
:10B17000F0F76BFF0021016031BD38B50400256890
:10B180002000EBF7E3FC280032BD2DE9F34381B04A
:10B19000040002A80068C046050002A8EBF7D6FC30
:10B1A0002E003000EBF799FA0068EBF77EFA007892
:10B1B000002801D0012000E00020C0B2002804D007
:10B1C0003000EBF784FA07681BE03000EBF77FFAFA
:10B1D0000068EBF76AFA0078002801D0012000E04F
:10B1E0000020C0B2002804D03000EBF776FA0768E0
:10B1F00007E002A80068C04606003000EBF767FAD7
:10B200000768AE4277D12800F0F7D4FED0F800806E
:10B210003800EBF74AFA0078002801D1012000E05D
:10B220000020C0B2002804D03800F0F7C3FEC0F8F8
:10B2300000802000EBF72AFA0068A84201D1012023
:10B2400000E00020C0B2002804D02000EBF71EFA76
:10B25000076014E04046EBF740FA0068A84201D1CD
:10B26000012000E00020C0B2002804D04046EBF7E7
:10B2700034FA076003E04046EBF729FA0760200044
:10B28000F0F70AFF0068A84201D1012000E0002089
:10B29000C0B2002810D02000F0F7FEFE8146380032
:10B2A000EBF703FA0078002801D0404602E03800AE
:10B2B00000F0E9FAC9F800002000EBF737FC00685D
:10B2C000A84201D1012000E00020C0B2002800F017
:10B2D000A0802000EBF72AFC81463800EBF7E5F967
:10B2E0000078002801D0404602E0380000F0D1FA92
:10B2F000C9F800008DE02800EBF7EFF90068F0F7DF
:10B3000059FE06603000EBF7E8F980462800EBF7BD
:10B31000E4F90068C8F800002800EBF7D8F90068E5
:10B32000864201D1012000E00020C0B2002801D0F7
:10B33000B0462AE03000F0F73DFED0F8008038003B
:10B34000EBF7B3F90078002801D1012000E00020DC
:10B35000C0B2002804D03800F0F72CFEC0F80080FE
:10B360004046EBF7BAF907603000EBF7B0F98146D9
:10B370002800EBF7ACF90068C9F800002800EBF7EB
:10B38000A6F90068F0F716FE06602000EBF77EF9DC
:10B390000068A84201D1012000E00020C0B20028CE
:10B3A00004D02000EBF772F906601DE02800F0F7EA
:10B3B00001FE0068EBF791F90068A84201D1012075
:10B3C00000E00020C0B2002807D02800F0F7F2FD0E
:10B3D0000068EBF782F9066006E02800F0F7EAFD66
:10B3E0000068EBF774F906603000F0F7E3FD814682
:10B3F0002800F0F7DFFD0068C9F800003000EBF727
:10B40000BCF981462800EBF7B8F901004846FBF784
:10B4100077FD2800EBF7B1F90078012801D1012070
:10B4200000E00020C0B2002800F05B812000EBF7B4
:10B430002DF9006887420BD03800EBF79EF90078B1
:10B44000012801D0012000E0002090F0010000E080
:10B450000020C0B2002800F03F814046EBF73DF9E4
:10B460000068874201D1012000E00020C0B200281E
:10B4700000F096804046EBF72AF90068060030009D
:10B48000EBF77BF90078002801D1012000E00020D3
:10B49000C0B2002812D03000EBF76FF90121017023
:10B4A0004046EBF76AF90021017041462000F0F7B1
:10B4B000FCFD4046EBF70BF9006806003000EBF7A7
:10B4C000F4F80078002801D0012000E00020C0B28C
:10B4D000002801D04746F9E03000EBF7FEF800689D
:10B4E000EBF74BF9007801280ED13000EBF7EFF8BD
:10B4F0000068EBF742F90078012801D0012000E054
:10B50000002090F0010000E00020C0B2002806D02A
:10B510003000EBF732F9002101704746D6E03000E9
:10B52000EBF7D5F80068EBF728F90078012801D18E
:10B53000012000E00020C0B2002815D03000EBF759
:10B54000CCF80068EBF719F9012101703000EBF736
:10B5500014F90021017031002000F0F70DFE404683
:10B56000EBF7B5F8006806003000EBF706F9814606
:10B570004046EBF702F9007889F800004046EBF707
:10B58000FCF8012101703000EBF7A1F80068EBF73F
:10B59000F4F80121017041462000F0F786FD9BE0A0
:10B5A0004046EBF79AF8006806003000EBF7E5F844
:10B5B0000078002801D1012000E00020C0B200285E
:10B5C00012D03000EBF7D9F8012101704046EBF7BB
:10B5D000D4F80021017041462000F0F7CDFD40462F
:10B5E000EBF77BF8006806003000EBF75EF80078B8
:10B5F000002801D0012000E00020C0B2002801D0C6
:10B60000474663E03000EBF762F80068EBF7B5F807
:10B61000007801280ED13000EBF75FF80068EBF7F7
:10B62000ACF80078012801D0012000E0002090F063
:10B63000010000E00020C0B2002806D03000EBF787
:10B640009CF800210170474640E03000EBF745F8D8
:10B650000068EBF792F80078012801D1012000E0A2
:10B660000020C0B2002815D03000EBF730F8006899
:10B67000EBF783F8012101703000EBF77EF8002131
:10B68000017031002000F0F710FD4046EBF725F87F
:10B69000006806003000EBF770F881464046EBF793
:10B6A0006CF8007889F800004046EBF766F8012155
:10B6B00001703000EBF711F80068EBF75EF801213C
:10B6C000017041462000F0F757FD05E03800F0F723
:10B6D00071FC00688046A9E63800EBF74EF80121BE
:10B6E00001702800E6F722F8EBF74DF881462000BC
:10B6F000EBF74FF84946F5F7A4FB2000EBF749F8C4
:10B7000001222900F5F7A5FB2000F0F79EFC006858
:10B71000002805D02000F0F798FC0168491E016060
:10B720002000E5F7EAFF020002996846E5F7EDFF21
:10B730000068BDE8FE8370B504000D002800EAF73C
:10B74000CCFFF0F745FC06002000EBF722F83100B3
:10B7500000F0A5F82800F0F72DFCF0F739FC060002
:10B760002000EBF716F8310000F099F82800EAF70E
:10B77000AEFFF0F72DFC06002000EBF70AF83100D1
:10B7800000F08DF82000EBF704F801222900F5F70E
:10B7900060FB70BD10B504002000C046C04610BD5F
:10B7A0000021016000214160704770B504000D0068
:10B7B0002800E1F7FBFFE6F7AAFB06002000E6F70A
:10B7C000ACFB3100E6F7AFFB2800E6F790F9E6F7AF
:10B7D0009EFB06002000E6F7A0FB3100E6F7A3FB86
:10B7E0002000E6F79AFB01222900E6F7B8FB70BDBE
:10B7F00010B50400200000F05AF8200010BD10B56C
:10B800000400200000F070F8200010BD10B5040006
:10B810002000C046C04610BD0021016000214160EB
:10B820007047F8B504000D002E003000EAF73DFF28
:10B830000078002801D1012000E00020C0B20028DB
:10B8400020D03000EAF743FF01682000FFF7E9FF4E
:10B850003000EAF742FF006806002800E5F766FFBF
:10B86000EAF791FF07002000EAF793FF3900F5F7A8
:10B87000E8FA2000EAF78DFF01222900F5F7E9FA3E
:10B880003500D2E7F1BD10B504002000F5F704FB48
:10B8900010BD10B504002000F5F7E5FA10BD38B56D
:10B8A00004000D002900200000F03BF831BD38B540
:10B8B00004002000ECF770FD002814D12000406A3D
:10B8C000C04605002000FFF711FB002801D101212F
:10B8D00000E00021C9B228002A68D2689047002100
:10B8E00020004162C04631BD38B504002000EEF7AB
:10B8F000A7FD002814D12000406AC04605002000A2
:10B90000FFF70BFB002801D1012100E00021C9B2A3
:10B9100028002A68D2689047002120004162C04672
:10B9200031BD38B504000D0029002000C046C046D6
:10B9300031BD000000231DE001231BE0022319E0BC
:10B940000146087A68B9487A08B9B02070474A6851
:10B95000121D401E4A604872042052F8043D0B60DC
:10B960000872087A421E0A720A68100E12020A60F1
:10B97000704700002DE9F94F87B0904600220492ED
:10B980000C460798002818BF012810D0022840F064
:10B990008E81A06BA064E66B276C089802280FD1FB
:10B9A0003D68002D46D0D7F804B008370EE094F873
:10B9B0005000E66CC1073DD40898002833D1371DEC
:10B9C0003D88002D36D0B7F802B03F1D4FEA4B003E
:10B9D00000F0020005F0010108430328DDD8DFE88C
:10B9E00010F005004800BD006601D6E70798002862
:10B9F0003DD0A06C834405A8009000230F220021B5
:10BA00004046D7F78FF80598584530D35D44A84293
:10BA10002DD2A06CA063E663391D21642046D7F7C0
:10BA20005CFAF0B943E13168301DC1F3074100EB26
:10BA30008107B2E730680190321D08980292002811
:10BA400040F0078100218DF80D10032201990902B1
:10BA5000019145469DF813809DF812908DF80C20B9
:10BA600019E13868400007EB60070497DDE03F1DEF
:10BA700093E7079800284CD1A06C05A90091834456
:10BA800000230F2200214046D7F74CF8059858456F
:10BA900062D35D446D1EA8425ED2786810F1020F39
:10BAA00000F0058110F1010F10D104F1580005904C
:10BAB00004A9009100230D2200214046D7F732F857
:10BAC00004982062E762059860627FE03A68014668
:10BAD00005ABD20F2046D5F72AFA00283CD0022821
:10BAE000E6D104A8009000230D2200214046D7F79C
:10BAF00019F804982062E76204F128010598A06211
:10BB00006162042204F1580104F12800AFF30080BF
:10BB10005CE005A8009000230D2200214046D7F7E5
:10BB200001F8206A0599884204BFE26ABA4213D13B
:10BB30003968490007EB61000490002304A80090D5
:10BB40000F2200214046D6F7D7FF04A804940090A6
:10BB50000023002200216DE008371EE7D7F800A07F
:10BB600007982AF0004998BBA06C05A95844009199
:10BB7000A0F1010B00230F2200214046D6F7D2FF8F
:10BB8000059858455BD35D44A84258D20025B9F1C9
:10BB9000000F07F1040B0CD05BF8041B6B4600226E
:10BBA0002046D5F7C4F910B96D1C4D45F4D34D4569
:10BBB00045D104A8009000230D2200214046D6F76D
:10BBC000B1FF04982062E762002060620620EFE186
:10BBD00005A8009000230D2200214046D6F7A2FFC1
:10BBE000206A0599884204BFE06AB84227D1002143
:10BBF000E1620420391DCA45C4F8289020636163BE
:10BC000003D101208DF811001BE001EB8905002311
:10BC100028680494400005EB600504A80090002209
:10BC200000214046D6F768FF049504A80090002341
:10BC30000F2200214046D6F75FFF0720B8E1CA4532
:10BC400001D1002000E00420391D00EB89000F180D
:10BC5000A3E601980199000C09048DF80D000191EB
:10BC60000222F6E6402E40DA05A8009000230D22BD
:10BC700000212846D6F756FFB600059806F0FC06C8
:10BC8000361D3618059605A8009000230D220021C8
:10BC90002846D6F731FF01A8FFF752FE0646B02E20
:10BCA000E0D1B8F1000F19D1B9F1000F01D109208D
:10BCB0007EE105A8009000230E2200212846D6F739
:10BCC00031FF0598069006A9009100230F2200215C
:10BCD0002846D6F711FF01208DF810009DF81100BD
:10BCE000002840F03C81082062E17F2E0EDC05A890
:10BCF000009000230D2200212846D6F713FFB6003E
:10BD0000059806F0FC06361D861BBBE7902E19DA57
:10BD100001A83603FFF714FE06F4704656EA001633
:10BD2000C5D00023324600212846D6F711FF00284F
:10BD3000BDD1300448BF4FF001087004ABD54FF0BF
:10BD40000109A8E7A02E11DA06F00F060D2E18BF84
:10BD50000F2EACD005A800900023324600212846C3
:10BD6000D6F7E0FE0599009105918CE7B02E16DA22
:10BD700006F007020120521C00FA02F2521E1201C4
:10BD8000300744BF42F480424FF0010900230021F4
:10BD90002846D6F7DDFE00283FF47DAF87E7B82EB2
:10BDA00063DAB12E12D101A8FFF7CAFD00283FF4D3
:10BDB0007EAF0F283FF67BAF0246002300212846C6
:10BDC000D6F7C6FE00283FF466AF70E7B22E35D135
:10BDD0000026002100E0C91D9DF80C0078B99DF8EF
:10BDE0000D0008B9B02014E0401E8DF80D00029837
:10BDF00002680192031D042202938DF80C209DF825
:10BE00000C00421E8DF80C20019A01981202000EBF
:10BE1000019200F07F028A4016430006DBD405A998
:10BE2000009100230D2200212846D6F77BFE0598BD
:10BE300000EB860000F50170059024E7B32E7FF437
:10BE400036AF01A8FFF77CFD010300F00F0001F4FD
:10BE50007021401C40EA0102012301212846D6F747
:10BE600077FE00283FF417AF21E7C02E0DDA06F069
:10BE70000706761C012346F4002201212846D6F746
:10BE800067FE00283FF407AF11E7C82E38DAC72E47
:10BE900012D101A8FFF754FD00283FF408AF0F2886
:10BEA0003FF605AF0246002304212846D6F750FE90
:10BEB00000283FF4F0AEFAE6C62E13D101A8FFF732
:10BEC0003FFD010300F00F0001F47021401C40EA27
:10BED0000102032303212846D6F73AFE00283FF447
:10BEE000DAAEE4E606F00706761C032346F42022C9
:10BEF00003212846D6F72CFE00283FF4CCAED6E628
:10BF000018BFC92E17D101A8FFF71AFD010300F0D1
:10BF10000F0001F47021401C0843C82E08BF00F533
:10BF200080100246052301212846D6F711FE00287D
:10BF30003FF4B1AEBBE6D02EFFF6B9AED82EBFF6B9
:10BF4000B6AE06F00706761C052346F40022012152
:10BF50002846D6F7FDFD00283FF49DAEA7E605A8CC
:10BF6000009005940023002200212846D6F7C4FD46
:10BF70009DF8100088B904A9009100230F22002128
:10BF80002846D6F7CFFD0498059005A90091002317
:10BF90000E2200212846D6F7AFFD0448049004A9DC
:10BFA000009100230F220021284644E600000000F3
:10BFB00009B0BDE8F08F2DE9F34381B0040002A879
:10BFC0000068C046050002A8E7F72CF82E003000F4
:10BFD000ECF723FB0068FAF747F80078002801D057
:10BFE000012000E00020C0B2002804D03000FAF7A1
:10BFF0001CFA07681BE03000FAF717FA0068FAF736
:10C0000033F80078002801D0012000E00020C0B201
:10C01000002804D03000ECF700FB076807E002A816
:10C020000068C04606003000FAF7FFF90768AE4224
:10C0300077D12800FCF7B6F9D0F800803800FAF77D
:10C0400013F80078002801D1012000E00020C0B2E0
:10C05000002804D03800FCF7A5F9C0F800802000C3
:10C06000FCF7E7F90068A84201D1012000E00020B8
:10C07000C0B2002804D02000FCF7DBF9076014E010
:10C080004046ECF7CAFA0068A84201D1012000E05E
:10C090000020C0B2002804D04046ECF7BEFA07608A
:10C0A00003E04046FAF7C1F907602000E6F7E2FE38
:10C0B0000068A84201D1012000E00020C0B20028A1
:10C0C00010D02000E6F7D6FE81463800F9F7CCFF05
:10C0D0000078002801D0404602E0380000F041FA24
:10C0E000C9F800002000FAF790F90068A84201D1D1
:10C0F000012000E00020C0B2002800F0A080200055
:10C10000FAF783F981463800F9F7AEFF0078002886
:10C1100001D0404602E0380000F029FAC9F80000DA
:10C120008DE02800ECF779FA0068FCF73BF906602F
:10C130003000ECF772FA80462800ECF76EFA0068DF
:10C14000C8F800002800FAF770F90068864201D1AB
:10C15000012000E00020C0B2002801D0B0462AE053
:10C160003000FCF71FF9D0F800803800F9F77CFFA9
:10C170000078002801D1012000E00020C0B2002892
:10C1800004D03800FCF70EF9C0F800804046ECF708
:10C1900044FA07603000FAF748F981462800FAF7B8
:10C1A00044F90068C9F800002800FAF73EF9006871
:10C1B000FCF7F8F806602000FCF73BF90068A8429D
:10C1C00001D1012000E00020C0B2002804D02000EE
:10C1D000FCF72FF906601DE02800FCF7E3F8006883
:10C1E000ECF71BFA0068A84201D1012000E0002012
:10C1F000C0B2002807D02800FCF7D4F80068ECF79C
:10C200000CFA066006E02800FCF7CCF80068FAF7A4
:10C210000CF906603000FCF7C5F881462800FCF7F1
:10C22000C1F80068C9F800003000F9F717FF81462F
:10C230002800F9F713FF01004846FAF761FE2800CD
:10C24000F9F70CFF0078012801D1012000E000205F
:10C25000C0B2002800F05B812000FCF7EAF800681B
:10C2600087420BD03800F9F7F9FE0078012801D099
:10C27000012000E0002090F0010000E00020C0B2AA
:10C28000002800F03F814046ECF7C7F9006887427C
:10C2900001D1012000E00020C0B2002800F096800B
:10C2A0004046FAF7C2F8006806003000F9F7D6FEFB
:10C2B0000078002801D1012000E00020C0B2002851
:10C2C00012D03000F9F7CAFE012101704046F9F79B
:10C2D000C5FE0021017041462000FCF7B3F840463E
:10C2E000FAF7A3F8006806003000F9F7BDFE007801
:10C2F000002801D0012000E00020C0B2002801D0B9
:10C300004746F9E03000ECF788F90068F9F7A6FE37
:10C31000007801280ED13000FAF787F80068F9F7A5
:10C320009DFE0078012801D0012000E0002090F05F
:10C33000010000E00020C0B2002806D03000F9F76C
:10C340008DFE002101704746D6E03000FAF76DF807
:10C350000068F9F783FE0078012801D1012000E090
:10C360000020C0B2002815D03000ECF756F9006864
:10C37000F9F774FE012101703000F9F76FFE00211A
:10C38000017031002000FCF7C4F84046FAF74DF880
:10C39000006806003000F9F761FE81464046F9F773
:10C3A0005DFE007889F800004046F9F757FE01214C
:10C3B00001703000FAF739F80068F9F74FFE0121F3
:10C3C000017041462000FCF73DF89BE04046ECF749
:10C3D00024F9006806003000F9F740FE00780028D4
:10C3E00001D1012000E00020C0B2002812D03000AE
:10C3F000F9F734FE012101704046F9F72FFE0021C4
:10C40000017041462000FCF784F84046ECF705F93E
:10C41000006806003000F9F727FE0078002801D0F8
:10C42000012000E00020C0B2002801D0474663E0B0
:10C430003000F9F7FAFF0068F9F710FE00780128DC
:10C440000ED13000ECF7E9F80068F9F707FE007844
:10C45000012801D0012000E0002090F0010000E060
:10C460000020C0B2002806D03000F9F7F7FD002107
:10C470000170474640E03000ECF7CFF80068F9F76C
:10C48000EDFD0078012801D1012000E00020C0B2BC
:10C49000002815D03000F9F7C8FF0068F9F7DEFD75
:10C4A000012101703000F9F7D9FD00210170310040
:10C4B0002000FBF7C7FF4046ECF7AFF80068060026
:10C4C0003000F9F7CBFD81464046F9F7C7FD00780B
:10C4D00089F800004046F9F7C1FD012101703000E4
:10C4E000ECF79BF80068F9F7B9FD012101704146AE
:10C4F0002000FCF70EF805E03800FBF753FF00685A
:10C500008046A9E63800F9F7A9FD0121017028004D
:10C51000F5F7FBFEF9F7AEFD81462000F9F7B0FD17
:10C520004946FDF703FC2000F9F7AAFD0122290086
:10C53000FDF704FC2000FBF755FF0068002805D03C
:10C540002000FBF74FFF0168491E01602000E6F75D
:10C550009AFC020002996846E6F79DFC0068BDE877
:10C56000FE8310B504002000F1F7D3FD10BD10B517
:10C5700004002000FDF7ECFB10BD2DE9F34381B072
:10C58000040002A80068C046050002A8F2F71CF9E2
:10C590002E003000F2F7E1F80068F2F7CCF80078EE
:10C5A000002801D0012000E00020C0B2002804D003
:10C5B0003000F2F7CCF807681BE03000F2F7C7F85C
:10C5C0000068F2F7B8F80078002801D0012000E0F8
:10C5D0000020C0B2002804D03000F2F7BEF807688F
:10C5E00007E002A80068C04606003000F2F7AFF886
:10C5F0000768AE4277D12800F6F798F9D0F80080A6
:10C600003800F2F798F80078002801D1012000E006
:10C610000020C0B2002804D03800F6F787F9C0F82F
:10C6200000802000F2F778F80068A84201D10120CC
:10C6300000E00020C0B2002804D02000F2F76CF81F
:10C64000076014E04046F2F788F80068A84201D17C
:10C65000012000E00020C0B2002804D04046F2F7DC
:10C660007CF8076003E04046F2F771F807602000AD
:10C67000F6F71AFA0068A84201D1012000E0002074
:10C68000C0B2002810D02000F6F70EFA814638001C
:10C69000F2F751F80078002801D0404602E0380057
:10C6A00000F041FAC9F800002000F2F7C9FA00686A
:10C6B000A84201D1012000E00020C0B2002800F013
:10C6C000A0802000F2F7BCFA81463800F2F733F878
:10C6D0000078002801D0404602E0380000F029FA36
:10C6E000C9F800008DE02800F2F737F80068F6F787
:10C6F0001DF906603000F2F730F880462800F2F7A6
:10C700002CF80068C8F800002800F2F720F800684C
:10C71000864201D1012000E00020C0B2002801D0F3
:10C72000B0462AE03000F6F701F9D0F80080380072
:10C73000F2F701F80078002801D1012000E0002084
:10C74000C0B2002804D03800F6F7F0F8C0F8008036
:10C750004046F2F702F807603000F1F7F8FF814633
:10C760002800F1F7F4FF0068C9F800002800F1F78D
:10C77000EEFF0068F6F7DAF806602000F1F7CCFF6C
:10C780000068A84201D1012000E00020C0B20028CA
:10C7900004D02000F1F7C0FF06601DE02800F6F786
:10C7A000C5F80068F1F7D9FF0068A84201D101205F
:10C7B00000E00020C0B2002807D02800F6F7B6F845
:10C7C0000068F1F7CAFF066006E02800F6F7AEF849
:10C7D0000068F1F7BCFF06603000F6F7A7F8814665
:10C7E0002800F6F7A3F80068C9F800003000F2F757
:10C7F00054F881462800F2F750F801004846FAF74D
:10C800007FFB2800F2F749F80078012801D10120C8
:10C8100000E00020C0B2002800F05B812000F1F7AA
:10C820007BFF006887420BD03800F2F736F80078BB
:10C83000012801D0012000E0002090F0010000E07C
:10C840000020C0B2002800F03F814046F1F785FF8C
:10C850000068874201D1012000E00020C0B200281A
:10C8600000F096804046F1F772FF00680600300045
:10C87000F2F713F80078002801D1012000E0002031
:10C88000C0B2002812D03000F2F707F80121017081
:10C890004046F2F702F80021017041462000F6F709
:10C8A0000CF94046F1F753FF006806003000F1F73D
:10C8B00042FF0078002801D0012000E00020C0B233
:10C8C000002801D04746F9E03000F1F746FF006844
:10C8D000F1F7E3FF007801280ED13000F1F737FFC0
:10C8E0000068F1F7DAFF0078012801D0012000E0AC
:10C8F000002090F0010000E00020C0B2002806D027
:10C900003000F1F7CAFF002101704746D6E0300041
:10C91000F1F71DFF0068F1F7C0FF0078012801D191
:10C92000012000E00020C0B2002815D03000F1F74F
:10C9300014FF0068F1F7B1FF012101703000F1F739
:10C94000ACFF0021017031002000F6F71DF94046D0
:10C95000F1F7FDFE006806003000F1F79EFF81460A
:10C960004046F1F79AFF007889F800004046F1F759
:10C9700094FF012101703000F1F7E9FE0068F1F742
:10C980008CFF0121017041462000F6F796F89BE0EC
:10C990004046F1F7E2FE006806003000F1F77DFF47
:10C9A0000078002801D1012000E00020C0B200285A
:10C9B00012D03000F1F771FF012101704046F1F70C
:10C9C0006CFF0021017041462000F6F7DDF840467B
:10C9D000F1F7C3FE006806003000F1F7ACFE007806
:10C9E000002801D0012000E00020C0B2002801D0C2
:10C9F000474663E03000F1F7AAFE0068F1F74DFF0B
:10CA0000007801280ED13000F1F7A7FE0068F1F799
:10CA100044FF0078012801D0012000E0002090F0C0
:10CA2000010000E00020C0B2002806D03000F1F77D
:10CA300034FF00210170474640E03000F1F78DFEE1
:10CA40000068F1F72AFF0078012801D1012000E0F9
:10CA50000020C0B2002815D03000F1F778FE006841
:10CA6000F1F71BFF012101703000F1F716FF0021E3
:10CA7000017031002000F6F720F84046F1F76DFE16
:10CA8000006806003000F1F708FF81464046F1F7E4
:10CA900004FF007889F800004046F1F7FEFE01210E
:10CAA00001703000F1F759FE0068F1F7F6FE012140
:10CAB000017041462000F6F767F805E03800F5F709
:10CAC00035FF00688046A9E63800F1F7E6FE01214F
:10CAD00001702800ECF718FBF1F795FE8146200065
:10CAE000F1F7E1FE4946F9F7B7FF2000F1F7DBFE69
:10CAF00001222900F9F7B8FF2000F5F7AEFF006822
:10CB0000002805D02000F5F7A8FF0168491E016044
:10CB10002000ECF7E0FA020002996846ECF7E3FA2D
:10CB20000068BDE8FE8310B504002000F9F72AFF75
:10CB300010BD10B504002000F9F7A0FF10BD2DE9CD
:10CB4000F34381B0040002A80068C046050002A8B3
:10CB5000F5F713FB2E003000F5F7EBFA0068F5F758
:10CB6000DCFA0078002801D0012000E00020C0B2EB
:10CB7000002804D03000F5F7D6FA07681BE0300033
:10CB8000F5F7D1FA0068F5F7C8FA0078002801D067
:10CB9000012000E00020C0B2002804D03000F5F7EA
:10CBA000C8FA076807E002A80068C046060030001F
:10CBB000F5F7B9FA0768AE4277D12800F9F77CF9A2
:10CBC000D0F800803800F5F7A8FA0078002801D1E5
:10CBD000012000E00020C0B2002804D03800F9F79E
:10CBE0006BF9C0F800802000F5F78EFA0068A842C3
:10CBF00001D1012000E00020C0B2002804D02000B4
:10CC0000F5F782FA076014E04046F5F792FA0068FB
:10CC1000A84201D1012000E00020C0B2002804D0C9
:10CC20004046F5F786FA076003E04046F5F77BFAE1
:10CC300007602000FBF72FF90068A84201D101200E
:10CC400000E00020C0B2002810D02000FBF723F93C
:10CC500081463800F5F761FA0078002801D0404697
:10CC600002E0380000F041FAC9F800002000F8F7AF
:10CC700020FD0068A84201D1012000E00020C0B2E0
:10CC8000002800F0A0802000F8F713FD814638004E
:10CC9000F5F743FA0078002801D0404602E038005A
:10CCA00000F029FAC9F800008DE02800F5F741FAF4
:10CCB0000068F9F701F906603000F5F73AFA8046A6
:10CCC0002800F5F736FA0068C8F800002800F5F7E4
:10CCD0002AFA0068864201D1012000E00020C0B29B
:10CCE000002801D0B0462AE03000F9F7E5F8D0F886
:10CCF00000803800F5F711FA0078002801D10120F2
:10CD000000E00020C0B2002804D03800F9F7D4F8C1
:10CD1000C0F800804046F5F70CFA07603000F5F7E0
:10CD200002FA81462800F5F7FEF90068C9F800000C
:10CD30002800F5F7F8F90068F9F7BEF8066020005A
:10CD4000F5F7E2F90068A84201D1012000E00020D7
:10CD5000C0B2002804D02000F5F7D6F906601DE027
:10CD60002800F9F7A9F80068F5F7E3F90068A84288
:10CD700001D1012000E00020C0B2002807D0280027
:10CD8000F9F79AF80068F5F7D4F9066006E028008C
:10CD9000F9F792F80068F5F7C6F906603000F9F780
:10CDA0008BF881462800F9F787F80068C9F8000079
:10CDB0003000F8F7AFFA81462800F8F7ABFA010027
:10CDC0004846FAF79DF82800F8F7A4FA00780128F9
:10CDD00001D1012000E00020C0B2002800F05B81FA
:10CDE0002000F5F791F9006887420BD03800F8F77A
:10CDF00091FA0078012801D0012000E0002090F095
:10CE0000010000E00020C0B2002800F03F81404651
:10CE1000F5F78FF90068874201D1012000E000207A
:10CE2000C0B2002800F096804046F5F77CF9006813
:10CE300006003000F8F76EFA0078002801D10120D2
:10CE400000E00020C0B2002812D03000F8F762FAEB
:10CE5000012101704046F8F75DFA0021017041465A
:10CE60002000FBF721F84046F5F75DF90068060061
:10CE70003000F5F752F90078002801D0012000E0D9
:10CE80000020C0B2002801D04746F9E03000F5F795
:10CE900050F90068F8F73EFA007801280ED130000A
:10CEA000F5F741F90068F8F735FA0078012801D064
:10CEB000012000E0002090F0010000E00020C0B25E
:10CEC000002806D03000F8F725FA00210170474607
:10CED000D6E03000F5F727F90068F8F71BFA00787C
:10CEE000012801D1012000E00020C0B2002815D0A7
:10CEF0003000F5F71EF90068F8F70CFA012101700F
:10CF00003000F8F707FA0021017031002000FBF72C
:10CF100032F84046F5F707F9006806003000F8F7E8
:10CF2000F9F981464046F8F7F5F9007889F80000EC
:10CF30004046F8F7EFF9012101703000F5F7F3F8FA
:10CF40000068F8F7E7F90121017041462000FAF77F
:10CF5000ABFF9BE04046F5F7ECF8006806003000B8
:10CF6000F8F7D8F90078002801D1012000E000206E
:10CF7000C0B2002812D03000F8F7CCF901210170BE
:10CF80004046F8F7C7F90021017041462000FAF742
:10CF9000F2FF4046F5F7CDF8006806003000F5F7DF
:10CFA000BCF80078002801D0012000E00020C0B2C9
:10CFB000002801D0474663E03000F5F7B4F8006878
:10CFC000F8F7A8F9007801280ED13000F5F7B1F88C
:10CFD0000068F8F79FF90078012801D0012000E0EF
:10CFE000002090F0010000E00020C0B2002806D030
:10CFF0003000F8F78FF900210170474640E030001B
:10D00000F5F797F80068F8F785F90078012801D15D
:10D01000012000E00020C0B2002815D03000F5F754
:10D0200082F80068F8F776F9012101703000F8F70E
:10D0300071F90021017031002000FAF735FF4046F8
:10D04000F5F777F8006806003000F8F763F98146D5
:10D050004046F8F75FF9007889F800004046F8F795
:10D0600059F9012101703000F5F763F80068F8F70D
:10D0700051F90121017041462000FAF77CFF05E0DB
:10D080003800F8F719FF00688046A9E63800F8F77D
:10D0900041F9012101702800F0F765FFF8F740F928
:10D0A00081462000F8F742F94946FCF755FD20007B
:10D0B000F8F73CF901222900FCF756FD2000FAF7A9
:10D0C000C3FE0068002805D02000FAF7BDFE016805
:10D0D000491E01602000F4F760FA020002996846D8
:10D0E000F4F769FA0068BDE8FE8310B5040020007B
:10D0F000FBF701F910BD10B504002000FCF73EFD60
:10D1000010BD2DE9F34381B0040002A80068C046B9
:10D11000050002A8EBF77BFE2E003000EBF753FE74
:10D120000068EBF744FE0078002801D0012000E001
:10D130000020C0B2002804D03000EBF73EFE0768A4
:10D140001BE03000EBF739FE0068EBF730FE0078AB
:10D15000002801D0012000E00020C0B2002804D047
:10D160003000EBF730FE076807E002A80068C04611
:10D1700006003000EBF721FE0768AE4277D12800A9
:10D18000F1F724FAD0F800803800EBF710FE0078B1
:10D19000002801D1012000E00020C0B2002804D006
:10D1A0003800F1F713FAC0F800802000EBF7F6FD25
:10D1B0000068A84201D1012000E00020C0B2002890
:10D1C00004D02000EBF7EAFD076014E04046EBF7DF
:10D1D000FAFD0068A84201D1012000E00020C0B2A1
:10D1E000002804D04046EBF7EEFD076003E0404620
:10D1F000EBF7E3FD07602000F3F75BFF0068A84250
:10D2000001D1012000E00020C0B2002810D0200091
:10D21000F3F74FFF81463800EBF7C9FD007800288F
:10D2200001D0404602E0380000F041FAC9F80000A1
:10D230002000EFF778FB0068A84201D1012000E050
:10D240000020C0B2002800F0A0802000EFF76BFBA8
:10D2500081463800EBF7ABFD0078002801D040464E
:10D2600002E0380000F029FAC9F800008DE028003B
:10D27000EBF7A9FD0068F1F7A9F906603000EBF7BC
:10D28000A2FD80462800EBF79EFD0068C8F800006C
:10D290002800EBF792FD0068864201D1012000E0F2
:10D2A0000020C0B2002801D0B0462AE03000F1F7DB
:10D2B0008DF9D0F800803800EBF779FD0078002870
:10D2C00001D1012000E00020C0B2002804D03800C5
:10D2D000F1F77CF9C0F800804046EBF774FD076079
:10D2E0003000EBF76AFD81462800EBF766FD006829
:10D2F000C9F800002800EBF760FD0068F1F766F957
:10D3000006602000EBF74AFD0068A84201D1012029
:10D3100000E00020C0B2002804D02000EBF73EFD62
:10D3200006601DE02800F1F751F90068EBF74BFDAE
:10D330000068A84201D1012000E00020C0B200280E
:10D3400007D02800F1F742F90068EBF73CFD0660D2
:10D3500006E02800F1F73AF90068EBF72EFD0660C9
:10D360003000F1F733F981462800F1F72FF9006812
:10D37000C9F800003000EFF707F981462800EFF701
:10D3800003F901004846F9F7BBFD2800EFF7FCF868
:10D390000078012801D1012000E00020C0B200285F
:10D3A00000F05B812000EBF7F9FC006887420BD0AE
:10D3B0003800EFF7E9F80078012801D0012000E0FB
:10D3C000002090F0010000E00020C0B2002800F032
:10D3D0003F814046EBF7F7FC0068874201D101200E
:10D3E00000E00020C0B2002800F096804046EBF735
:10D3F000E4FC006806003000EFF7C6F8007800286B
:10D4000001D1012000E00020C0B2002812D030007D
:10D41000EFF7BAF8012101704046EFF7B5F80021A7
:10D42000017041462000F3F74DFE4046EBF7C5FC86
:10D43000006806003000EBF7BAFC0078002801D045
:10D44000012000E00020C0B2002801D04746F9E0EA
:10D450003000EBF7B8FC0068EFF796F80078012889
:10D460000ED13000EBF7A9FC0068EFF78DF80078DB
:10D47000012801D0012000E0002090F0010000E030
:10D480000020C0B2002806D03000EFF77DF8002160
:10D4900001704746D6E03000EBF78FFC0068EFF7ED
:10D4A00073F80078012801D1012000E00020C0B20B
:10D4B000002815D03000EBF786FC0068EFF764F821
:10D4C000012101703000EFF75FF800210170310099
:10D4D0002000F3F75EFE4046EBF76FFC00680600A5
:10D4E0003000EFF751F881464046EFF74DF80078ED
:10D4F00089F800004046EFF747F80121017030003D
:10D50000EBF75BFC0068EFF73FF801210170414643
:10D510002000F3F7D7FD9BE04046EBF754FC006892
:10D5200006003000EFF730F80078002801D1012024
:10D5300000E00020C0B2002812D03000EFF724F83D
:10D54000012101704046EFF71FF8002101704146AC
:10D550002000F3F71EFE4046EBF735FC006806009E
:10D560003000EBF724FC0078002801D0012000E017
:10D570000020C0B2002801D0474663E03000EBF73E
:10D580001CFC0068EFF700F8007801280ED130008D
:10D59000EBF719FC0068EEF7F7FF0078012801D0DF
:10D5A000012000E0002090F0010000E00020C0B267
:10D5B000002806D03000EEF7E7FF00210170474653
:10D5C00040E03000EBF7FFFB0068EEF7DDFF00788E
:10D5D000012801D1012000E00020C0B2002815D0B0
:10D5E0003000EBF7EAFB0068EEF7CEFF0121017097
:10D5F0003000EEF7C9FF0021017031002000F3F781
:10D6000061FD4046EBF7DFFB006806003000EEF7F7
:10D61000BBFF81464046EEF7B7FF007889F800006F
:10D620004046EEF7B1FF012101703000EBF7CBFB74
:10D630000068EEF7A9FF0121017041462000F3F7D1
:10D64000A8FD05E03800F0F7C1FF00688046A9E6B4
:10D650003800EEF799FF012101702800E6F767F91D
:10D66000EEF798FF81462000EEF79AFF4946F7F75C
:10D67000F5FC2000EEF794FF01222900F7F7F6FCF5
:10D680002000F3F7EFFC0068002805D02000F3F736
:10D69000E9FC0168491E01602000E9F73DFC020039
:10D6A00002996846E9F746FC0068BDE8FE8310B5BC
:10D6B00004002000F5F7DAF810BD10B504002000D2
:10D6C000F7F7DEFC10BD2DE9F34381B0040002A89A
:10D6D0000068C046050002A8F7F7BCF82E0030002D
:10D6E000F7F794F80068F7F785F80078002801D07C
:10D6F000012000E00020C0B2002804D03000F7F77D
:10D700007FF807681BE03000F7F77AF80068F7F752
:10D7100071F80078002801D0012000E00020C0B29C
:10D72000002804D03000F7F771F8076807E002A876
:10D730000068C04606003000F7F762F80768AE429E
:10D7400077D12800FAF744F8D0F800803800F7F7CE
:10D7500051F80078002801D1012000E00020C0B27B
:10D76000002804D03800FAF733F8C0F80080200011
:10D77000F7F737F80068A84201D1012000E0002047
:10D78000C0B2002804D02000F7F72BF8076014E09F
:10D790004046F7F73BF80068A84201D1012000E0BD
:10D7A0000020C0B2002804D04046F7F72FF80760E9
:10D7B00003E04046F7F724F807602000FBF7BBFEC4
:10D7C0000068A84201D1012000E00020C0B200287A
:10D7D00010D02000FBF7AFFE81463800F7F70AF8BB
:10D7E0000078002801D0404602E0380000F041FAFD
:10D7F000C9F800002000F9F7FCFE0068A84201D13A
:10D80000012000E00020C0B2002800F0A08020002D
:10D81000F9F7EFFE81463800F6F7ECFF00780028B4
:10D8200001D0404602E0380000F029FAC9F80000B3
:10D830008DE02800F6F7EAFF0068F9F7C9FF0660F7
:10D840003000F6F7E3FF80462800F6F7DFFF0068B8
:10D85000C8F800002800F6F7D3FF0068864201D11F
:10D86000012000E00020C0B2002801D0B0462AE02C
:10D870003000F9F7ADFFD0F800803800F6F7BAFFB6
:10D880000078002801D1012000E00020C0B200286B
:10D8900004D03800F9F79CFFC0F800804046F6F746
:10D8A000B5FF07603000F6F7ABFF81462800F6F7BA
:10D8B000A7FF0068C9F800002800F6F7A1FF00687C
:10D8C000F9F786FF06602000F6F78BFF0068A84294
:10D8D00001D1012000E00020C0B2002804D02000C7
:10D8E000F6F77FFF06601DE02800F9F771FF00687A
:10D8F000F6F78CFF0068A84201D1012000E000206B
:10D90000C0B2002807D02800F9F762FF0068F6F7D8
:10D910007DFF066006E02800F9F75AFF0068F6F779
:10D920006FFF06603000F9F753FF81462800F9F7D2
:10D930004FFF0068C9F800003000F9F78BFC814602
:10D940002800F9F787FC01004846F9F7D9FA2800C2
:10D95000F9F780FC0078012801D1012000E00020C7
:10D96000C0B2002800F05B812000F6F73AFF0068A3
:10D9700087420BD03800F9F76DFC0078012801D000
:10D98000012000E0002090F0010000E00020C0B283
:10D99000002800F03F814046F6F738FF00688742D4
:10D9A00001D1012000E00020C0B2002800F09680E4
:10D9B0004046F6F725FF006806003000F9F74AFCFC
:10D9C0000078002801D1012000E00020C0B200282A
:10D9D00012D03000F9F73EFC012101704046F9F702
:10D9E00039FC0021017041462000FBF7ADFD4046A7
:10D9F000F6F706FF006806003000F6F7FBFE007839
:10DA0000002801D0012000E00020C0B2002801D091
:10DA10004746F9E03000F6F7F9FE0068F9F71AFC1E
:10DA2000007801280ED13000F6F7EAFE0068F9F719
:10DA300011FC0078012801D0012000E0002090F0C6
:10DA4000010000E00020C0B2002806D03000F9F745
:10DA500001FC002101704746D6E03000F6F7D0FE09
:10DA60000068F9F7F7FB0078012801D1012000E0F8
:10DA70000020C0B2002815D03000F6F7C7FE0068BD
:10DA8000F9F7E8FB012101703000F9F7E3FB002111
:10DA9000017031002000FBF7BEFD4046F6F7B0FEF6
:10DAA000006806003000F9F7D5FB81464046F9F7DB
:10DAB000D1FB007889F800004046F9F7CBFB012143
:10DAC00001703000F6F79CFE0068F9F7C3FB0121F6
:10DAD000017041462000FBF737FD9BE04046F6F71A
:10DAE00095FE006806003000F9F7B4FB00780028C6
:10DAF00001D1012000E00020C0B2002812D0300087
:10DB0000F9F7A8FB012101704046F9F7A3FB0021BA
:10DB1000017041462000FBF77EFD4046F6F776FE99
:10DB2000006806003000F6F765FE0078002801D096
:10DB3000012000E00020C0B2002801D0474663E089
:10DB40003000F6F75DFE0068F9F784FB00780128E5
:10DB50000ED13000F6F75AFE0068F9F77BFB00782B
:10DB6000012801D0012000E0002090F0010000E039
:10DB70000020C0B2002806D03000F9F76BFB00216E
:10DB80000170474640E03000F6F740FE0068F9F7C4
:10DB900061FB0078012801D1012000E00020C0B223
:10DBA000002815D03000F6F72BFE0068F9F752FB7D
:10DBB000012101703000F9F74DFB002101703100A7
:10DBC0002000FBF7C1FC4046F6F720FE0068060087
:10DBD0003000F9F73FFB81464046F9F73BFB007800
:10DBE00089F800004046F9F735FB0121017030004B
:10DBF000F6F70CFE0068F9F72DFB01210170414694
:10DC00002000FBF708FD05E03800F9F7E1FD0068AA
:10DC10008046A9E63800F9F71DFB012101702800B4
:10DC2000F2F7FAF9F9F71CFB81462000F9F71EFB21
:10DC30004946FCF736FB2000F9F718FB01222900C2
:10DC4000FCF737FB2000FBF74FFC0068002805D0ED
:10DC50002000FBF749FC0168491E01602000F6F72F
:10DC6000F7FB020002996846F6F700FC0068BDE881
:10DC7000FE8310B504002000FBF7B3FD10BD10B506
:10DC800004002000FCF71FFB10BD06A8D6F78EFD90
:10DC90006846D2F719F8D4F7A7F86846D2F714F80F
:10DCA000D4F7A2F818A8D7F7D7F8D4F79DF810A89A
:10DCB000D7F7D2F8D4F798F808A8D7F7CDF8D4F763
:10DCC00093F811A8D7F773FFD4F78EF83821200006
:10DCD000D1F724FEF5E724A8D1F7F6FFF6E72AA846
:10DCE000D1F7F2FFF7E7FFA87030D7F760FFF6E74C
:10DCF00038212800D1F712FEF5E730A8D1F7E4FF6C
:10DD0000F6E736A8D1F7E0FFF7E70DF59760D7F70C
:10DD10004EFFF6E738213000D1F700FEF5E73CA8CA
:10DD2000D1F7D2FFF6E742A8D1F7CEFFF7E7FFA879
:10DD3000FF300930D7F73BFFF5E738213800D1F73E
:10DD4000EDFDF4E748A8D1F7BFFFF6E74EA8D1F7FD
:10DD5000BBFFF7E70DF5AA60D7F729FFF6E73821F3
:10DD60004046D1F7DBFDF5E754A8D1F7ADFFF6E764
:10DD70005AA8D1F7A9FFF7E7FFA8FF30A130D7F7DE
:10DD800016FFF5E738214846D1F7C8FDF4E760A84B
:10DD9000D1F79AFFF6E766A8D1F796FFF7E70DF5FA
:10DDA000BD60D7F704FFF6E738215046D1F7B6FD3E
:10DDB000F5E76CA8D1F788FFF6E772A8D1F784FFE2
:10DDC000F7E740F234606844D7F7F1FEF5E7382111
:10DDD0000198D1F7A3FDF4E778A8D1F775FFF6E72E
:10DDE0007EA8D1F771FFF7E70DF5D060D7F7DFFE1A
:10DDF000F6E738210298D1F791FDF5E784A8D1F72D
:10DE000063FFF6E78AA8D1F75FFFF7E740F2CC603F
:10DE10006844D7F7CCFEF5E738210398D1F77EFDAB
:10DE2000F4E790A8D1F750FFF6E796A8D1F74CFF9A
:10DE3000F7E70DF5E360D7F7BAFEF6E73821049867
:10DE4000D1F76CFDF5E79CA8D1F73EFFF6E7A2A855
:10DE5000D1F73AFFF7E740F264706844D7F7A7FEBE
:10DE6000F5E738210598D1F759FDF4E7A8A8D1F7CF
:10DE70002BFFF6E7AEA8D1F727FFF7E70DF5F66021
:10DE8000D7F795FEF6E738210698D1F747FDF5E775
:10DE9000B4A8D1F719FFF6E7BAA8D1F715FFF7E74D
:10DEA00040F2FC706844D7F782FEF5E73821079806
:10DEB000D1F734FDF4E7C0A8D1F706FFF6E7C6A80E
:10DEC000D1F702FFF7E740F648006844D7F76FFE46
:10DED000F5E738210898D1F721FDF4E7CCA8D1F770
:10DEE000F3FEF6E7D2A8D1F7EFFEF7E740F694008D
:10DEF0006844D7F75CFEF5E738210998D1F70EFDA5
:10DF0000F4E7D8A8D1F7E0FEF6E7DEA8D1F7DCFE0B
:10DF1000F7E70DF50E60D7F74AFEF6E738210A98C5
:10DF2000D1F7FCFCF5E7E4A8D1F7CEFEF6E7EAA8C6
:10DF3000D1F7CAFEF7E740F62C106844D7F737FE52
:10DF4000F5E738215846D1F7E9FCF4E7F0A8D1F716
:10DF5000BBFEF6E7F6A8D1F7B7FEF7E740F6781074
:10DF60006844D7F724FEF5E738210B98D1F7D6FCA3
:10DF7000F4E7FCA8D1F7A8FEF6E70DF58160D1F72C
:10DF8000A3FEF6E740F6C4106844D7F710FEF4E7A6
:10DF90000CA8D7F705FEF5E70DA8D1F795FED3F746
:10DFA00023FF0AA8D7F7FCFD28213800D1F7B6FCDB
:10DFB000D3F71AFF26A8D7F7FAFDD3F715FF582194
:10DFC0003800D1F7ABFCF5E713A8D7F7F0FDF6E77B
:10DFD00007A8D7F7E5FD28213800D1F79FFCE9E72E
:10DFE00002A8D7F7DDFDE5E702A8D1F76DFED3F76C
:10DFF000FBFE2000D7F7F6FDD3F7F6FE7CB5012136
:10E000000F20F3F742FE02208DF8050000208DF866
:10E01000040001208DF8070008200090BA4C6946E2
:10E02000200000F08BF9042000906946B74800F00A
:10E0300085F902208DF807004FF49F600090B44DE1
:10E040006946280000F07AF900208DF807004FF4A7
:10E05000604000906946200000F070F901208DF8C2
:10E06000040001208DF80600072000906946280072
:10E0700000F064F900208DF80600A64E4021300023
:10E080004183C04640F6431000906946300000F0DE
:10E0900055F9012120004183C04641F6034000901C
:10E0A0006946200000F04AF91020009069463000CF
:10E0B00000F044F901208DF807004FF44070009003
:10E0C0006946280000F03AF902208DF80400072282
:10E0D0000921300000F097F907220A21300000F0F2
:10E0E00092F907220221300000F08DF90722032166
:10E0F000300000F088F905220521300000F083F996
:10E1000005220721300000F07EF940F20C600090FB
:10E110006946300000F012F9A020009069463000F6
:10E1200000F00CF973BD1FB501211020F3F7BBFD02
:10E130000920ADF800000020ADF8020042F2D00046
:10E1400001900020ADF8080000208DF80A00724C04
:10E1500069462000F3F7AAFC00212000F3F7DBFC5E
:10E1600000206E490880012201212000F3F700FD04
:10E1700001212000F3F7DEFC1FBD18B585B0012199
:10E180004FF48050F3F79DFD4FF44040ADF8000090
:10E190004FF48270ADF802000020ADF804000220B8
:10E1A000ADF806000120ADF808000020ADF80A0027
:10E1B0002020ADF80C000020ADF80E000720ADF8CF
:10E1C0001000574C6946200000F04EF90121200054
:10E1D00000F078F90121200000F065F906B010BDCB
:10E1E00080B55048504908604FF48060F3F7FCFE5A
:10E1F00001208DF8030036208DF8000000208DF8F6
:10E20000010000208DF802006846F3F7F2FE262098
:10E210008DF8000001208DF8010000208DF802002B
:10E220006846F3F7E6FE25208DF8000001208DF802
:10E23000010000208DF802006846F3F7DAFE01BD08
:10E2400030B58FB001215FF48000F3F71EFD344C30
:10E250000021200000F027F95FF0C06000903348F3
:10E260000190C9F7BFFF02900020049000200590A4
:10E270004FF4806006900020079000200890002056
:10E2800009905FF400300A9000200B9003200C905E
:10E2900000200D9000200E9040200390244D6946F0
:10E2A0002800F7F7A7FC01212800F7F7CDFC012291
:10E2B0000221200000F015F90121200000F0F3F800
:10E2C0000FB030BD80B501215FF40010F3F7DDFC25
:10E2D00001215FF48000F3F7D8FCFFF78FFE42F6D0
:10E2E000E060002801D0401EFBE712491248EAF71F
:10E2F00055FBFFF742FF00F00BF9FFF7A1FFFFF717
:10E3000012FFFFF76DFF01BD00040240000C024048
:10E3100000080240000002400010004010100040C1
:10E32000003001400080000808ED00E00C300140A2
:10E330005864024000000C0800000A08F0B50022F2
:10E34000002300240025102D5CD2012616FA05F2C8
:10E3500013000A681A4014009C4251D10327026836
:10E36000AC465FFA8CFC5FEA4C0C17FA0CFC32EA04
:10E370000C020260D0F800C091F804E02A00D2B28A
:10E3800052001EFA02FE5EEA0C0CC0F800C00A79C8
:10E39000012A02D00A79022A22D18268AC465FFAA9
:10E3A0008CFC5FEA4C0C17FA0CFC32EA0C0282601F
:10E3B000D0F808C091F805E02A00D2B252001EFA47
:10E3C00002FE5EEA0C0CC0F808C04268AE4032EAB9
:10E3D0000606466042688E79AE40B6B2324342606D
:10E3E000C6682A00D2B25200974036EA0707C760D3
:10E3F000C668CF792A00D2B2520097403E43C66029
:10E400006D1CA0E7F0BDF0B5002400251300DBB2C1
:10E4100011F00706F6B2B60013FA06F60B009BB22F
:10E42000DB1000EB83070B009BB2DB1000EB8303D8
:10E43000D3F820C05FF00F0E11F00703DBB29B0092
:10E440001EFA03FE3CEA0E0CC7F820C00B009BB27C
:10E45000DB1000EB83031B6A33430F00BFB2FF10D6
:10E4600000EB87073B62F0BD30B40023048814F44E
:10E4700041540D884A8815438A881543CA88154334
:10E480000A8915434A8915438A891543CA89154360
:10E490002C430480858B4FF2FF72154085830A8AD6
:10E4A000028230BC70470A00D2B2002A04D002882F
:10E4B00052F04002028004E003884FF6BF7213401E
:10E4C000038070470A00D2B2002A04D0828852F03A
:10E4D0000402828004E083884FF6FB72134083803D
:10E4E00070471300DBB2002B03D083880B4383807B
:10E4F00002E083888B4383807047020000231089E9
:10E50000084201D0012000E00020C0B270470000A6
:10E5100038B5744C102120004183C046724D012152
:10E5200028004183C0464FF4E040002801D0401E3F
:10E53000FBE7012128000183C046002000F090F88D
:10E54000102000F08DF8202000F08AF8002000F064
:10E5500087F8212000F084F8002000F081F87F2067
:10E5600000F07EF8222000F07BF8002000F078F820
:10E57000072000F075F8402000F072F8812000F0CC
:10E580006FF8802000F06CF8822000F069F880209D
:10E5900000F066F8912000F063F83F2000F060F88A
:10E5A0003F2000F05DF83F2000F05AF8A12000F075
:10E5B00057F8A42000F054F8A62000F051F8A82045
:10E5C00000F04EF83F2000F04BF8AD2000F048F886
:10E5D0008E2000F045F8AF2000F042F8C82000F08F
:10E5E0003FF8D32000F03CF8002000F039F8D520A7
:10E5F00000F036F8002000F033F8D82000F030F8B2
:10E60000002000F02DF8D92000F02AF8282000F092
:10E6100027F8DA2000F024F8122000F021F8DB209F
:10E6200000F01EF8342000F01BF8102120000183B8
:10E63000C04631BD38B504002C4D80212800FFF7BD
:10E640005CFF0128F8D02100C9B289B2280081817D
:10E65000C04680212800FFF750FF0128F9D031BDC6
:10E6600010B5040040211F484183C0467020002897
:10E6700001D0401EFBE72000C0B2FFF7DBFF10BD5A
:10E6800010B5184C102120004183C046802108009D
:10E69000C0B2002801D0491EF9E74020FFF7E0FF93
:10E6A0000020FFF7DDFFB020FFF7DAFF0020FFF7C3
:10E6B000D7FF402120000183C04680210800C0B25E
:10E6C000002801D0491EF9E710BD80B5802108005F
:10E6D000C0B2002801D0491EF9E71021014801838A
:10E6E000C04601BD0000024000040240003001406D
:10E6F00038B5050000200090684600F08FF904004E
:10E70000002C11D00020611C2971009909780200A9
:10E71000D2B22A4451710099491C00910100481C51
:10E72000C9B2A142F1D101E09120E870E41CA41C1F
:10E730002000010089B2A81CE1F7EEFF2000C0B262
:10E7400032BD2DE9F04104000D0016001F003A0013
:10E7500092B2E91C300080B204EB400000F0A5F951
:10E760005FEA470885F8028018F10508414689B23A
:10E770002800E1F7D1FF4046C0B2BDE8F0812DE9A5
:10E78000F04705002E79F6B23609002729794FF6B1
:10E790000F7001400902687911EB0008A8790002A6
:10E7A000E97910EB010919EB0800B0F1010A002426
:10E7B0003000C0B2002804D002280AD00C2810D0A3
:10E7C00017E0504680B2502802DADFF83C0204001D
:10E7D0000FE0504680B2FE2802DADFF83002040073
:10E7E00007E0504680B2EE2802DADFF82402040087
:10E7F000FFE7002C04D10221280000F045F907E0D2
:10E800004B469BB2424692B2A91C2000FFF799FFEB
:10E81000C0B2BDE8F0872DE9F84304008946150031
:10E820001E000027DFF8E081280080B218EB4008C6
:10E83000320092B241464846C0B2204400F035F959
:10E840004846C0B2002807D0082007003900C9B2E6
:10E8500089B22000E1F760FF3800C0B2BDE8F28362
:10E860002DE9F84F04000D0016001F005FF00008AE
:10E87000DFF89CA15046EAF757F8DFF898B130006E
:10E88000C0B21BEB40093A00D2B292B2494628000E
:10E89000C0B2204400F009F972B659465046E9F773
:10E8A000ABFF62B62800C0B2002807D0082080461F
:10E8B0004146C9B289B22000E1F72EFF4046C0B2FE
:10E8C000BDE8F28F2DE9F84F04008B4615001E00BD
:10E8D0000027DFF838814046EAF726F8DFF8349160
:10E8E0002800C0B219EB400A3200D2B292B25146AF
:10E8F0005846C0B2204400F0D8F85846C0B20028AC
:10E9000004D04FF480714846E1F706FF4249404683
:10E91000EAF715F85846C0B2002807D008200700CB
:10E920003900C9B289B22000E1F7F6FE3800C0B262
:10E93000BDE8F28F2DE9F04704002579EDB22D09ED
:10E9400021794FF60F700140090260790E18A07905
:10E950000002E1794718B819B0F101085FF0000929
:10E960005FF0000A2800C0B2002804D0022813D0AB
:10E970000C2822D032E0404680B2502809DA3B0011
:10E980009BB2320092B20721A01CFFF744FF8146E0
:10E9900001E00120824623E0404680B2FE2809DAE9
:10E9A0003B00DBB23200D2B20721A01CFFF78AFF86
:10E9B000814601E00120824612E0404680B2EE2806
:10E9C00009DA3B00DBB23200D2B20721A01CFFF70C
:10E9D00047FF814601E00120824601E00120824696
:10E9E000A078002802D10020814608E05046C0B23D
:10E9F000002804D00221200000F046F88146484655
:10EA0000C0B2BDE8F0870000782F002000000A089F
:10EA100000000E082C2B002000000C081CB5040080
:10EA2000684600F057F800982060019816BD000075
:10EA3000F8B504000D00160000272900C9B2A01C7B
:10EA4000E1F742FE00281CD12078A178884202D04C
:10EA5000A078002815D1307900280AD03079E178E3
:10EA6000884204D1200031688847070001E0083659
:10EA7000F1E73079002804D10121200000F004F8EA
:10EA800007003800C0B2F2BD70B504000D000526C5
:10EA9000E0788038E07025713100C9B289B2A01CDD
:10EAA000E1F73AFE3000C0B270BD81B013009BB2F6
:10EAB000002B0DD0521E03788DF80130401C0378D6
:10EAC0008DF80030401CBDF800300B80891CEDE74C
:10EAD00001B070471CB5040005A16846DEF7A2F836
:10EAE000009A1000019A1100C4E9000113BD000052
:10EAF00049440000D1B20181B0B0A80198001802C9
:10EB0000F74000009900180200000000FEFFFFFF20
:10EB1000A6000A02EB400000A7000A020000000065
:10EB2000FEFFFFFFC000F001CF400000C100F00178
:10EB300000000000FEFFFFFFCC00E401B340000036
:10EB4000CD00E40100000000FEFFFFFFD800D80167
:10EB500095400000D900D80100000000FEFFFFFF33
:10EB6000E200CE0179400000E300CE010000000089
:10EB7000FEFFFFFFEE00C2015D400000EF00C2019A
:10EB800000000000FEFFFFFFFA00B6013F4000005A
:10EB9000FB00B60100000000FEFFFFFF0401AC0116
:10EBA000234000000501AC0100000000FEFFFFFF54
:10EBB0001001A001074000001101A00100000000A9
:10EBC000FEFFFFFF1C019401E93F00001D019401BD
:10EBD00000000000FEFFFFFF26018A01CD3F00007C
:10EBE00027018A0100000000FEFFFFFF32017E01C5
:10EBF000B13F000033017E0100000000FEFFFFFF77
:10EC00003E017201933F00003F01720100000000CD
:10EC1000FEFFFFFF48016801773F000049016801DE
:10EC200000000000FEFFFFFF54015C015B3F00009D
:10EC300055015C0100000000FEFFFFFF6001500174
:10EC40003F3F00006101500100000000FEFFFFFF98
:10EC50006A014601233F00006B01460100000000ED
:10EC6000FEFFFFFF74013C01073F000075013C01FE
:10EC700000000000FEFFFFFF80013001EB3E0000BE
:10EC80008101300100000000FEFFFFFF8A01260124
:10EC9000CF3E00008B01260100000000FEFFFFFFB9
:10ECA00094011C01B33E000095011C01000000000E
:10ECB000FEFFFFFFA0011001973E0000A10110011F
:10ECC00000000000FEFFFFFFAA0106017B3E0000DE
:10ECD000AB01060100000000FEFFFFFFB401FC00D5
:10ECE0005F3E0000B501FC0000000000FEFFFFFFDA
:10ECF000C001F000433E0000C101F0000000000030
:10ED0000FEFFFFFFCA01E600273E0000CB01E60040
:10ED100000000000FEFFFFFFD401DC000B3E0000FE
:10ED2000D501DC0000000000FEFFFFFFE001D00085
:10ED3000EF3D0000E101D00000000000FEFFFFFFFA
:10ED4000EA01C600D33D0000EB01C6000000000050
:10ED5000FEFFFFFFF401BC00B73D0000F501BC0061
:10ED600000000000FEFFFFFF0002B0009B3D00001E
:10ED70000102B00000000000FEFFFFFF0A02A60033
:10ED80007F3D00000B02A60000000000FEFFFFFF19
:10ED900014029C00633D000015029C00000000006E
:10EDA000FEFFFFFF20029000473D0000210290007F
:10EDB00000000000FEFFFFFF2A0286002B3D00003E
:10EDC0002B02860000000000FEFFFFFF34027C00E3
:10EDD0000D3D00004102700000000000FEFFFFFF3B
:10EDE0000000000006A8D5F7E1FC6846D0F76CFFEC
:10EDF000D2F7FAFF6846D0F767FFD2F7F5FF18A8F9
:10EE0000D6F72AF8D2F7F0FF10A8D6F725F8D2F7F0
:10EE1000EBFF08A8D6F720F8D2F7E6FF0EA8D6F742
:10EE2000C6FED2F7E1FF38212000D0F777FDF5E7E5
:10EE300021A8D0F749FFF6E727A8D0F745FFF7E765
:10EE4000E4A8D6F7B4FEF7E738212800D0F766FD2E
:10EE5000F6E72DA8D0F738FFF6E733A8D0F734FF50
:10EE6000F7E7F7A8D6F7A3FEF7E738213000D0F789
:10EE700055FDF6E739A8D0F727FFF6E73FA8D0F70A
:10EE800023FFF7E70DF58560D6F791FEF6E7382109
:10EE90003800D0F743FDF5E745A8D0F715FFF6E7B2
:10EEA0004BA8D0F711FFF7E7FFA87830D6F77FFE21
:10EEB000F6E738214046D0F731FDF5E751A8D0F705
:10EEC00003FFF6E757A8D0F7FFFEF7E70DF59860C8
:10EED000D6F76DFEF6E738214846D0F71FFDF5E777
:10EEE0005DA8D0F7F1FEF6E763A8D0F7EDFEF7E7EF
:10EEF000FFA8FF301130D6F75AFEF5E7382150460B
:10EF0000D0F70CFDF4E769A8D0F7DEFEF6E76FA8AE
:10EF1000D0F7DAFEF7E70DF5AB60D6F748FEF6E777
:10EF200038210198D0F7FAFCF5E775A8D0F7CCFEA8
:10EF3000F6E77BA8D0F7C8FEF7E7FFA8FF30A930B7
:10EF4000D6F735FEF5E738210298D0F7E7FCF4E76D
:10EF500081A8D0F7B9FEF6E787A8D0F7B5FEF7E7A6
:10EF60000DF5BE60D6F723FEF6E738210398D0F7FB
:10EF7000D5FCF5E78DA8D0F7A7FEF6E793A8D0F764
:10EF8000A3FEF7E740F23C606844D6F710FEF5E7D1
:10EF900038210498D0F7C2FCF4E799A8D0F794FE82
:10EFA000F6E79FA8D0F790FEF7E70DF5D160D6F70A
:10EFB000FEFDF6E738210598D0F7B0FCF5E7A5A8E7
:10EFC000D0F782FEF6E7ABA8D0F77EFEF7E740F277
:10EFD000D4606844D6F7EBFDF5E738210698D0F702
:10EFE0009DFCF4E7B1A8D0F76FFEF6E7B7A8D0F71D
:10EFF0006BFEF7E70DF5E460D6F7D9FDF6E73821AB
:10F000000798D0F78BFCF5E7BDA8D0F75DFEF6E7D3
:10F01000C3A8D0F759FEF7E740F26C706844D6F702
:10F02000C6FDF5E738210898D0F778FCF4E7C9A8C1
:10F03000D0F74AFEF6E7CFA8D0F746FEF7E70DF582
:10F04000F760D6F7B4FDF6E709A8D6F7A9FDF6E70D
:10F050000DA8D0F739FED2F7C7FE0AA8D6F7A0FD53
:10F0600028213800D0F75AFCD2F7BEFE26A8D6F7E2
:10F070009EFDD2F7B9FE58213800D0F74FFCF5E7D6
:10F0800013A8D6F794FDF6E707A8D6F789FD28213F
:10F090003800D0F743FCE9E702A8D6F781FDE5E7A1
:10F0A00002A8D0F711FED2F79FFE2000D6F79AFDF6
:10F0B000D2F79AFE06A8D5F779FB6846D0F704FE8A
:10F0C000D2F792FE6846D0F7FFFDD2F78DFE18A862
:10F0D000D5F7C2FED2F788FE10A8D5F7BDFED2F74D
:10F0E00083FE08A8D5F7B8FED2F77EFE18A8D6F79B
:10F0F0005EFDD2F779FE38212000D0F70FFCF5E74E
:10F100002BA8D0F7E1FDF6E731A8D0F7DDFDF7E752
:10F11000C7A8D6F74CFDF7E738212800D0F7FEFB4B
:10F12000F6E737A8D0F7D0FDF6E73DA8D0F7CCFD3D
:10F13000F7E7DAA8D6F73BFDF7E738213000D0F73C
:10F14000EDFBF6E743A8D0F7BFFDF6E749A8D0F7F7
:10F15000BBFDF7E7EDA8D6F72AFDF7E73821380021
:10F16000D0F7DCFBF6E74FA8D0F7AEFDF6E755A8E1
:10F17000D0F7AAFDF7E70DF58060D6F718FDF6E7A2
:10F1800038214046D0F7CAFBF5E75BA8D0F79CFDD5
:10F19000F6E761A8D0F798FDF7E7FFA85030D6F75B
:10F1A00006FDF6E738214846D0F7B8FBF5E767A833
:10F1B000D0F78AFDF6E76DA8D0F786FDF7E70DF5E5
:10F1C0009360D6F7F4FCF6E738215046D0F7A6FB5B
:10F1D000F5E773A8D0F778FDF6E779A8D0F774FDC6
:10F1E000F7E7FFA8E830D6F7E2FCF6E73821584603
:10F1F000D0F794FBF5E77FA8D0F766FDF6E785A882
:10F20000D0F762FDF7E70DF5A660D6F7D0FCF6E77C
:10F2100038210198D0F782FBF5E78BA8D0F754FD91
:10F22000F6E791A8D0F750FDF7E7FFA8FF3081304F
:10F23000D6F7BDFCF5E738210298D0F76FFBF4E76D
:10F2400097A8D0F741FDF6E79DA8D0F73DFDF7E779
:10F250000DF5B960D6F7ABFCF6E738210398D0F787
:10F260005DFBF5E7A3A8D0F72FFDF6E7A9A8D0F737
:10F270002BFDF7E740F214606844D6F798FCF5E7F9
:10F2800038210498D0F74AFBF4E7AFA8D0F71CFD6B
:10F29000F6E7B5A8D0F718FDF7E70DF5CC60D6F77F
:10F2A00086FCF6E738210598D0F738FBF5E7BBA8D0
:10F2B000D0F70AFDF6E7C1A8D0F706FDF7E740F260
:10F2C000AC606844D6F773FCF5E706A8D6F768FC8F
:10F2D000F5E70DA8D0F7F8FCD2F786FD0AA8D6F717
:10F2E0005FFC28213800D0F719FBD2F77DFD26A856
:10F2F000D6F75DFCD2F778FD58213800D0F70EFB29
:10F30000F5E713A8D6F753FCF6E707A8D6F748FCAD
:10F3100028213800D0F702FBE9E702A8D6F740FC25
:10F32000E5E702A8D0F7D0FCD2F75EFD2000D6F7C3
:10F3300059FCD2F759FD000084B20181B0B0AF048E
:10F340000C003C007FE9FF7F0A00480081E9FF7F55
:10F350000A00520083E9FF7F0C005C0083E9FF7F15
:10F360001600680083E9FF7F0A007E0085E9FF7FC1
:10F370000A00880087E9FF7F0C00920087E9FF7F81
:10F3800016009E0087E9FF7F0A00B40089E9FF7F2D
:10F390000C00BE008BE9FF7F0C00CA008BE9FF7FE9
:10F3A0001600D6008BE9FF7F0A00EC008FE9FF7F93
:10F3B0000A00F60091E9FF7F0C00000191E9FF7F50
:10F3C00016000C0191E9FF7F0A00220193E9FF7FFB
:10F3D0000C002C0195E9FF7F0C00380195E9FF7FB7
:10F3E0001600440195E9FF7F0A005A0199E9FF7F61
:10F3F0000A0064019BE9FF7F0C006E019BE9FF7F1F
:10F4000016007A019BE9FF7F0A0090019DE9FF7FCA
:10F410000C009A019FE9FF7F0C00A6019FE9FF7F86
:10F420001600B2019FE9FF7F0A00C801A3E9FF7F30
:10F430000A00D201A5E9FF7F0C00DC01A5E9FF7FEE
:10F440001A00E801A5E9FF7F0A000202A7E9FF7F91
:10F450000C000C02A9E9FF7F0C001802A9E9FF7F4C
:10F4600016002402A9E9FF7F0A003A02ADE9FF7FF6
:10F470000A004402AFE9FF7F0C004E02AFE9FF7FB4
:10F4800016005A02AFE9FF7F0A007002B1E9FF7F60
:10F490000C007A02B3E9FF7F0C008602B3E9FF7F1C
:10F4A00016009202B3E9FF7F0A00A802B7E9FF7FC6
:10F4B0000A00B202B9E9FF7F0C00BC02B9E9FF7F84
:10F4C0001600C802B9E9FF7F0A00DE02BBE9FF7F30
:10F4D0000C00E802BDE9FF7F0C00F402BDE9FF7FEC
:10F4E00016000003BDE9FF7F0A001603C1E9FF7F94
:10F4F0000C002003C3E9FF7F0C002C03C3E9FF7F4E
:10F5000016003803C3E9FF7F0A004E03C7E9FF7FF7
:10F510000C005803C9E9FF7F0C006403C9E9FF7FB1
:10F5200016007003C9E9FF7F0A008603CDE9FF7F5B
:10F530000A009003CFE9FF7F0C009A03CFE9FF7F19
:10F540001600A603CFE9FF7F0A00BC03D1E9FF7FC5
:10F550000C00C603D3E9FF7F0C00D203D3E9FF7F81
:10F560001600DE03D3E9FF7F0A00F403D7E9FF7F2B
:10F570000C00FE03D9E9FF7F0C000A04D9E9FF7FE4
:10F5800016001604D9E9FF7F0C002C04DDE9FF7F8B
:10F590000C003804DFE9FF7F0E004404DFE9FF7F41
:10F5A0002E005204E1E9FF7FAC018004E5E9FF7F12
:10F5B0000000000080B57F497F48D0F7E1FD7F491A
:10F5C0007F48D0F7DDFD7F497F48D0F7D9FD7F49DF
:10F5D0007F48D0F7D5FD7F497F48D0F7D1FD7F49DF
:10F5E0007F48D0F7CDFD7F497F48D0F7C9FD01BDE9
:10F5F0007E49087800280ED07D4A1088002804D063
:10F600001088401E1080108805E04FF4967010801E
:10F61000002008700878704710B50400200080B200
:10F6200000F073F8200080B200F048F8200080B2AB
:10F6300000F001F810BD70B504006E4914F004002C
:10F6400008806D4A14F0080010806C4D002028805E
:10F650000888002801D0012028801088002801D0C7
:10F66000022028800888002804D01088002801D0B3
:10F6700003202880624E3088298888421DD05B484C
:10F680000078012819D02888002805D002280BD03E
:10F6900006D303280CD00EE04D4800F04EF80AE0E7
:10F6A0004D4800F04AF806E04D4800F046F802E008
:10F6B0004D4800F042F82888308070BD70B50400D5
:10F6C000504D14F0010028804F4E30882988884220
:10F6D0001AD02888002815D044480078012811D075
:10F6E000DFF7EAFDC0B2002801D0012000E00020D1
:10F6F000C0B2002803D0344800F01FF802E03048C0
:10F7000000F01BF82888308070BD70B504003F4DB4
:10F7100014F0020028803E4E3088298888420BD0A1
:10F720002888002806D031480078012802D02248D5
:10F7300000F003F82888308070BD10B590B0040048
:10F7400034496846D0F71CFD032033490880012066
:10F75000264908700FF2250106A800F05FF80200A4
:10F7600021006846DEF723FB06A8DEF7B7FC6846F3
:10F77000D0F7AAFA10B010BD00000000C288002A1D
:10F7800007D0828852F0020282800022174B1A7042
:10F790000EE0214B1A88002A03D01A88521E1A80C4
:10F7A00006E0828852F00202828000220F4B1A701B
:10F7B00070470000C80F0508E02D0020D00F050895
:10F7C000F82D0020D80F0508102E0020E00F0508A6
:10F7D000282E0020E80F0508402E0020F00F050815
:10F7E000582E0020F80F0508702E0020A1300020B0
:10F7F000BA00002074300020763000207C300020D9
:10F800007E300020703000207830002072300020E0
:10F810007A3000201CFF0408B800002013B5040053
:10F820002000E2F7BFFF01A8C046C046010020004B
:10F8300000F002F8200016BD38B504000D002800C5
:10F84000C046C04601006A46200000F001F831BD04
:10F850002DE9F84304000D001600280000F018F808
:10F86000002813D000275FF000082000C046C046E3
:10F8700081462800C046C04633000200494668461B
:10F8800000F010F8494620004162C046BDE8F1830F
:10F8900010B50400024801782000C8F7A9FC10BD8B
:10F8A00033E402082DE9F04104000D0016001F00AA
:10F8B0003800C046C04680463000C046C046434679
:10F8C00002002900200000F002F8BDE8F0812DE9D7
:10F8D000F04104000D0016001F003800C046C0466D
:10F8E00080463000C046C046434602002900200042
:10F8F00000F002F8BDE8F0812DE9F84305000E00A4
:10F9000017009846310008200800C0460400002C6B
:10F910000CD04046C046C04681463800C046C0466E
:10F920004A460100200000F005F800E00020BDE894
:10F93000F1830000F8B504000D0016002000FAF76E
:10F9400032F8094820602800C046C0460700300051
:10F95000C046C0463B00020004480178201D00F06C
:10F9600007F82000F2BD00BF68A7040872E402088F
:10F9700070B5040015001E002800C046C0460100F6
:10F980002000F8F79CF83000C046C04600682060B0
:10F99000200070BD3000D0F797F92000D0F794F91F
:10F9A000D2F722FA3800D0F78FF9F3E702A8FAF776
:10F9B000F1FCF7E70EA8FAF7EDFCF7E71AA8FAF75B
:10F9C000E9FCF7E726A8FAF7E5FCF7E7052330227C
:10F9D000024902A8D7F791F9E4E7000095A30308CC
:10F9E000B4A8D0F771F9D2F7FFF968212800CFF752
:10F9F00095FFF5E7BAA8D0F767F9F6E7A8A8D0F71A
:10FA000063F9D2F7F1F968212800CFF787FFF5E70E
:10FA1000AEA8D0F759F9F6E79CA8D0F755F9D2F778
:10FA2000E3F960212800CFF779FFF5E7A2A8D0F726
:10FA30004BF9F6E790A8D0F747F9D2F7D5F9682146
:10FA40002800CFF76BFFF5E796A8D0F73DF9F6E76A
:10FA500084A8D0F739F9D2F7C7F964212800CFF785
:10FA60005DFFF5E78AA8D0F72FF9F6E778A8D0F779
:10FA70002BF9D2F7B9F968212800CFF74FFFF5E746
:10FA80007EA8D0F721F9F6E76CA8D0F71DF9D2F7D8
:10FA9000ABF988212800CFF741FFF5E772A8D0F72E
:10FAA00013F9F6E760A8D0F70FF9D2F79DF96821AE
:10FAB0002800CFF733FFF5E766A8D0F705F9F6E79A
:10FAC00054A8D0F701F9D2F78FF968212800CFF7B1
:10FAD00025FFF5E75AA8D0F7F7F8F6E748A8D0F7DA
:10FAE000F3F8D2F781F968212800CFF717FFF5E77F
:10FAF0004EA8D0F7E9F8F6E73CA8D0F7E5F8D2F73A
:10FB000073F968212800CFF709FFF5E742A8D0F77D
:10FB1000DBF8F6E730A8D0F7D7F8D2F765F9682117
:10FB20002800CFF7FBFEF5E736A8D0F7CDF8F6E7CB
:10FB300024A8D0F7C9F8D2F757F9A0212800CFF7A9
:10FB4000EDFEF5E72AA8D0F7BFF8F6E718A8D0F73A
:10FB5000BBF8D2F749F968212800CFF7DFFEF5E7B7
:10FB60001EA8D0F7B1F8F6E70CA8D0F7ADF8D2F799
:10FB70003BF968212800CFF7D1FEF5E712A8D0F7AE
:10FB8000A3F8F6E76846D0F79FF8D2F72DF9682179
:10FB90002000CFF7C3FEF5E706A8D0F795F8F6E703
:10FBA0006846D0F791F8D2F71FF96846D0F78CF87D
:10FBB000D2F71AF938B5754C754D288821888842D6
:10FBC00009D0002229880120D6F7B4FB288820809C
:10FBD00000F007F804E02888002801D000F009F8B8
:10FBE00031BD00206B49088040F28A206A490880B4
:10FBF000704780B567490888002802D001280DD0D9
:10FC00001EE0654A1088002804D010881088401E25
:10FC1000108002E001200880088811E05E49088811
:10FC2000002804D008880888401E088008E0962034
:10FC300008800122564801880120D6F77BFB00206E
:10FC400001BD2DE9F0475FF00008002600225FF0BB
:10FC500000090023514C206890F001002060FF2132
:10FC60008A465046B0F1010A80B20028F9D14C4FC3
:10FC7000D7F800C01CF4604C6546ADB26D0BADB258
:10FC8000ED4315F00705206850F00700206020685C
:10FC900090F0020020608E467046B0F1010E80B2F6
:10FCA0000028F9D1D7F8008018F46048C1461FFA3F
:10FCB00089F95FEA59391FFA89F97FEA090919F0C8
:10FCC0000709206850F007002060206890F00400C9
:10FCD00020600800411E80B20028FAD13F6817F466
:10FCE00060473E00B6B2760BB6B2F64316F0070692
:10FCF000206850F0070020604846C0B2C00050FAAB
:10FD000085F03400E4B210EB841080B2BDE8F087D7
:10FD100010B4010089B2002902D100211C4A1180CF
:10FD2000204A117800290AD11F4903000C889BB290
:10FD3000A34210D013785B1C137008800BE0010005
:10FD4000194B1B8889B2994203D11178491C117053
:10FD500001E00021117011780B2910DB01211170D5
:10FD6000124A11490B881488A34203D10988084A12
:10FD7000118004E00B88064C238009881180044917
:10FD800009880B4AD18010BC7047000090300020D9
:10FD90008A3000208C3000208E3000201408024071
:10FDA00010040240A2300020923000209430002045
:10FDB000782F002082B20181B0B0AF030C003E006A
:10FDC0005DF0FF7F0A004A005FF0FF7F08005400EB
:10FDD00061F0FF7F0C005C0061F0FF7F14006800A1
:10FDE00061F0FF7F0A007C0061F0FF7F0800860061
:10FDF00063F0FF7F0C008E0063F0FF7F14009A0019
:10FE000063F0FF7F0A00AE0063F0FF7F0A00B800D6
:10FE100065F0FF7F0C00C20065F0FF7F1400CE008C
:10FE200065F0FF7F0A00E20067F0FF7F0A00EC0048
:10FE300069F0FF7F0C00F60069F0FF7F14000201FB
:10FE400069F0FF7F0A0016016BF0FF7F0A002001B6
:10FE50006DF0FF7F0C002A016DF0FF7F140036016A
:10FE60006DF0FF7F0A004A016FF0FF7F0C00540124
:10FE700071F0FF7F0C00600171F0FF7F14006C01D6
:10FE800071F0FF7F0A00800175F0FF7F0A008A0190
:10FE900077F0FF7F0C00940177F0FF7F1400A00142
:10FEA00077F0FF7F0A00B40179F0FF7F0C00BE01FC
:10FEB0007BF0FF7F0C00CA017BF0FF7F1800D601AA
:10FEC0007BF0FF7F0A00EE017FF0FF7F0A00F80160
:10FED00081F0FF7F0C00020281F0FF7F12000E0212
:10FEE00081F0FF7F0A00200283F0FF7F0C002A02CE
:10FEF00085F0FF7F0C00360285F0FF7F1400420280
:10FF000085F0FF7F0A00560289F0FF7F0A00600239
:10FF10008BF0FF7F0C006A028BF0FF7F14007602EB
:10FF20008BF0FF7F0A008A028DF0FF7F0C009402A5
:10FF30008FF0FF7F0C00A0028FF0FF7F1400AC0257
:10FF40008FF0FF7F0A00C00293F0FF7F0A00CA0211
:10FF500095F0FF7F0C00D40295F0FF7F1400E002C3
:10FF600095F0FF7F0A00F40297F0FF7F0C00FE027D
:10FF700099F0FF7F0C000A0399F0FF7F160016032B
:10FF800099F0FF7F0A002C039DF0FF7F0A003603E3
:10FF90009FF0FF7F0C0040039FF0FF7F2C004C037D
:10FFA0009FF0FF7F4A017803A1F0FF7F000000006F
:10FFB000A861B28068005A019735000069005A01B3
:10FFC00000000000FEFFFFFF74004E018B350000B3
:10FFD00075004E0100000000FEFFFFFF8C0036019F
:10FFE0006F3500008D00360100000000FEFFFFFFAE
:10FFF00096002C015335000097002C0100000000F2
:020000040804EE
:10000000FEFFFFFFA000220137350000A100220102
:1000100000000000FEFFFFFFA8001A011B350000D2
:10002000A9001A0100000000FEFFFFFFB20010014E
:10003000FF340000B300100100000000FEFFFFFFCE
:10004000BC000601E3340000BD0006010000000012
:10005000FEFFFFFFC400FE00C7340000C500FE0025
:1000600000000000FEFFFFFFCE00F400AB340000F4
:10007000CF00F40000000000FEFFFFFFD800EA0000
:100080008F340000D900EA0000000000FEFFFFFFEF
:10009000E000E20073340000E100E2000000000034
:1000A000FEFFFFFFEA00D80057340000EB00D80045
:1000B00000000000FEFFFFFFF400CE003B34000014
:1000C000F500CE0000000000FEFFFFFFFC00C600B0
:1000D0001F340000FD00C60000000000FEFFFFFF0F
:1000E0000601BC00033400000701BC000000000052
:1000F000FEFFFFFF1201B000E73300001301B00064
:1001000000000000FEFFFFFF1C01A600CB33000033
:100110001D01A60000000000FEFFFFFF26019C005D
:10012000AF33000027019C0000000000FEFFFFFF2E
:100130003201900093330000330190000000000072
:10014000FEFFFFFF3C018600773300003D01860083
:1001500000000000FEFFFFFF46017C005B33000053
:1001600047017C0000000000FEFFFFFF520170000D
:100170003F3300005301700000000000FEFFFFFF4E
:100180005C016600233300005D0166000000000092
:10019000FEFFFFFF66015C000533000073015000A5
:1001A00000000000FEFFFFFF000000001EA8D4F7C3
:1001B00053FED1F719FE16A8D4F74EFED1F714FE60
:1001C00010A8CFF781FDD1F70FFE08A8D4F744FEA1
:1001D000F6E78AA8D5F7EBFCD1F706FE3821200018
:1001E000CFF79CFBF5E712A8CFF76EFDF6E718A84E
:1001F000CFF76AFDF7E79DA8D5F7D9FCF7E73821D7
:100200002800CFF78BFBF6E71EA8CFF75DFDF6E7DA
:1002100024A8CFF759FDF7E7B0A8D5F7C8FCF7E752
:1002200038213000CFF77AFBF6E72AA8CFF74CFD4C
:10023000F6E730A8CFF748FDF7E7C3A8D5F7B7FC36
:10024000F7E738213800CFF769FBF6E736A8CFF794
:100250003BFDF6E73CA8CFF737FDF7E7D6A8D5F783
:10026000A6FCF7E738214046CFF758FBF6E742A84F
:10027000CFF72AFDF6E748A8CFF726FDF7E7E9A86C
:10028000D5F795FCF7E738214846CFF747FBF6E767
:100290004EA8CFF719FDF6E754A8CFF715FDF7E7FD
:1002A000FCA8D5F784FCF7E738215046CFF736FB9A
:1002B000F6E75AA8CFF708FDF6E760A8CFF704FDE8
:1002C000F7E7FFA84030D5F772FCF6E7382158462B
:1002D000CFF724FBF5E766A8CFF7F6FCF6E76CA8A6
:1002E000CFF7F2FCF7E70DF59160D5F760FCF6E784
:1002F00038210198CFF712FBF5E772A8CFF7E4FC9D
:10030000F6E778A8CFF7E0FCF7E7FFA8D830D5F7F5
:100310004EFCF6E738210298CFF700FBF5E77EA800
:10032000CFF7D2FCF6E784A8CFF7CEFCF7E70DF5C0
:10033000A460D5F73CFCF6E703A8D5F731FCF6E757
:100340000DA8CFF7C1FCD1F74FFD0AA8D5F728FCBF
:1003500028213800CFF7E2FAD1F746FD26A8D5F7D5
:1003600026FCD1F741FD58213800CFF7D7FAF5E741
:1003700013A8D5F71CFCF6E707A8D5F711FC282130
:100380003800CFF7CBFAE9E702A8D5F709FCE5E793
:1003900002A8CFF799FCD1F727FD2000D5F722FC62
:1003A000D1F722FD02A8D4F757FDD1F71DFDC1A852
:1003B000CFF78AFCD1F718FDAEA8D5F7F8FBD1F737
:1003C00013FD28212800CFF7A9FAF5E7882130008E
:1003D000CFF7A4FAF5E712A8CFF776FCF6E718A84E
:1003E000CFF772FCF7E7C7A8D5F7E1FBF7E788215D
:1003F0003800CFF793FAF6E71EA8CFF765FCF6E7CB
:1004000024A8CFF761FCF7E7DAA8D5F7D0FBF7E728
:1004100088214046CFF782FAF6E72AA8CFF754FCA6
:10042000F6E730A8CFF750FCF7E7EDA8D5F7BFFB0C
:10043000F7E788214846CFF771FAF6E736A8CFF7F5
:1004400043FCF6E73CA8CFF73FFCF7E70DF58060EB
:10045000D5F7ADFBF6E788215046CFF75FFAF5E711
:1004600042A8CFF731FCF6E748A8CFF72DFCF7E715
:10047000FFA85030D5F79BFBF6E788210198CFF70E
:100480004DFAF5E74EA8CFF71FFCF6E754A8CFF7D3
:100490001BFCF7E70DF59360D5F789FBF6E788219C
:1004A0000298CFF73BFAF5E75AA8CFF70DFCF6E72D
:1004B00060A8CFF709FCF7E7FFA8E830D5F777FB8E
:1004C000F6E788210398CFF729FAF5E766A8CFF772
:1004D000FBFBF6E76CA8CFF7F7FBF7E70DF5A66097
:1004E000D5F765FBF6E788210498CFF717FAF5E70B
:1004F00072A8CFF7E9FBF6E778A8CFF7E5FBF7E7B7
:10050000FFA8FF308130D5F752FBF5E78821059829
:10051000CFF704FAF4E77EA8CFF7D6FBF6E784A876
:10052000CFF7D2FBF7E70DF5B960D5F740FBF6E75B
:1005300088210698CFF7F2F9F5E78AA8CFF7C4FB30
:10054000F6E790A8CFF7C0FBF7E740F214606844E5
:10055000D5F72DFBF5E788215846CFF7DFF9F4E70B
:1005600096A8CFF7B1FBF6E79CA8CFF7ADFBF7E76E
:100570000DF5CC60D5F71BFBF6E70DA8D5F710FB02
:10058000F6E708A8D5F70CFBF7E706A8D4F70EF9AD
:100590006846CFF799FBD1F727FC6846CFF794FB65
:1005A000D1F722FC1EA8D4F757FCD1F71DFC16A8E2
:1005B000D4F752FCD1F718FC10A8CFF785FBD1F780
:1005C00013FC08A8D4F748FCF6E76FA8D5F7EFFAB4
:1005D000D1F70AFC38212000CFF7A0F9F5E70FA8E2
:1005E000CFF772FBF6E715A8CFF76EFBF7E782A807
:1005F000D5F7DDFAF7E738212800CFF78FF9F6E7CE
:100600001BA8CFF761FBF6E721A8CFF75DFBF7E763
:1006100095A8D5F7CCFAF7E738213000CFF77EF967
:10062000F6E727A8CFF750FBF6E72DA8CFF74CFB4E
:10063000F7E7A8A8D5F7BBFAF7E738213800CFF7D6
:100640006DF9F6E733A8CFF73FFBF6E739A8CFF708
:100650003BFBF7E7BBA8D5F7AAFAF7E738214046F6
:10066000CFF75CF9F6E73FA8CFF72EFBF6E745A8F2
:10067000CFF72AFBF7E7CEA8D5F799FAF7E73821A5
:100680004846CFF74BF9F6E74BA8CFF71DFBF6E747
:1006900051A8CFF719FBF7E7E1A8D5F788FAF7E7F4
:1006A00038215046CFF73AF9F6E757A8CFF70CFBB9
:1006B000F6E75DA8CFF708FBF7E7F4A8D5F777FAD8
:1006C000F7E738210198CFF729F9F6E763A8CFF7C4
:1006D000FBFAF6E769A8CFF7F7FAF7E7FFA82030AB
:1006E000D5F765FAF6E702A8D5F75AFAF6E70DA8A6
:1006F000CFF7EAFAD1F778FB0AA8D5F751FA282103
:100700003800CFF70BF9D1F76FFB26A8D5F74FFAD2
:10071000D1F76AFB58213800CFF700F9F5E713A8A5
:10072000D5F745FAF6E707A8D5F73AFA28213800B1
:10073000CFF7F4F8E9E702A8D5F732FAE5E702A81F
:10074000CFF7C2FAD1F750FB2000D5F74BFAD1F71B
:100750004BFB0000BEB20181B0B0AF020C003C0008
:100760008DE9FF7F0A0048008FE9FF7F08005200F3
:1007700091E9FF7F0C005A0091E9FF7F14006600A9
:1007800091E9FF7F0A007A0091E9FF7F0800840069
:1007900093E9FF7F0C008C0093E9FF7F1400980021
:1007A00093E9FF7F0A00AC0093E9FF7F0800B600E1
:1007B00095E9FF7F0C00BE0095E9FF7F1400CA0099
:1007C00095E9FF7F0A00DE0095E9FF7F0A00E80057
:1007D00097E9FF7F0C00F20097E9FF7F1400FE000D
:1007E00097E9FF7F0A00120199E9FF7F0A001C01C7
:1007F0009BE9FF7F0C0026019BE9FF7F140032017B
:100800009BE9FF7F0A0046019DE9FF7F0A00500136
:100810009FE9FF7F0C005A019FE9FF7F12006601EC
:100820009FE9FF7F0A007801A1E9FF7F0A008201AA
:10083000A3E9FF7F0C008C01A3E9FF7F140098015E
:10084000A3E9FF7F0A00AC01A5E9FF7F0A00B6011A
:10085000A7E9FF7F0C00C001A7E9FF7F1200CC01D0
:10086000A7E9FF7F0A00DE01A9E9FF7F0C00E8018C
:10087000ABE9FF7F0C00F401ABE9FF7F140000023D
:10088000ABE9FF7F0A001402AFE9FF7F0A001E02F6
:10089000B1E9FF7F0C002802B1E9FF7F14003402A8
:1008A000B1E9FF7F0A004802B3E9FF7F0C00520262
:1008B000B5E9FF7F0C005E02B5E9FF7F12006A0216
:1008C000B5E9FF7F0A007C02B9E9FF7F0A008602D2
:1008D000BBE9FF7F0C009002BBE9FF7F12009C0286
:1008E000BBE9FF7F0800AE02BDE9FF7F0C00B60246
:1008F000BFE9FF7F0C00C202BFE9FF7F2A00CE02E2
:10090000BFE9FF7F1C01F802C3E9FF7F0000000080
:10091000ACB20181B0B0AF021C001E0093FAFF7FA1
:100920000800500095FAFF7F0A00580097FAFF7FF1
:100930000800620099FAFF7F08006A009BFAFF7FB7
:100940000C0072009BFAFF7F12007E009BFAFF7F73
:10095000080090009BFAFF7F080098009DFAFF7F37
:100960000C00A0009DFAFF7F1200AC009DFAFF7FF3
:100970000800BE009DFAFF7F0800C6009FFAFF7FB7
:100980000C00CE009FFAFF7F1800DA009FFAFF7F6D
:100990000800F2009FFAFF7F0A00FA00A1FAFF7F29
:1009A0000C000401A1FAFF7F14001001A1FAFF7FDF
:1009B00008002401A3FAFF7F0A002C01A5FAFF7F9B
:1009C0000C003601A5FAFF7F12004201A5FAFF7F55
:1009D00008005401A7FAFF7F0A005C01A9FAFF7F13
:1009E0000C006601A9FAFF7F12007201A9FAFF7FCD
:1009F00008008401ABFAFF7F0A008C01ADFAFF7F8B
:100A00000C009601ADFAFF7F1200A201ADFAFF7F44
:100A10000800B401AFFAFF7F0A00BC01B1FAFF7F02
:100A20000C00C601B1FAFF7F1200D201B1FAFF7FBC
:100A30000800E401B3FAFF7F0C00EC01B5FAFF7F78
:100A40000C00F801B5FAFF7F12000402B5FAFF7F2F
:100A500008001602B9FAFF7F0A001E02BBFAFF7FE8
:100A60000C002802BBFAFF7F12003402BBFAFF7FA2
:100A700008004602BDFAFF7F0C004E02BFFAFF7F5E
:100A80000C005A02BFFAFF7F14006602BFFAFF7F14
:100A900008007A02C3FAFF7F0A008202C5FAFF7FCC
:100AA0000C008C02C5FAFF7F2A009802C5FAFF7F6E
:100AB0002C00C202C7FAFF7F0E01EE02C7FAFF7FC9
:100AC000000000002DE9F84185B004000D0016007B
:100AD0001F00B7EB060801A86249D1E90023C0E96D
:100AE000002328008DF80400300080B2000A8DF841
:100AF000060030008DF80700404680B2000A8DF8ED
:100B0000080040468DF80900062201A903A800F05C
:100B1000AFF80200D2E900016B460A000100200094
:100B200000F0ABF806B0BDE8F0812DE9F847AFB0B2
:100B300004000D002000E7F762F92E003000EEF708
:100B40006FF802903000E2F775FF049004A902A844
:100B5000EDF72CFE002801D0012000E00020C0B2FB
:100B600000287CD002A8E8F7DCFA060031001AA8B9
:100B7000CEF7C6FF16F1180120A800F093F80DF18A
:100B8000B4094846EEF74AFC01904846E2F7E7FF11
:100B9000039003A901A8F7F7C5FF002801D00120A1
:100BA00000E00020C0B200284FD001A8E8F7F7FE0F
:100BB0000700390014A8CEF7A3FFD7F818904FF418
:100BC0001E70D2F77FFD82461AA908A8CEF798FFBB
:100BD00014A90EA8CEF794FF0200B9F80400009003
:100BE000B9F8023008A95046E7F75EFA80460EA829
:100BF000CFF76AF808A8CFF767F8B9F80430B9F862
:100C00000220BDF8B01005A8FFF75CFF05A940461B
:100C1000E7F782FA05A800F05CF8134918F50470AC
:100C200000F05EF8B9F80000A8F83C020F4800890F
:100C3000A8F83E024146200000F066F814A8CFF75D
:100C400043F801A800F0EEF8A3E720A8DFF765FB62
:100C50001AA8CFF739F802A800F0EBF876E730B021
:100C6000BDE8F08700100508AB3B040800000A0847
:100C7000016001EB02034360704776B504001D007C
:100C80002900200000F0DCF868464068C0460600F5
:100C900068460068C04601003200200000F0D6F827
:100CA000200076BD38B504000D0029002000CEF7E5
:100CB00027FF15F1180114F11800CEF721FF288E37
:100CC000208615F1340114F1340000F0CCF8200036
:100CD00032BD10B50400200000F0DCF8200010BD8B
:100CE00038B58AB004000D002800C046C046010097
:100CF0006846FEF793FD2100E7F7EDFA6846DDF759
:100D0000EDF920000BB030BD2DE9F04104000D00DD
:100D1000280000F0FBF80100200000F0FDF800289A
:100D200001D0012000E00020C0B2002848D02800F7
:100D300000F0ECF806002000ECF7DDFC0068F7F7A7
:100D40001EFA361A4FF41E7096FBF0F62000ECF7F0
:100D5000F2FC07002000ECF722FD396800688142B0
:100D600003D10121200000F0EFF82000ECF7E3FCB4
:100D700007002000ECF7DFFC3A6801682000C0465D
:100D8000C0462000ECF7B7FC07002000ECF7D3FCCE
:100D90000068F7F7F4F980462000ECF763FC396847
:100DA0004FF41E7202FB06F20A444146F8F707FFB1
:100DB0002000ECF7C0FC016811F51E7101602FE006
:100DC0002000ECF7B8FC06002000ECF7E8FC3168E6
:100DD0000068814203D10121200000F0B5F8200015
:100DE000ECF7A9FC06002000ECF7A5FC32680168CE
:100DF0002000C046C0462000ECF79DFC0068F7F7D5
:100E0000BEF906002000ECF72DFC2A00310000F0AE
:100E1000BCF82000ECF78FFC016811F51E71016031
:100E2000BDE8F08110B504002000EEF717FB2000AC
:100E300010BD10B504002000EDF7C6FC200010BD69
:100E400010B50400200000F0ADF810BD73B504002B
:100E5000150001A8C046C04633002A0001992000B1
:100E600000F0AEF873BD7CB504000D002800EEF76D
:100E700000F832000100684600F0C6F869460DF13E
:100E80000100C046C04602002900200000F0C8F85A
:100E9000200076BDF8B50400200000F0C7F8006817
:100EA000002832D0200000F0C7F8200000F0CCF875
:100EB0000500200000F0BAF82A680168200000F060
:100EC000CAF8200000F0D4F80500200000F0AEF8C9
:100ED0000600200000F0AAF80700200000F0CFF87C
:100EE0002A683168521A396800F0CFF8200000F003
:100EF0009DF800210160200000F0A6F800210160AB
:100F0000200000F0B5F800210160F1BD10B504002B
:100F10002000C046C04610BD38B504000D002000BA
:100F2000ECF7EFFB0068F7F72AF9854209D22000B9
:100F3000ECF7EEFB0068F7F722F9854201D30120B8
:100F400000E00020C0B232BD70B504000D002000EA
:100F500000F0A5F8A84217D22000F0F74EFD0600D9
:100F60002000E7F75FF9361AAE4201D2CFF78AFBCD
:100F70002000E7F757F901006918200000F0A0F8F9
:100F80000100200000F0B3F870BD70B504000D0042
:100F900016003000C046C04602002900200000F0C4
:100FA0000BF970BD38B504000D002A000348017824
:100FB000200000F00EF9200032BD00BFB3E40208AB
:100FC000F8B504000D0016003100280000F010F9FB
:100FD0000100200000F01CF9C0B2002801D001205F
:100FE00000E00020C0B200280DD0200000F01EF864
:100FF000036832002900200000F048F907002000B3
:1010000000F022F80760F1BD38B504000D0029009A
:101010006846C046C04669462000C046C04631BD4D
:1010200010B50400200000F040F910BD10B5040018
:10103000200000F04CF910BD10B50400200000F0B5
:1010400046F9C046C04610BD10B50400200000F0AF
:101050003EF9001D10BD70B504000D001600200003
:1010600000F00DF802003100280000F036F970BDE4
:1010700010B50400200000F02AF9083010BD10B5AA
:1010800004002000C046C04610BD70B504000D002D
:10109000160032002900200000F02EF970BD38B58E
:1010A00004002000F0F77CFC05002000ECF729FB91
:1010B00029680068091A4FF41E7091FBF0F032BDE8
:1010C00070B504000D002000ECF749FB060020007D
:1010D000F0F793FCB0EB5600B04201D2002601E0DD
:1010E00016EB5606AE4200D22E00300070BD2DE940
:1010F000F04704000D002000ECF7B4FA2900F0F7E7
:1011000085FC06002000ECF716FB07002000ECF73A
:10111000F2FA33003A680168200000F0F6F8200087
:10112000E7F780F807002000ECF7E5FA00680028F0
:1011300028D02000ECF7FFFA80462000ECF7DBFA1D
:10114000D8F8002001682000ECF7FCFA2000ECF74A
:1011500026FB82462000ECF7CEFA81462000ECF711
:10116000CAFA80462000ECF77DFADAF80020D9F8B8
:101170000010521A4FF41E7192FBF1F2D8F80010D1
:10118000ECF714FB2000ECF781FA4FF41E782000F6
:10119000ECF705FB08FB05F1314401602000ECF79A
:1011A000CAFA08FB07F806EB080101602000ECF71B
:1011B000A2FA0660BDE8F08770B504000D001600C5
:1011C0003000C046C04602002900200000F0ACF804
:1011D00070BD38B5040015002800C046C0460100A7
:1011E000200000F0BAF8200000F0BDF8200032BD69
:1011F00011B581B00C000020009001A8C046C04687
:1012000003006A462100019800F0B4F8009816BD6A
:1012100070B505000C002800FFF708FF00210160F1
:101220002800FFF711FF002101602800FFF720FFD1
:1012300000210160002C01D1002026E0280000F0F0
:10124000A0F8A04202D2CFF71DFA1DE02800FFF758
:1012500016FF210000F09EF806002800FFF7E6FECA
:1012600006602800FFF7F0FE06002800FFF7DEFE0C
:10127000006830602800FFF7FBFE06002800FFF73B
:10128000D5FE006820443060012070BDF8B5040030
:101290000D0016001F002000FFF7F1FE03003A00CA
:1012A0003100280000F07EF8F2BD7CB504000D008E
:1012B0001600280000F093F8320069462000EDF790
:1012C00060FE29002000EDF7F8FD200076BD10B586
:1012D00004002000C046C04610BD70B504000D00DB
:1012E000160029002000C046C04603003200290035
:1012F0002000C046C04670BD70B504000D00160049
:101300003100280000F074F870BDF8B504000D003D
:1013100016001F002000ECF7A5F903003A00310089
:10132000280000F06CF8F2BD2DE9F04105000E0038
:101330001700B04641464FF41E700800C046040036
:10134000002C07D03800C046C04601002000F9F745
:10135000F1FC00E00020BDE8F08110B504002000A1
:10136000C046C04610BD002101600021416000213F
:101370008160704710B414680B1A1C19146010BCFB
:10138000704738B50400200000F056F8290000F03E
:1013900059F832BD38B504000D002900200000F0D6
:1013A00057F832BD2DE9F64104000D001E00200063
:1013B000C046C04607002800C046C0468046019887
:1013C000C046C046330002004146380000F049F8EC
:1013D000010001A80160C0460068BDE8F6811CB5A7
:1013E00004002000EDF763FD00780090009816BD22
:1013F00038B504000D002000CEF7D4FE31BD2DE934
:10140000F64104000D001E002000C046C046070043
:101410002800C046C04680460198C046C0463300FA
:1014200002004146380000F02DF8010001A80160DB
:10143000C0460068BDE8F68110B504002000C04633
:10144000C04610BD10B50400200000F031F810BDFA
:1014500038B504000D0001220021280000F02EF80C
:1014600032BDF8B504000D0016001F003100200049
:10147000C046C04600903B0032002900200000F02A
:101480002AF8F2BD75B582B00C001D00029800204C
:10149000C046060003A902A8C046C04601900096B7
:1014A0002B00039A2100029800F027F804B070BDC9
:1014B00010B50400200000F039F810BDF8B50400A4
:1014C00015000026002C01D1300003E02700380071
:1014D000D2F7F8F8F2BD2DE9F04704000D00160030
:1014E0002F1BB846A146B246424649465046D0F761
:1014F00049FE0AEB0700BDE8F0872DE9F041040042
:101500000D0016001F00B046AC420CD03000F6F7BC
:1015100036FE22000100380000F00CF816F51E76A9
:1015200014F51E74F0E73000BDE8F08101005FF0B3
:10153000FF30704770B504000D0016003000C04643
:10154000C04602002900200000F001F870BD70B50F
:1015500004000D0016003000C046C04602002900FD
:10156000200000F001F870BD2DE9F04105000E00EB
:101570001700B04641464FF41E700800C0460400F4
:10158000002C07D03800C046C04601002000F9F703
:10159000D1FB00E00020BDE8F08106A8D3F706F9F2
:1015A0006846CEF791FBD0F71FFC6846CEF78CFB60
:1015B000D0F71AFC18A8D3F74FFCD0F715FC10A8E9
:1015C000D3F74AFCD0F710FC08A8D3F745FCD0F7B6
:1015D0000BFC08A8CEF778FBD0F706FC02A8CEF7E4
:1015E00073FBF6E7D1F75FFA00F0ACF801A8CEF78D
:1015F0006BFBD5F700FE01A8CEF766FBD0F7F4FB36
:10160000D1F751FA00F09EF801A8CEF75DFBD5F7AF
:1016100055FE01A8CEF758FBD0F7E6FB06A8DCF78D
:101620005DFD6846CEF750FBD0F7DEFB54A8D4F73B
:10163000BEFAD0F7D9FB38212000CEF76FF9F5E7D5
:101640000CA8CEF741FBF6E712A8CEF73DFBF7E773
:1016500067A8D4F7ACFAF7E738212800CEF75EF98F
:10166000F6E718A8CEF730FBF6E71EA8CEF72CFB5E
:10167000F7E77AA8D4F79BFAF7E738213000CEF7DE
:101680004DF9F6E724A8CEF71FFBF6E72AA8CEF718
:101690001BFBF7E78DA8D4F78AFAF7E73821380063
:1016A000CEF73CF9F6E730A8CEF70EFBF6E736A802
:1016B000CEF70AFBF7E7A0A8D4F779FAF7E73821C5
:1016C0004046CEF72BF9F6E73CA8CEF7FDFAF6E751
:1016D00042A8CEF7F9FAF7E7B3A8D4F768FAF7E724
:1016E00038214846CEF71AF9F6E748A8CEF7ECFAC3
:1016F000F6E74EA8CEF7E8FAF7E7C6A8D4F757FA08
:10170000F7E701A8D4F74CFAF7E70AA8CEF7DCFA16
:10171000D0F76AFB07A8D4F743FA28213000CEF7A8
:10172000FDF8D0F761FB02A8D4F73AFAD0F75CFBDA
:1017300002A8CEF7C9FAD0F757FB2000D4F752FA27
:10174000D0F752FBF8B5D0F76DFA044665690DB9CC
:10175000D1F79AF9A869401EA86128D105F1280699
:101760003046D0F75DFB074668696061022F2C6A3E
:1017700005D16E6805F18000D0F7C6FA01E00020BF
:101780006861A4B947B1022F0CD010D22846016875
:10179000A1F1800500F00CF805F18000BDE8F240F1
:1017A00000F015B83046BDE8F240D1F78FBBF1BD6F
:1017B00010B50446D0F736FA2146C069D0F769FA69
:1017C00020B92046BDE81040CFF7F5B810BD10B5E0
:1017D00004000ED0A4F180010868401E086008D102
:1017E000896809B1204688472046BDE81040D0F7F7
:1017F0008BBA10BDBFF34F8F4F490A6812F4E062F5
:101800004E4802430A60BFF34F8F00BFFDE738B573
:1018100001211020F0F755FA494C4A4820604A4807
:101820000078C0F38000C0B2002803D040F201402D
:10183000009002E0454800680090454D9DF800008A
:10184000287044489DF8011050F82100A0619DF8CF
:10185000020084F824009DF8030084F825003E4827
:10186000A0603E4860605FF00060E0603C486061FE
:101870005FF03D5020613B48E0614FF48070208470
:10188000022060842000F0F75BFAA91C2000F0F72A
:101890001AFB31BD70B52A4C2000F0F74EFB050055
:1018A0002800C0B2002822D02F480068C00703D506
:1018B00001202E49088002E001202D490880244E95
:1018C0002C4A2900C9B23000FDF7B2F80500280003
:1018D000C0B2002806D02A00D2B2B11C2000F0F716
:1018E000AFFA08E0B11C2000F0F7EDFA03E022495E
:1018F0002000F0F7E8FA70BD10B504001F48A521DC
:1019000001705A214170A52181705A21C1700621B0
:10191000DEF702FFFFF76EFF10BD184800210170CF
:1019200000214170002181700021C17000210171EE
:1019300000214171704700000CED00E00400FA0541
:10194000802D002000100140A730002000000A0870
:101950002428002020AF040888640240B8640240B4
:10196000400F002000000240140002401A00024014
:10197000180002402C000020262800200000002033
:10198000AB40B28012001E0059E0FF7F080030001B
:101990005BE0FF7F1A0038005DE0FF7F12005A0015
:1019A0005DE0FF7F08006C005FE0FF7F1A007400BD
:1019B00061E0FF7F1200960061E0FF7F0800A80051
:1019C00063E0FF7F1A00B00065E0FF7F1200D200E5
:1019D00065E0FF7F0800E40067E0FF7F1A00EC008D
:1019E00069E0FF7F12000E0169E0FF7F080020011F
:1019F0006BE0FF7F1A0028016DE0FF7F12004A01B3
:101A00006DE0FF7F08005C016FE0FF7F1A0064015A
:101A100071E0FF7F1200860171E0FF7F08009801EE
:101A200073E0FF7F1A00A00175E0FF7F1200C20182
:101A300075E0FF7F0800D40177E0FF7F1A00DC012A
:101A400079E0FF7F1200FE0179E0FF7F08001002BD
:101A50007BE0FF7F1A0018027DE0FF7F12003A0250
:101A60007DE0FF7F08004C027FE0FF7F1A005402F8
:101A700081E0FF7F1200760281E0FF7F080088028C
:101A800083E0FF7F1800900285E0FF7F1200B00224
:101A900085E0FF7F0800C20287E0FF7F1800CA02CE
:101AA00089E0FF7F1200EA0289E0FF7F0800FC0264
:101AB0008BE0FF7F180004038DE0FF7F12002403FA
:101AC0008DE0FF7F080036038FE0FF7F18003E03A4
:101AD00091E0FF7F12005E0391E0FF7F080070033A
:101AE00093E0FF7F1800780395E0FF7F12009803D2
:101AF00095E0FF7F0800AA0397E0FF7F1200B20382
:101B000099E0FF7F0000000002A8F8F743FCD0F73F
:101B10006BF90EA8F8F73EFCF6E71AA8F8F73AFCBE
:101B2000F7E704233022034902A8D5F7E6F8D0F7F7
:101B30005BF9000095A3030806A8D2F737FE6846B4
:101B4000CEF7C2F8D0F750F96846CEF7BDF8D0F717
:101B50004BF90AA8D3F780F9D0F746F902A8D3F7D2
:101B60007BF9D0F741F96846CEF7AEF8D0F73CF9EB
:101B700006A8DCF7B3FA6846CEF7A6F8D0F734F932
:101B80006DA8CEF7A1F8D0F72FF95AA8D4F70FF81F
:101B9000D0F72AF928212800CDF7C0FEF5E7382133
:101BA0003000CDF7BBFEF5E712A8CEF78DF8F6E7CB
:101BB00018A8CEF789F8F7E773A8D3F7F8FFF7E787
:101BC00038213800CDF7AAFEF6E71EA8CEF77CF83C
:101BD000F6E724A8CEF778F8F7E786A8D3F7E7FF6B
:101BE000F7E738214046CDF799FEF6E72AA8CEF769
:101BF0006BF8F6E730A8CEF767F8F7E799A8D3F7C0
:101C0000D6FFF7E738214846CDF788FEF6E736A835
:101C1000CEF75AF8F6E73CA8CEF756F8F7E7ACA8A7
:101C2000D3F7C5FFF7E738215046CDF777FEF6E743
:101C300042A8CEF749F8F6E748A8CEF745F8F7E707
:101C4000BFA8D3F7B4FFF7E738215846CDF766FEB3
:101C5000F6E74EA8CEF738F8F6E754A8CEF734F8F2
:101C6000F7E7D2A8D3F7A3FFF7E707A8D3F798FFC2
:101C7000F7E702A8D3F794FF87E702A8CEF724F886
:101C8000D0F7B2F880B5A0B0DAF72FFFC0B20028C5
:101C900018D1524914A8CEF773FA51491AA8CEF7B1
:101CA0006FFA009001230C22002114A8CEF7D8F877
:101CB0001AA8CEF709F814A8CEF706F800F02BF909
:101CC00000203CE0D3F732F9DAF745FC4549684695
:101CD00000F04CF9010002A8FEF727FF684600F06B
:101CE0005CF93DA108A8CEF74BFA3F490EA8CEF704
:101CF00047FA010008A800F057F9010002A8FFF711
:101D000003F80EA8CDF7E0FF08A8CDF7DDFF02A984
:101D100005A800F074F9E0F7A4FD05A800F0A6F905
:101D2000D2F7A2FDDDF769F9DDF7F8FB002200210B
:101D30000220D4F7FFFA02A800F098F9012021B0A0
:101D400000BD18B58BB000F099F9D2F785FF684651
:101D5000D4F70AFBC0B2002801D0012000E0002027
:101D6000C0B200280ED0214C206800280AD0694655
:101D700020682268126852689047206821680968C4
:101D80000968884700F0C7F8E0F772FD00F0BAF97B
:101D9000DDF723FAC0B2002801D0012000E00020C6
:101DA000C0B200280DD003A82021C9F759FD104961
:101DB00004A8CEF7E5F903A8D2F73BFF03A8D3F7B1
:101DC0004BF800F0B5F9E1F7F9F80A48807B00F02C
:101DD000FF00FDF721FCB6E75531000054DC040894
:101DE000F8FE0408E02F002004FF0408443000201F
:101DF000B80F0508782F002080B500F03FF9FCE708
:101E00002DE9F047544C0021402977DA0022802A3E
:101E100072DA23005C1C514D402000FB02F0284484
:101E2000405C002801D0012600E00026402000FB95
:101E300002F0284408444078002801D0022700E03E
:101E40000027402000FB02F0284408448078002846
:101E500002D05FF0040C01E05FF0000C402000FBBA
:101E600002F028440844C078002802D05FF0080E31
:101E700001E05FF0000E402000FB02F0284408441F
:101E80000079002802D05FF0100801E05FF0000840
:101E9000402000FB02F0284408444079002802D08A
:101EA0005FF0200901E05FF00009402000FB02F034
:101EB000284408448079002802D05FF0400A01E0FD
:101EC0005FF0000A402000FB02F028440844C0797B
:101ED000002801D0802000E000203E435CEA060696
:101EE0005EEA060658EA060659EA06065AEA0606B1
:101EF00006431E70521C8AE7083185E7BDE8F0876B
:101F000015480021B1F5806F04D200220270401CF8
:101F1000491CF7E7704738B5FFF772FFFCF7B0FBD5
:101F20000F4C00212000F3F78FFE5FF0FA500D49AF
:101F300008600D4D4FF48060286001212000F3F708
:101F400083FE2868002802D028680028FCD1FCF70E
:101F5000BCFB31BD00000000CC200020CC000020E4
:101F600058640240086402405C6402407CB504008E
:101F70000D002800F4F762FD32000100684600F011
:101F800009F969460DF10100C046C046020029006A
:101F9000200000F00BF9200076BD10B504002000F1
:101FA00000F00AF9200010BDF0B58DB004000D005E
:101FB0004FF41E70D1F786FB0700210001A8CDF772
:101FC0009FFD290007A8CDF79BFD0200002000908F
:101FD000002301A93800E6F767F8060007A8CDF747
:101FE00073FE01A8CDF770FEB08850F00200B080FB
:101FF0004FF4FA60A6F83E0230000DB0F0BDF8B51F
:1020000004000D002800EBF727FB320001006846B2
:1020100000F0D8F869462000EBF718FB2800E6F737
:1020200001F901002000EBF7CBFBC0B2002801D082
:10203000012000E00020C0B2002815D02000EBF7FE
:102040005AFB0600280000F0C9F80700280000F03D
:10205000D5F833683A000100200000F0DFF80600F0
:102060002000EBF768FB06602000F2BD10B504000D
:10207000200000F0E2F8200010BD000010B58AB08A
:102080001A490868002804D008680868401E0860DB
:102090000CE0174A1078002802D10120107001E0EE
:1020A000002010704CF2503008600868104800782A
:1020B000002805D04FF400600E49088080B204E08B
:1020C0004FF400600C49088080B26846C9F74EFBA7
:1020D0000A4C200069462822C9F7E2FB0848E1695A
:1020E0000181616941810AB010BD00BF2800002054
:1020F000A53000201A04024018040240302D0020B0
:10210000782F002038B5064CA089002807D0A58973
:10211000002229000120D4F70DF90020A08131BD53
:10212000782F00201948C18911F47F41C18170477F
:10213000002017490A68120912F0010210430A68C8
:10214000920A12F0010250EA42000A68D20912F023
:10215000010250EA82000A68520912F0010250EAB4
:10216000C2000A68D20812F0010250EA021009689F
:10217000890911F0010150EA41100449CA8912F499
:102180007F42CA81CA890243CA817047782F0020E2
:102190001008024038B504000D0029006846C0460A
:1021A000C04669462000C046C04631BD10B5040097
:1021B000200000F082F810BD10B50400200000F0EF
:1021C0008EF810BD38B504000D0029006846C046E1
:1021D000C04669462000C046C04631BD38B504003F
:1021E0002000EFF7B9FB05002000EBF78AFA2A0080
:1021F00001686846F3F755FE006832BD38B5040043
:102200002000EFF7A9FB05002000EBF781FA2A0078
:1022100001686846F3F745FE006832BDF8B5040072
:102220000D0016001F002000EBF71CFA03003A0017
:102230003100280000F05DF8F2BDF8B50400200080
:10224000EBF759FA0068002836D02000EBF71EFAA9
:102250002000EBF770FA05002000EBF74CFA2A6833
:1022600001682000EBF76EFA2000EBF798FA050002
:102270002000EBF740FA06002000EBF73CFA0700DD
:102280002000EBF7EFF92A683168521A4FF41E71FB
:1022900092FBF1F23968EBF789FA2000EBF72BFAA1
:1022A000002101602000EBF746FA002101602000C8
:1022B000EBF775FA00210160F1BD7CB504000D005B
:1022C0001600280000F032F8320069462000ECF7D2
:1022D0001DFA2900200000F032F8200076BD10B56C
:1022E0000400200000F085F8200000F091F82000A4
:1022F00010BD2DE9F64104000D001E00200000F085
:102300008DF80700280000F089F880460198C04643
:10231000C046330002004146380000F084F8010056
:1023200001A80160C0460068BDE8F6811CB5040044
:102330002000ECF706FA00780090009816BD2DE911
:10234000F04104000D0016002000ECF7E5F907004D
:102350002800ECF7E1F980462000E6F7CFFE3300D5
:102360000268D8F80010200000F06EF838602000F5
:10237000F0F773FB07002800ECF7C1FA3860200083
:10238000ECF7CAF90068ECF7D6F90078002801D11B
:10239000012000E00020C0B2002816D02000F0F795
:1023A00083FB07002000ECF7B7F90068FAF7BBFBE6
:1023B00038602000ECF744FC07002000ECF7ACF993
:1023C0000068FAF7B6FB386011E02000F0F76CFB0C
:1023D00007002000E6F792FE006838602000ECF766
:1023E0002FFC07002000E6F789FE00683860BDE892
:1023F000F08138B504002000ECF712FC0500200045
:10240000E1F718FB02002900200000F07BF831BD45
:1024100010B50400200000F0BDF810BD01B56846FD
:102420000068C04602BD35B581B00C001D0002A990
:1024300001A8C046C04600902B00029A21000198D6
:1024400000F0B3F83EBD00002DE9F04704000D0098
:1024500016001F002000E6F751FED0F8008028008B
:10246000ECF769F90078002801D1012000E0002094
:10247000C0B200283ED02800E6F746FE1F490B7880
:102480001F490A780100200000F0A8F88146C9F829
:1024900004602800ECF701FA007889F80C00404647
:1024A000ECF749F90078002801D0012000E0002075
:1024B000C0B2002800D0C8464846ECF74EF9824624
:1024C0002800ECF74AF93B004A4601682000FFF774
:1024D000BBFFCAF800004846ECF739F982462800ED
:1024E000ECF735F93B004A4601682000FFF7ACFFE6
:1024F000CAF800004046BDE8F08700BF83E102084B
:10250000DFD9020817B583B004002000ECF788FB80
:10251000029002A904A8E1F79DFA00280FD020003C
:10252000E1F788FA019001A905A8E1F793FA0028DC
:1025300001D1012000E0002090F0010000E0002027
:10254000C0B2002806D0200000F050F82000ECF7C0
:1025500067FB1DE005A904A8ECF728F9002801D0C5
:10256000012000E00020C0B2002808D0002104A80B
:1025700000F066F801002000F9F7FFFFEAE720000D
:10258000E6F7A9FD020004996846E6F7ACFD00688D
:1025900006B010BD10B504002000E6F7AFFD0168DD
:1025A000200000F055F8200010BD2DE9F041040096
:1025B0000D0016001F00B046AC420CD03000F5F7FD
:1025C000DEFD220001003800FEF7DFFC16F51E7666
:1025D00014F51E74F0E73000BDE8F08138B5040052
:1025E0000D002900200000F062F832BD38B504006B
:1025F0002000ECF791F80168200000F080F820003E
:10260000ECF78AF805002000E6F778FD00682860FE
:102610002000F0F749FA05002000E6F76FFD00689A
:1026200028602000ECF70CFB05002000E6F766FDB3
:10263000006828602000F0F710FA0021016031BD29
:1026400038B5040025682000ECF7BEF8280032BD3C
:1026500070B504000D002800ECF77FF8F0F7C0F922
:1026600006002000ECF71FF9310000F07AF828008E
:10267000F0F75CF9F0F7B4F906002000ECF713F975
:10268000310000F06EF82800ECF761F8F0F7A8F9D7
:1026900006002000ECF707F9310000F062F8200096
:1026A000ECF701F901222900F4F7DEF970BD2DE9FC
:1026B000F04104000D002000ECF7ABF806003000FC
:1026C000ECF7EBF8002101703000ECF734F8002152
:1026D00001703000E6F718FD07002800C046C0462C
:1026E00080463800ECF78FF807002000ECF7DBF8A5
:1026F0004246390000F03DF83000BDE8F081F8B501
:1027000004000D002E003000ECF715F800780028CA
:1027100001D1012000E00020C0B2002820D030000C
:10272000ECF715F801682000FFF7E9FF3000ECF73F
:1027300014F8006806002800E6F7E6FCECF763F8FA
:1027400007002000ECF7AFF83900F4F785F9200016
:10275000ECF7A9F801222900F4F786F93500D2E751
:10276000F1BD38B504000D002900200000F00EF87E
:1027700031BD70B504000D0016003000C046C046E3
:1027800002002900200000F009F870BD38B50400EF
:102790000D0029002000C046C04631BD70B50400C0
:1027A0000D0016003000C046C0460200290020007F
:1027B00000F001F870BD2DE9F04105000E00170092
:1027C000B046414654200800C0460400002C07D003
:1027D0003800C046C0460100200000F004F800E0C8
:1027E0000020BDE8F08138B504000D00290020006C
:1027F000CDF786F915F1180114F11800FEF752FA19
:10280000200032BD06A8D1F7D1FF6846CDF75CFAAB
:10281000CFF7EAFA6846CDF757FACFF7E5FA18A8E6
:10282000D2F71AFBCFF7E0FA10A8D2F715FBCFF7D3
:10283000DBFA08A8D2F710FBCFF7D6FA54A8D3F7E3
:10284000B6F9CFF7D1FA38212000CDF767F8F5E7D0
:102850000CA8CDF739FAF6E712A8CDF735FAF7E765
:1028600067A8D3F7A4F9F7E738212800CDF756F881
:10287000F6E718A8CDF728FAF6E71EA8CDF724FA50
:10288000F7E77AA8D3F793F9F7E738213000CDF7C7
:1028900045F8F6E724A8CDF717FAF6E72AA8CDF70A
:1028A00013FAF7E78DA8D3F782F9F7E73821380054
:1028B000CDF734F8F6E730A8CDF706FAF6E736A8F4
:1028C000CDF702FAF7E7A0A8D3F771F9F7E73821B7
:1028D0004046CDF723F8F6E73CA8CDF7F5F9F6E743
:1028E00042A8CDF7F1F9F7E7B3A8D3F760F9F7E716
:1028F00038214846CDF712F8F6E748A8CDF7E4F9B5
:10290000F6E74EA8CDF7E0F9F7E7C6A8D3F74FF9F9
:10291000F7E701A8D3F744F9F7E70DA8CDF7D4F905
:10292000CFF762FA0AA8D3F73BF928213800CCF791
:10293000F5FFCFF759FA26A8D3F739F9CFF754FAAC
:1029400058213800CCF7EAFFF5E713A8D3F72FF9A1
:10295000F6E707A8D3F724F928213800CCF7DEFFE3
:10296000E9E702A8D3F71CF9E5E702A8CDF7ACF92F
:10297000CFF73AFA2000D3F735F9CFF735FA000050
:10298000DCB20181B0B0AF010C003C0047D8FF7F42
:102990000A00480049D8FF7F080052004BD8FF7F4B
:1029A0000C005A004BD8FF7F140066004BD8FF7F05
:1029B0000A007A004BD8FF7F080084004DD8FF7FC3
:1029C0000C008C004DD8FF7F140098004DD8FF7F7D
:1029D0000A00AC004DD8FF7F0800B6004FD8FF7F3B
:1029E0000C00BE004FD8FF7F1400CA004FD8FF7FF5
:1029F0000A00DE004FD8FF7F0800E80051D8FF7FB3
:102A00000C00F00051D8FF7F1400FC0051D8FF7F6C
:102A10000A00100151D8FF7F08001A0153D8FF7F28
:102A20000C00220153D8FF7F14002E0153D8FF7FE2
:102A30000A00420153D8FF7F08004C0155D8FF7FA0
:102A40000C00540155D8FF7F1400600155D8FF7F5A
:102A50000A00740155D8FF7F0A007E0157D8FF7F16
:102A60000C00880157D8FF7F1200940157D8FF7FD0
:102A70000800A60159D8FF7F0A00AE015BD8FF7F8E
:102A80000C00B8015BD8FF7F1200C4015BD8FF7F48
:102A90000800D6015DD8FF7F0A00DE015FD8FF7F06
:102AA0000C00E8015FD8FF7F1200F4015FD8FF7FC0
:102AB0000800060261D8FF7F0A000E0263D8FF7F7C
:102AC0000C00180263D8FF7F2A00240263D8FF7F1E
:102AD000D4004E0265D8FF7F0000000062A8CDF749
:102AE000F3F8CFF781F95AA8E0F721FAF6E7AAA898
:102AF000F8F76AF9F7E768A8CDF7E6F8F3E752A820
:102B0000E0F715FAF7E7B8A8F8F75EF9F7E76EA867
:102B1000CDF7DAF8F3E74AA8E0F709FAF7E7C6A82D
:102B2000F8F752F9F7E774A8CDF7CEF8F3E742A823
:102B3000E0F7FDF9F7E7D4A8F8F746F9F7E77AA840
:102B4000CDF7C2F8F3E73AA8E0F7F1F9F7E7E2A822
:102B5000F8F73AF9F7E780A8CDF7B6F8F3E732A827
:102B6000E0F7E5F9F7E7F0A8F8F72EF9F7E786A818
:102B7000CDF7AAF8F3E72AA8E0F7D9F9F7E7FEA816
:102B8000F8F722F9F7E78CA8CDF79EF8F3E722A82B
:102B9000E0F7CDF9F7E70DF58660F8F715F9F6E7F8
:102BA00092A8CDF791F8F2E71AA8E0F7C0F9F7E795
:102BB0000DF58D60F8F708F9F6E798A8CDF784F8D9
:102BC000F2E712A8E0F7B3F9F7E70DF59460F8F72C
:102BD000FBF8F6E79EA8CDF777F8F2E70AA8E0F74A
:102BE000A6F9F7E70DF59B60F8F7EEF8F6E7A4A86D
:102BF000CDF76AF8F2E702A8E0F799F9F7E70C23B6
:102C000038220249AAA8D4F778F8F4E7C9AD030836
:102C100008A8D1F7CBFD02A8CDF756F8CFF7E4F816
:102C20006846CDF751F8CFF7DFF8000035A8CDF7AB
:102C30004BF8CFF7D9F83BA8CDF746F8F6E741A80F
:102C4000CDF742F8F7E7042318220D4935A8D4F749
:102C500054F8CFF7C9F805A8F7F79CFBCFF7C4F8ED
:102C600011A8F7F797FBF6E71DA8F7F793FBF7E72F
:102C700004233022034905A8D4F73FF8CFF7B4F86E
:102C8000C9FC000895A303086846D3F7B1FECFF747
:102C9000ABF809A8CDF718F8F6E703A8CDF714F8B4
:102CA000F2E72800CDF710F8F7E715F11800CDF797
:102CB0000BF8F6E72800CDF707F8E5E715F118005F
:102CC000CDF702F8F6E703A8D9F799FD6846D3F7E0
:102CD0008FFECFF789F82000CCF7F6FFF3E714F169
:102CE0001800CCF7F1FFF6E72000CCF7EDFFEAE79C
:102CF00014F11800CCF7E8FFF6E76846CCF7E4FFDC
:102D0000CFF772F802A8D9F793FECFF76DF804A8B1
:102D1000CCF7DAFFF6E76846D9F783FEF2E704A8B6
:102D2000D9F76DFDCFF760F802A8D9F781FEF6E775
:102D30006846D9F776FEF7E70C212000CCF7EEFDC8
:102D4000EDE708A8D3F754FECFF74EF817A8CCF755
:102D5000BBFFF6E7E4B2002CF8D011A8CCF7B4FF23
:102D6000F4E70BA8CCF7B0FFF0E7000080B53C48D3
:102D7000016851F4700101603A49086850F001009F
:102D800008600020384A10600A68384802400A602B
:102D90003748384A1060086830F480200860002006
:102DA0003549086000F005F85FF0006033490860BD
:102DB00001BD82B0002001900020009029490868E0
:102DC00050F480300860086810F4003000900198DA
:102DD000401C01900098002803D10198B0F5A06F25
:102DE000F1D10868800302D50120009001E00020A5
:102DF0000090009801282FD12148026852F080529B
:102E000002602048026852F480420260164802685C
:102E10000260026852F400420260026852F4A0525A
:102E20000260194A134B1A600A6852F080720A60F5
:102E30000A689201FCD540F20561144A11600168EC
:102E4000890889000160016851F002010160016890
:102E500011F00C010829FAD102B0704700000000FF
:102E600088ED00E00038024008380240FFFFF6FE1F
:102E700010300024043802400C38024008ED00E015
:102E8000403802400070004008544007003C0240B7
:102E90009AB20181B0B0AF010C003C002FD7FF7F88
:102EA0000A00480031D7FF7F0800520033D7FF7F68
:102EB0000C005A0033D7FF7F1400660033D7FF7F22
:102EC0000A007A0033D7FF7F0800840035D7FF7FE0
:102ED0000C008C0035D7FF7F1400980035D7FF7F9A
:102EE0000A00AC0035D7FF7F0800B60037D7FF7F58
:102EF0000C00BE0037D7FF7F1800CA0037D7FF7F0E
:102F00000800E20037D7FF7F0800EA0039D7FF7FCB
:102F10000C00F20039D7FF7F1200FE0039D7FF7F87
:102F20000800100139D7FF7F080018013BD7FF7F49
:102F30000C0020013BD7FF7F12002C013BD7FF7F05
:102F400008003E013BD7FF7F080046013DD7FF7FC9
:102F50000C004E013DD7FF7F12005A013DD7FF7F85
:102F600008006C013DD7FF7F080074013FD7FF7F49
:102F70000C007C013FD7FF7F120088013FD7FF7F05
:102F800008009A013FD7FF7F0A00A20141D7FF7FC7
:102F90000C00AC0141D7FF7F2C00B80141D7FF7F67
:102FA000AA00E40143D7FF7F000000006846CCF789
:102FB0008BFECEF719FF19A8D2F7F9FDCEF714FF53
:102FC00058213800CCF7AAFCF5E706A8D2F7EFFDA8
:102FD000F6E754A8D2F7EBFDCEF706FF3821200024
:102FE000CCF79CFCF5E70CA8CCF76EFEF6E712A830
:102FF000CCF76AFEF7E767A8D2F7D9FDF7E73821E3
:103000002800CCF78BFCF6E718A8CCF75DFEF6E7B6
:103010001EA8CCF759FEF7E77AA8D2F7C8FDF7E764
:1030200038213000CCF77AFCF6E724A8CCF74CFE28
:10303000F6E72AA8CCF748FEF7E78DA8D2F7B7FD48
:10304000F7E738213800CCF769FCF6E730A8CCF771
:103050003BFEF6E736A8CCF737FEF7E7A0A8D2F795
:10306000A6FDF7E738214046CCF758FCF6E73CA828
:10307000CCF72AFEF6E742A8CCF726FEF7E7B3A87E
:10308000D2F795FDF7E738214846CCF747FCF6E73D
:1030900048A8CCF719FEF6E74EA8CCF715FEF7E7DF
:1030A000C6A8D2F784FDF7E701A8D2F779FDF7E7C4
:1030B00000C1814001C0804101C0804100C1814008
:1030C00001C0804100C1814000C1814001C08041F8
:1030D00001C0804100C1814000C1814001C08041E8
:1030E00000C1814001C0804101C0804100C18140D8
:1030F00001C0804100C1814000C1814001C08041C8
:1031000000C1814001C0804101C0804100C18140B7
:1031100000C1814001C0804101C0804100C18140A7
:1031200001C0804100C1814000C1814001C0804197
:1031300001C0804100C1814000C1814001C0804187
:1031400000C1814001C0804101C0804100C1814077
:1031500000C1814001C0804101C0804100C1814067
:1031600001C0804100C1814000C1814001C0804157
:1031700000C1814001C0804101C0804100C1814047
:1031800001C0804100C1814000C1814001C0804137
:1031900001C0804100C1814000C1814001C0804127
:1031A00000C1814001C0804101C0804100C1814017
:1031B00000C0C101C30302C2C60607C705C5C404D7
:1031C000CC0C0DCD0FCFCE0E0ACACB0BC90908C847
:1031D000D81819D91BDBDA1A1EDEDF1FDD1D1CDC37
:1031E00014D4D515D71716D6D21213D311D1D010A7
:1031F000F03031F133F3F23236F6F737F53534F497
:103200003CFCFD3DFF3F3EFEFA3A3BFB39F9F83806
:1032100028E8E929EB2B2AEAEE2E2FEF2DEDEC2CF6
:10322000E42425E527E7E62622E2E323E12120E066
:10323000A06061A163A3A26266A6A767A56564A456
:103240006CACAD6DAF6F6EAEAA6A6BAB69A9A868C6
:1032500078B8B979BB7B7ABABE7E7FBF7DBDBC7CB6
:10326000B47475B577B7B67672B2B373B17170B026
:103270005090915193535292965657975595945416
:103280009C5C5D9D5F9F9E5E5A9A9B5B9959589886
:10329000884849894B8B8A4A4E8E8F4F8D4D4C8C76
:1032A00044848545874746868242438341818040E6
:1032B000AF66B28028001A00C9E8FF7F08005C00F2
:1032C000CBE8FF7F0A006400CDE8FF7F08006E00B6
:1032D000CFE8FF7F08007600D1E8FF7F0C007E007A
:1032E000D1E8FF7F12008A00D1E8FF7F08009C0030
:1032F000D1E8FF7F0800A400D3E8FF7F0C00AC00FA
:10330000D3E8FF7F1200B800D3E8FF7F0800CA00AF
:10331000D3E8FF7F0800D200D5E8FF7F0C00DA0079
:10332000D5E8FF7F1200E600D5E8FF7F0800F8002F
:10333000D5E8FF7F08000001D7E8FF7F0C000801F7
:10334000D7E8FF7F12001401D7E8FF7F08002601AD
:10335000D7E8FF7F08002E01D9E8FF7F0C00360177
:10336000D9E8FF7F12004201D9E8FF7F080054012D
:10337000D9E8FF7F08005C01DBE8FF7F0C006401F7
:10338000DBE8FF7F2A007001DBE8FF7F9A009A01EB
:10339000DBE8FF7F08003402F3E7FF7F18003C0200
:1033A000D3E8FF7F0000000006A8D1F7FFF96846C8
:1033B000CCF78AFCCEF718FD6846CCF785FCCEF733
:1033C00013FD18A8D1F748FDCEF70EFD10A8D1F7D0
:1033D00043FDCEF709FD08A8D1F73EFDCEF704FD69
:1033E00046A8D2F7E4FBCEF7FFFC38212800CCF743
:1033F00095FAF5E708A8CCF767FCF6E70EA8CCF736
:1034000063FCF7E720A8D2F7D2FBF7E738213000BA
:10341000CCF784FAF6E714A8CCF756FCF6E71AA81E
:10342000CCF752FCF7E733A8D2F7C1FBF7E703A8C4
:10343000D2F7B6FBF7E70DA8CCF746FCCEF7D4FCE5
:103440000AA8D2F7ADFB28213800CCF767FACEF7EF
:10345000CBFC26A8D2F7ABFBCEF7C6FC5821380030
:10346000CCF75CFAF5E713A8D2F7A1FBF6E707A8BB
:10347000D2F796FB28213800CCF750FAE9E702A8EA
:10348000D2F78EFBE5E702A8CCF71EFCCEF7ACFC2A
:103490002000D2F7A7FBCEF7A7FC000042A8CCF78C
:1034A00013FCCEF7A1FC3AA8DFF741FDF6E772A8BE
:1034B000F7F78AFCF7E748A8CCF706FCF3E732A851
:1034C000DFF735FDF7E780A8F7F77EFCF7E74EA8B2
:1034D000CCF7FAFBF3E72AA8DFF729FDF7E78EA878
:1034E000F7F772FCF7E754A8CCF7EEFBF3E722A856
:1034F000DFF71DFDF7E79CA8F7F766FCF7E75AA88A
:10350000CCF7E2FBF3E71AA8DFF711FDF7E7AAA86B
:10351000F7F75AFCF7E760A8CCF7D6FBF3E712A859
:10352000DFF705FDF7E7B8A8F7F74EFCF7E766A861
:10353000CCF7CAFBF3E70AA8DFF7F9FCF7E7C6A860
:10354000F7F742FCF7E76CA8CCF7BEFBF3E702A85D
:10355000DFF7EDFCF7E708233822024972A8D3F71A
:10356000CCFBF4E7C9AD030808A8D1F71FF902A8FE
:10357000CCF7AAFBCEF738FC6846CCF7A5FBCEF714
:1035800033FC0AA8D1F768FCCEF72EFC02A8D1F7CD
:1035900063FCCEF729FC06A8DAF7A0FD6846CCF755
:1035A00093FBCEF721FC2800CCF78EFBCEF71CFC5A
:1035B00006A8CCF789FBF6E707A8CCF785FBCEF782
:1035C00013FC20A8D2F7F3FACEF70EFC04A8D3F729
:1035D0000FFAF6E754214846CCF7A0F9F6E70DA814
:1035E000D2F7E5FAF6E70DA8CCF76EFBCEF7FCFBB9
:1035F00014F16C00CCF768FBCEF7F6FB14F18400F5
:10360000CCF762FBF4E70AA8D2F7CAFA2821300007
:10361000CCF784F9F2E726A8D2F7C9FAEEE75821E9
:103620003000CCF77BF9F6E713A8D2F7C0FAF6E73B
:1036300007A8D2F7B5FA28213000CCF76FF9EAE7EE
:1036400002A8D2F7ADFAE6E714F18400CCF73CFB10
:1036500014F16C00CCF738FB2000D2F7C3FACEF798
:10366000C3FB0000AE59B2800A003A00D1F1FF7FDF
:1036700008004400D3F1FF7F08004C00D5F1FF7F24
:103680000C005400D5F1FF7F12006000D5F1FF7FE0
:1036900008007200D5F1FF7F08007A00D7F1FF7FA4
:1036A0000C008200D7F1FF7F12008E00D7F1FF7F60
:1036B0000800A000D7F1FF7F0800A800D9F1FF7F24
:1036C0000C00B000D9F1FF7F1200BC00D9F1FF7FE0
:1036D0000800CE00D9F1FF7F0800D600DBF1FF7FA4
:1036E0000C00DE00DBF1FF7F1200EA00DBF1FF7F60
:1036F0000800FC00DBF1FF7F08000401DDF1FF7F23
:103700000C000C01DDF1FF7F12001801DDF1FF7FDD
:1037100008002A01DDF1FF7F08003201DFF1FF7FA1
:103720000C003A01DFF1FF7F28004601DFF1FF7F47
:1037300082006E01DFF1FF7F00000000AE59B28011
:103740000A003800E9DEFF7F08004200EBDEFF7F61
:1037500008004A00EDDEFF7F0C005200EDDEFF7F27
:1037600012005E00EDDEFF7F08007000EDDEFF7FDF
:1037700008007800EFDEFF7F0C008000EFDEFF7FA7
:1037800012008C00EFDEFF7F08009E00EFDEFF7F5F
:103790000800A600F1DEFF7F0C00AE00F1DEFF7F27
:1037A0001200BA00F1DEFF7F0800CC00F1DEFF7FDF
:1037B0000800D400F3DEFF7F0C00DC00F3DEFF7FA7
:1037C0001200E800F3DEFF7F0800FA00F3DEFF7F5F
:1037D00008000201F5DEFF7F0C000A01F5DEFF7F25
:1037E00012001601F5DEFF7F08002801F5DEFF7FDD
:1037F00008003001F7DEFF7F0C003801F7DEFF7FA5
:1038000028004401F7DEFF7F82006C01F7DEFF7FB6
:1038100000000000AE59B2800A003800B7F7FF7F01
:1038200008004200B9F7FF7F08004A00BBF7FF7F9E
:103830000C005200BBF7FF7F12005E00BBF7FF7F5A
:1038400008007000BBF7FF7F08007800BDF7FF7F1E
:103850000C008000BDF7FF7F12008C00BDF7FF7FDA
:1038600008009E00BDF7FF7F0800A600BFF7FF7F9E
:103870000C00AE00BFF7FF7F1200BA00BFF7FF7F5A
:103880000800CC00BFF7FF7F0800D400C1F7FF7F1E
:103890000C00DC00C1F7FF7F1200E800C1F7FF7FDA
:1038A0000800FA00C1F7FF7F08000201C3F7FF7F9D
:1038B0000C000A01C3F7FF7F12001601C3F7FF7F58
:1038C00008002801C3F7FF7F08003001C5F7FF7F1C
:1038D0000C003801C5F7FF7F28004401C5F7FF7FC2
:1038E00082006C01C5F7FF7F0000000018B599B099
:1038F000FEF713F8FAF7E6FCFEF702FBCCF770FAD6
:1039000029490DA8CCF73CFC284C210013A8CCF782
:1039100037FC00900123002200210DA8CCF7A0FA6B
:1039200013A8CCF7D1F90DA8CCF7CEF9FEF7F3FA2E
:10393000EAF76FF8FDF76BFF62B61D480078C0F339
:103940008000C0B2002816D01A4901A8CCF718FC94
:10395000210007A8CCF714FC0090012318220021B5
:1039600001A8CCF77DFA07A8CCF7AEF901A8CCF7EF
:10397000ABF9FEF7D0FAE9F77FFFDFF75BFBDFF784
:10398000FDFAFEF7CFFBDFF713FBDCF794FEFEF743
:1039900079F9C0B2002802D0FEF7D3F901E0FEF7B2
:1039A0002BFA00201AB010BD70FF04087CFF040839
:1039B000A730002084F10408AD0C3F801100B60050
:1039C00000000000FEFFFFFF1E00A800A5F2FF7F21
:1039D0001F00A80000000000FEFFFFFF38008E005F
:1039E00089F2FF7F39008E0000000000FEFFFFFF1C
:1039F000440082006DF2FF7F45008200000000005D
:103A0000FEFFFFFF500076004FF2FF7F69005E006F
:103A100000000000FEFFFFFF760050002BF2FF7F4A
:103A20007700500000000000FEFFFFFF920034000E
:103A30000FF2FF7F9300340000000000FEFFFFFF45
:103A40009E002800F3F1FF7F9F0028000000000087
:103A5000FEFFFFFFAA001C00D5F1FF7FB50012009A
:103A600000000000FEFFFFFF0000000020212000FA
:103A7000CBF754FFCEF7B8F920212000CBF74EFF4B
:103A8000CEF7B2F920212000CBF748FFCEF7ACF9F2
:103A900018212000CBF742FFCEF7A6F92021200005
:103AA000CBF73CFFCEF7A0F920212000CBF736FF63
:103AB000CEF79AF904A8F7F7C7F9CEF795F914A845
:103AC000F7F7C2F9F6E724A8F7F7BEF9F7E734A845
:103AD000F7F7BAF9F7E744A8F7F7B6F9F7E70623D7
:103AE0004022034904A8D3F708F9CEF77DF9000076
:103AF00049AE030804A8CCF7E7F8CEF775F9102112
:103B00002800CBF70BFFCEF76FF914A8D2F74FF8C8
:103B1000CEF76AF954213000CBF700FFF5E73AA859
:103B2000D2F745F8F6E78C213000CBF7F7FEECE74B
:103B300027A8D2F73CF8F6E70EA8CCF7C5F8E4E7DB
:103B400008A8CCF7C1F8E0E703A8D2F729F8DCE72A
:103B50000AA8D1F781F9CEF747F902A8D1F77CF985
:103B6000CEF742F906A8DAF7B9FA6846CCF7ACF80E
:103B7000CEF73AF90AA8CCF7A7F8CEF735F914F141
:103B80006C00CCF7A1F8CEF72FF907A8D2F708F808
:103B900028213000CBF7C2FEF1E702A8D2F700F8E7
:103BA000EDE70000C0B2C009704770B504000D0019
:103BB000E088002809D10420CDF748F95FF0FF31F3
:103BC000016000221C49CDF795F92079000709D53D
:103BD0000420CDF73BF97FF0010101600022164976
:103BE000CDF788F96878FFF7DDFF002801D00120C4
:103BF00000E00020C0B2002809D00420CDF726F94B
:103C00007FF00201016000220B49CDF773F9AE7815
:103C1000F6B276083200D2B204F20911E81CD9F7E4
:103C200061FF84F80962A08850F01000A080200095
:103C300000F004F870BD00004015050810B5040040
:103C40002000D0F750FD10BD0AA8D1F705F9CEF736
:103C5000CBF8E4B2002C02D102A8D1F7FDF8CEF7E0
:103C6000C3F827A8D1F7A3FFCEF7BEF88821380004
:103C7000CBF754FEF5E702A8CCF726F8F6E708A83C
:103C8000CCF722F8F7E714A8D1F791FFF7E70DA8D2
:103C9000CCF71AF8CEF7A8F80AA8D1F781FF2821A7
:103CA0003800CBF73BFECEF79FF826A8D1F77FFF71
:103CB000CEF79AF858213800CBF730FEF5E713A875
:103CC000D1F775FFF6E707A8D1F76AFF282138007A
:103CD000CBF724FEE9E702A8D1F762FFE5E7000091
:103CE000243F0181B0B0008407006C000000000098
:103CF000FEFFFFFF12006000E7FDFF7F1300600082
:103D000000000000FEFFFFFF2A004800CBFDFF7F00
:103D10002B00480000000000FEFFFFFF36003C00C3
:103D2000AFFDFF7F37003C0000000000FEFFFFFFFB
:103D30004000320093FDFF7F410032000000000090
:103D4000FEFFFFFF4C00260077FDFF7F4D002600A1
:103D500000000000FEFFFFFF58001A0059FDFF7F22
:103D600065000E0000000000FEFFFFFF00000000E5
:103D700017B583B004002000DAF7B4FF029002A95F
:103D800004A8DFF799F800280FD02000DAF7BAFF6F
:103D9000019001A905A8DFF78FF8002801D10120C3
:103DA00000E0002090F0010000E00020C0B20028F8
:103DB00006D0200000F024F82000DAF793FF1DE081
:103DC00005A904A8DAF7AEFF002801D0012000E021
:103DD0000020C0B2002808D0002104A800F03AF862
:103DE00001002000F8F7E7F8EAE72000DFF74BF8DA
:103DF000020004996846DFF74EF8006806B010BD6F
:103E000038B504002000F4F714FB0168200000F02E
:103E100029F82000F4F70DFB05002000DFF746F835
:103E2000006828602000DFF725F805002000DFF794
:103E30003DF8006828602000F2F7E7FA050020004E
:103E4000DFF734F8006828602000F4F7CBFA00218F
:103E5000016031BD38B5040025682000DFF7E2F8C5
:103E6000280032BDF8B504000D002E003000F2F736
:103E7000FBF80078002801D1012000E00020C0B24A
:103E8000002820D03000F2F7D0FA01682000FFF7B8
:103E9000E9FF3000E4F7C1FB006806002800EEF7F8
:103EA00034FAF2F7E7F807002000F2F7E9F83900F2
:103EB000F5F73CFF2000F2F7E3F801222900F5F7BF
:103EC0003DFF3500D2E7F1BD17B583B004002000F7
:103ED000F1F7D9FB029002A904A8E4F73BFA002805
:103EE0000FD02000E9F78CFB019001A905A8E4F7A9
:103EF00031FA002801D1012000E0002090F00100FB
:103F000000E00020C0B2002806D0200000F024F815
:103F10002000F1F7B8FB1DE005A904A8EEF71FF992
:103F2000002801D0012000E00020C0B2002808D005
:103F3000002104A800F03AF801002000F8F7FFFD86
:103F4000EAE72000EDF729FB020004996846EDF747
:103F500032FB006806B010BD38B504002000EEF753
:103F6000D3F80168200000F029F82000EEF7CCF823
:103F700005002000EDF719FB006828602000F3F72A
:103F80008AFF05002000EDF710FB00682860200084
:103F9000F1F78FFB05002000EDF707FB00682860B4
:103FA0002000F3F751FF0021016031BD38B5040056
:103FB00025682000EEF7E1F8280032BDF8B50400CE
:103FC0000D002E003000EEF7A8F80078002801D18F
:103FD000012000E00020C0B2002820D03000EEF721
:103FE000A2F801682000FFF7E9FF3000EEF7A1F822
:103FF000006806002800E9F7B6FFF1F791F907001D
:104000002000F1F793F93900F5F7A6FD2000F1F74C
:104010008DF901222900F5F7A7FD3500D2E7F1BDA2
:1040200017B583B004002000E8F767FC029002A9EE
:1040300004A8DCF77EF800280FD02000DDF7CCFFC5
:10404000019001A905A8DCF774F8002801D101202E
:1040500000E0002090F0010000E00020C0B2002845
:1040600006D0200000F024F82000E8F746FC1DE010
:1040700005A904A8E4F7BDFE002801D0012000E056
:104080000020C0B2002808D0002104A800F03AF8AF
:1040900001002000F9F735F8EAE72000E2F73CFFDD
:1040A000020004996846E2F745FF006806B010BDBB
:1040B00038B504002000E4F771FE0168200000F02C
:1040C00029F82000E4F76AFE05002000E2F72CFF43
:1040D000006828602000ECF7ECFF05002000E2F704
:1040E00023FF006828602000E8F71DFC0500200081
:1040F000E2F71AFF006828602000ECF7B3FF002108
:10410000016031BD38B5040025682000E4F77FFE6A
:10411000280032BDF8B504000D002E003000E4F791
:1041200046FE0078002801D1012000E00020C0B246
:10413000002820D03000E4F740FE01682000FFF79F
:10414000E9FF3000E4F73FFE006806002800DFF7D3
:10415000EEFBE8F71FFA07002000E8F721FA390024
:10416000F0F77CFF2000E8F71BFA01222900F0F7A6
:104170007DFF3500D2E7F1BD17B583B00400200004
:10418000F3F721FA029002A904A8E6F737F900280C
:104190000FD02000EBF7FBFD019001A905A8E6F781
:1041A0002DF9002801D1012000E0002090F001004D
:1041B00000E00020C0B2002806D0200000F024F863
:1041C0002000F3F700FA1DE005A904A8F0F734FB7E
:1041D000002801D0012000E00020C0B2002808D053
:1041E000002104A800F03AF801002000F9F76BFA6A
:1041F000EAE72000F0F72CF9020004996846F0F78E
:1042000035F9006806B010BD38B504002000F0F79D
:10421000E8FA0168200000F029F82000F0F7E1FA40
:1042200005002000F0F71CF9006828602000F5F771
:1042300082F905002000F0F713F9006828602000DB
:10424000F3F7D7F905002000F0F70AF900682860B5
:104250002000F5F749F90021016031BD38B50400AF
:1042600025682000F0F7F6FA280032BDF8B5040002
:104270000D002E003000F0F7BDFA0078002801D1C3
:10428000012000E00020C0B2002820D03000F0F76C
:10429000B7FA01682000FFF7E9FF3000F0F7B6FA3F
:1042A000006806002800EBF7B7FEF2F7D9FF070019
:1042B0002000F2F7DBFF3900F5F7F3FF2000F2F7FB
:1042C000D5FF01222900F5F7F4FF3500D2E7F1BD53
:1042D000B0AB3E800700A40000000000FEFFFFFF1F
:1042E00014009600E9B6FF7F15009600000000005C
:1042F000FEFFFFFF2E007C00CDB6FF7F2F007C006D
:1043000000000000FEFFFFFF3C006E00B1B6FF7F23
:104310003D006E0000000000FEFFFFFF480062004D
:1043200095B6FF7F4900620000000000FEFFFFFF1E
:104330005400560079B6FF7F71003A00000000007B
:10434000FEFFFFFF80002A004DB6FF7F990012009C
:1043500000000000FEFFFFFF0000000002A8D0F7F1
:104360007BFDCDF741FD27A8D1F721FCCDF73CFD22
:1043700088213800CBF7D2FAF5E702A8CBF7A4FCE6
:10438000F6E708A8CBF7A0FCF7E714A8D1F70FFCD5
:10439000F7E70DA8CBF798FCCDF726FD0AA8D1F7D3
:1043A000FFFB28213800CBF7B9FACDF71DFD26A871
:1043B000D1F7FDFBCDF718FD58213800CBF7AEFA49
:1043C000F5E713A8D1F7F3FBF6E707A8D1F7E8FB69
:1043D00028213800CBF7A2FAE9E702A8D1F7E0FBE1
:1043E000E5E70000AC053F800A001E002105000043
:1043F00008002800230500001200300025050000F9
:1044000006004200090500000A0048001D050000E2
:10441000080052001F0500000E005A002105000090
:104420000A00680005050000080072001905000078
:1044300010007A001B05000008008A00ED0400004F
:104440000C0092001305000012009E00DD04000025
:104450001000B0000B0500000000000014A8D1F708
:10446000A6FBCDF7C1FC54213000CBF757FAF5E796
:104470003AA8D1F79CFBF6E73C213000CBF74EFA87
:10448000ECE727A8D1F793FBF6E70EA8CBF71CFCC7
:10449000E4E708A8CBF718FCE0E703A8D1F780FB16
:1044A000DCE702A8D0F7D8FCCDF79EFC0AA8CBF732
:1044B0000BFCCDF799FC07A8D1F772FB282130003F
:1044C000CBF72CFACDF790FC02A8D1F769FBCDF71A
:1044D0008BFC04A8CBF7F8FBCDF786FC20A8CBF724
:1044E000F3FBCDF781FC1AA8CBF7EEFBCDF77CFCF4
:1044F00014A8CBF7E9FBCDF777FC0EA8CBF7E4FBCC
:10450000CDF772FC6846CBF7DFFBCDF76DFC06A854
:10451000CBF7DAFBF6E72000C046C046CDF764FCD7
:1045200014F11800CBF7D0FBF5E714F13000CBF70E
:10453000CBFBF5E703A8CBF7C7FBF6E709A8CBF75A
:10454000C3FBF7E70FA8CBF7BFFBCDF74DFC03A8E4
:10455000CBF7BAFBCDF748FC09A8CBF7B5FBF6E7DC
:1045600001A8D2F745FACDF73FFC06A8CBF7ACFB84
:10457000F6E718A8CBF7A8FBF7E70CA8CBF7A4FB46
:10458000F3E712A8CBF7A0FBF7E701A8CBF79CFB5A
:10459000CDF72AFC6846CBF797FBCDF725FC20002A
:1045A000C046C046CDF720FC14F11400CBF78CFBBD
:1045B000F5E72046CDF7A8FB684600F031F8CDF7C7
:1045C00013FC2046CDF7A0FB684600F029F8CDF794
:1045D0000BFC2046CDF798FB684600F021F8CDF79C
:1045E00003FC2046CDF790FB684600F019F8CDF7A4
:1045F000FBFB2046CDF788FB684600F011F8CDF7AD
:10460000F3FB6846CCF78AFDCDF7EEFB6846C04663
:10461000C046CDF7E9FB6846C046C046CDF7E4FB8F
:1046200010B5044604492160201DCBF74DFB204600
:10463000C046C046204610BDC8E3040801A8CBF719
:1046400043FBCDF7D1FB07A8CBF73EFBF6E7684667
:10465000CBF73AFBCDF7C8FB06A8CBF735FBF6E75F
:1046600001A8CBF731FBCDF7BFFB07A8CBF72CFB9D
:10467000F6E72000C046C046CDF7B6FB14F11400A3
:10468000CBF722FBF5E714F12C00CBF71DFBF5E788
:1046900009A8CBF719FBF6E70FA8CBF715FBF7E74F
:1046A00003A8CBF711FBEEE7AB0C3F8010004A00EC
:1046B0005BF4FF7F08005A005DF4FF7F1400620086
:1046C0005FF4FF7F0A00760043F4FF7F080080005C
:1046D00057F4FF7F1400880059F4FF7F08009C0006
:1046E0002BF4FF7F0E00A40051F4FF7F0800B200FE
:1046F0001BF4FF7F2800BA0049F4FF7F0800E200A6
:104700000BF4FF7F1200EA0041F4FF7F000000007D
:10471000AB0C3F801000280045FDFF7F08003800EB
:1047200047FDFF7F0E00400049FDFF7F0A004E005D
:104730002DFDFF7F0800580041FDFF7F1400600041
:1047400043FDFF7F0800740015FDFF7F0E007C0015
:104750003BFDFF7F08008A0005FDFF7F10009200EF
:1047600033FDFF7F3E00A200F5FCFF7F1200E0005A
:104770002BFDFF7F00000000B0AB38801A0018004E
:1047800067EEFF7F18003C0069EEFF7F12005400C7
:104790006DEEFF7F0E0066006FEEFF7F0C00740071
:1047A0005DEEFF7F100080006FEEFF7F080090003D
:1047B0006FEEFF7F1000980071EEFF7F2000A800D1
:1047C00057EEFF7F1C00C80069EEFF7F4400E40045
:1047D00047EEFF7F1400280169EEFF7F0000000014
:1047E000B0A8198045008A0000000000FEFFFFFF0E
:1047F00054007A00B15E000055007A00000000000D
:10480000FEFFFFFF62006C00935E00008B0044001F
:1048100000000000FEFFFFFF9A003400775E0000FA
:104820009B00340000000000FEFFFFFFA8002600F0
:10483000595E0000C700080000000000FEFFFFFFF7
:1048400000000000B0AB32800700920000000000C2
:10485000FEFFFFFF14008400CBD2FF7F1500840011
:1048600000000000FEFFFFFF2E006A00AFD2FF7FB6
:104870002F006A0000000000FEFFFFFF3A005E000C
:1048800093D2FF7F3B005E0000000000FEFFFFFFB1
:104890004400540075D2FF7F870012000000000022
:1048A000FEFFFFFF0000000004A8F6F738FACDF77E
:1048B0009BFA02234022034904A8D2F71EFACDF73F
:1048C00093FA00001FAD03081DA8CBF7FDF9CDF743
:1048D0008BFA17A8CBF7F8F9F6E711A8CBF7F4F99C
:1048E000F7E723A8D7F78BFFF7E70BA8CBF7ECF98F
:1048F000F7E705A8CBF7E8F9F7E707A8CBF7E4F95E
:10490000CDF772FA01A8CBF7DFF9F6E72000C04631
:10491000C046CDF769FA54214046CAF7FFFFF5E7D4
:1049200032A8D1F744F9F6E714F11800CBF7CCF927
:10493000ECE754214046CAF7F1FFF5E71FA8D1F78D
:1049400036F9F6E754214046CAF7E8FFECE70CA831
:10495000D1F72DF9F6E706A8CBF7B6F9E4E76846F4
:10496000CBF7B2F9E0E76846CBF7AEF9CDF73CFA02
:10497000CEF799F8220006A96846DEF74AFD684698
:10498000D1F734FDD9F7C3F800216846D9F78EF87E
:1049900000EE100AB0EE408A03E0CEF784F8FCF790
:1049A000D1FE6846CBF790F9FCF7CCFEDEF728FD88
:1049B00006A8CBF789F9CDF717FAFCF7C3FEF7E79E
:1049C0006846CBF781F9F8E76846CBF77DF9CDF774
:1049D0000BFA70B504000D002800E3F71EFEF3F794
:1049E000CEFC06002000F1F74BFB310000F020F870
:1049F0002800F3F7D7FCF3F7C2FC06002000F1F71C
:104A00003FFB310000F014F82800F1F70EFDF3F73A
:104A1000B6FC06002000F1F733FB310000F008F887
:104A20002000F1F72DFB01222900F5F787F970BD71
:104A300038B504000D002900200000F001F831BD58
:104A400038B504000D0029002000C046C04631BD25
:104A500070B504000D002800E3F7DFFDF3F78FFCCD
:104A600006002000F1F70CFB3100FFF7E1FF280002
:104A7000F3F798FCF3F783FC06002000F1F700FB46
:104A80003100FFF7D5FF2800F1F7CFFCF3F777FCF3
:104A900006002000F1F7F4FA3100FFF7C9FF20000B
:104AA000F1F7EEFA01222900F5F748F970BD70B56B
:104AB00004000D002800EAF7A0FAEEF767FA0600F6
:104AC0002000EAF7DEF93100F5F771FA2800EEF779
:104AD0003CFAEEF75BFA06002000EAF7D2F9310063
:104AE000F5F765FA2800EAF782FAEEF74FFA0600C2
:104AF0002000EAF7C6F93100F5F759FA2000EAF785
:104B0000C0F901222900F1F7DAFF70BD70B5040089
:104B10000D002800E9F721FEEDF762FF06002000F6
:104B2000E9F7C1FE3100FDF71CFE2800EDF7FEFE9F
:104B3000EDF756FF06002000E9F7B5FE3100FDF75E
:104B400010FE2800E9F703FEEDF74AFF06002000FB
:104B5000E9F7A9FE3100FDF704FE2000E9F7A3FE06
:104B600001222900F1F780FF70BD70B504000D002F
:104B70002800EDF7DEFAF3F73AF906002000F0F727
:104B8000D5FB310000F020F82800F1F795F9F3F794
:104B90002EF906002000F0F7C9FB310000F014F8F0
:104BA0002800EDF7C0FAF3F722F906002000F0F72D
:104BB000BDFB310000F008F82000F0F7B7FB012240
:104BC0002900F4F7D1FF70BD38B504000D002900AD
:104BD000200000F001F831BD38B504000D002900B7
:104BE0002000C046C04631BD70B504000D0028004D
:104BF000EDF79FFAF3F7FBF806002000F0F796FBBD
:104C00003100FFF7E1FF2800F1F756F9F3F7EFF86D
:104C100006002000F0F78AFB3100FFF7D5FF2800DF
:104C2000EDF781FAF3F7E3F806002000F0F77EFBDA
:104C30003100FFF7C9FF2000F0F778FB01222900BF
:104C4000F4F792FF70BD70B504000D002800E1F785
:104C5000F8F9E6F7AFFF06002000E1F74EFA310061
:104C600000F020F82800E6F797FFE6F7A3FF06001C
:104C70002000E1F742FA310000F014F82800E1F7D3
:104C8000DAF9E6F797FF06002000E1F736FA31007F
:104C900000F008F82000E1F730FA01222900ECF7D3
:104CA00043F870BD38B504000D002900200000F065
:104CB00001F831BD38B504000D0029002000C046C0
:104CC000C04631BD70B504000D002800E1F705FDB8
:104CD000E7F77EF906002000E1F75BFD3100F6F70B
:104CE000DEFD2800E7F766F9E7F772F90600200015
:104CF000E1F74FFD3100F6F7D2FD2800E1F7E7FCC0
:104D0000E7F766F906002000E1F743FD3100F6F70A
:104D1000C6FD2000E1F73DFD01222900ECF799F8DE
:104D200070BD70B504000D002800E4F74CF8ECF7F6
:104D30006CF906002000E7F733FC310000F020F8A2
:104D40002800E9F743FCECF760F906002000E7F7DC
:104D500027FC310000F014F82800E4F72EF8ECF7F7
:104D600054F906002000E7F71BFC310000F008F8BA
:104D70002000E7F715FC01222900F0F777F970BD54
:104D800038B504000D002900200000F001F831BD05
:104D900038B504000D0029002000C046C04631BDD2
:104DA00070B504000D002800E4F726FEEBF770F95B
:104DB00006002000E5F7D1FB310000F020F82800C4
:104DC000EAF738FCEBF764F906002000E5F7C5FBCD
:104DD000310000F014F82800E4F708FEEBF758F96A
:104DE00006002000E5F7B9FB310000F008F82000CC
:104DF000E5F7B3FB01222900EFF7C1FD70BD38B51F
:104E000004000D002900200000F001F831BD38B584
:104E100004000D0029002000C046C04631BD70B519
:104E200004000D002800E3F7CEFFECF7EEF80600D3
:104E30002000E7F7B5FB3100FFF7A2FF2800E9F7F4
:104E4000C5FBECF7E2F806002000E7F7A9FB31000C
:104E5000FFF796FF2800E3F7B0FFECF7D6F806005F
:104E60002000E7F79DFB3100FFF78AFF2000E7F7FE
:104E700097FB01222900F0F7F9F870BD70B5040026
:104E80000D002800E4F784FFEBF776FC0600200015
:104E9000E6F762F93100F2F747F82800EAF78AFDF1
:104EA000EBF76AFC06002000E6F756F93100F2F74E
:104EB0003BF82800E4F766FFEBF75EFC06002000F5
:104EC000E6F74AF93100F2F72FF82000E6F744F947
:104ED00001222900EFF722FE70BD70B504000D001D
:104EE0002800E4F76FFEEBF795FA06002000E5F7DF
:104EF0003AFE3100F2F752F82800EAF77BFCEBF7B4
:104F000089FA06002000E5F72EFE3100F2F746F898
:104F10002800E4F751FEEBF77DFA06002000E5F7E4
:104F200022FE3100F2F73AF82000E5F71CFE0122DC
:104F30002900EFF798FD70BD70B504000D00280042
:104F4000E2F7DAF9E7F7ECFD06002000E2F730FAC5
:104F5000310000F020F82800E7F7D4FDE7F7E0FD86
:104F600006002000E2F724FA310000F014F82800CF
:104F7000E2F7BCF9E7F7D4FD06002000E2F718FAE3
:104F8000310000F008F82000E2F712FA01222900AF
:104F9000ECF73DFA70BD38B504000D002900200083
:104FA00000F001F831BD38B504000D0029002000E3
:104FB000C046C04631BD70B504000D002800EFF7B3
:104FC00025FCF4F764FA06002000F2F74FF93100EF
:104FD00000F020F82800F2F7FBFBF4F758FA06007F
:104FE0002000F2F743F9310000F014F82800EFF741
:104FF00007FCF4F74CFA06002000F2F737F931000D
:1050000000F008F82000F2F731F901222900F5F745
:1050100050F970BD38B504000D002900200000F0E3
:1050200001F831BD38B504000D0029002000C0464C
:10503000C04631BD70B504000D002800EFF7E6FB57
:10504000F4F725FA06002000F2F710F93100FFF717
:10505000E1FF2800F2F7BCFBF4F719FA0600200084
:10506000F2F704F93100FFF7D5FF2800EFF7C8FB8E
:10507000F4F70DFA06002000F2F7F8F83100FFF718
:10508000C9FF2000F2F7F2F801222900F5F711F923
:1050900070BD70B504000D002800CDF706F9CDF7FE
:1050A0009DFF06002000CDF765F9310000F020F8E3
:1050B0002800CDF785FFCDF791FF06002000CDF742
:1050C00059F9310000F014F82800CDF7E8F8CDF7D1
:1050D00085FF06002000CDF74DF9310000F008F8FB
:1050E0002000CDF747F901222900CEF777FA70BDED
:1050F00038B504000D002900200000F001F831BD92
:1051000038B504000D0029002000C046C04631BD5E
:10511000193F0181B0B037840A003200C5E2FF7F39
:1051200008003C00C7E2FF7F08004400C9E2FF7F9F
:105130000C004C00C9E2FF7F12005800C9E2FF7F5B
:1051400008006A00C9E2FF7F08007200CBE2FF7F1F
:105150000C007A00CBE2FF7F24008600CBE2FF7FC9
:105160003800AA00CBE2FF7F000000002000CAF751
:10517000ABFDCCF739FE14F11800CAF7A5FDF5E731
:1051800014A8CAF7A1FDCCF72FFE1AA8CAF79CFDF8
:10519000F6E76846FCF701FFCCF726FE02A8FCF70D
:1051A00065FFCCF721FE08A8CAF78EFDF6E70EA82A
:1051B000CAF78AFDF7E705A8FCF758FFEEE703A852
:1051C000CFF74AFECCF710FEB0AE2F800A004A009F
:1051D000812A00003C005400832A00000C0090004B
:1051E000832A00000A009C00832A00000800A60011
:1051F000832A00001400AE00872A00002000C200AD
:10520000872A00000800E200632A00002800EA0064
:105210007F2A00002A001201532A0000000000002B
:10522000CDF741FC4FF6FF75FCF78CFADEF744F83A
:10523000CDF739FC0D480568FCF784FA2800DEF745
:1052400076F801A8CAF740FDCCF7CEFDCDF72BFCD0
:1052500007480568FCF776FA2800DEF7A0F801A8F1
:10526000CAF732FDCCF7C0FD00000000901505081C
:10527000981505082DE9FC4105000E00280000F0F6
:1052800023F801006846C046C0463400002C01D116
:10529000012700E000273800C0B2002804D0012117
:1052A000684600F017F80400280000F00DF880466A
:1052B000280000F017F8020043462100684600F07D
:1052C00017F82000BDE8F68110B50400201DC04687
:1052D000C04610BD38B504000D002900200000F0C4
:1052E0001CF832BD10B50400201DC046C04610BDDC
:1052F0002DE9F04104000D0016001F003800C046E3
:10530000C04680463000C046C046434602002900E1
:10531000200000F00BF8BDE8F08138B504000D0066
:1053200001220021280000F016F832BD2DE9F041DD
:1053300004000D0016001F003800C046C04680461D
:105340003000C046C046434602002900200000F05D
:1053500014F8BDE8F081F8B5040015000026002C13
:1053600001D1300008E0B4F1005F01D3CBF7EEF9D2
:10537000E7003800CEF7A6F9F2BD2DE9F8430500A5
:105380000E0017009846310008200800C0460400AF
:10539000002C0CD04046C046C04681463800C0466E
:1053A000C0464A460100200000F004F800E000205A
:1053B000BDE8F183F8B504000D0016002000EFF7FA
:1053C000F4FB094820602800C046C04607003000B2
:1053D000C046C0463B00020004480178201D00F092
:1053E00007F82000F2BD00BFFCA604085ECF02084B
:1053F00070B5040015001E002800C046C04601001C
:105400002000F2F75CFB3000C046C0460068206018
:10541000200070BD2DE9FC4105000E00280000F0C1
:1054200023F801006846C046C0463400002C01D174
:10543000012700E000273800C0B2002804D0012175
:10544000684600F017F80400280000F00DF88046C8
:10545000280000F017F8020043462100684600F0DB
:1054600017F82000BDE8F68110B50400201DC046E5
:10547000C04610BD38B504000D002900200000F022
:105480001CF832BD10B50400201DC046C04610BD3A
:105490002DE9F04104000D0016001F003800C04641
:1054A000C04680463000C046C04643460200290040
:1054B000200000F00BF8BDE8F08138B504000D00C5
:1054C00001220021280000F016F832BD2DE9F0413C
:1054D00004000D0016001F003800C046C04680467C
:1054E0003000C046C046434602002900200000F0BC
:1054F00014F8BDE8F081F8B5040015000026002C72
:1055000001D1300008E0B4F1005F01D3CBF71EF900
:10551000E7003800CEF7D6F8F2BD2DE9F8430500D4
:105520000E0017009846310008200800C04604000D
:10553000002C0CD04046C046C04681463800C046CC
:10554000C0464A460100200000F004F800E00020B8
:10555000BDE8F183F8B504000D0016002000F5F752
:1055600004FA094820602800C046C0460700300001
:10557000C046C0463B00020004480178201D00F0F0
:1055800007F82000F2BD00BF20A70408F2E30208DC
:1055900070B5040015001E002800C046C04601007A
:1055A0002000F2F78CFA3000C046C046200070BDE3
:1055B0002DE9FC4105000E00280000F023F8010051
:1055C0006846C046C0463400002C01D1012700E0E7
:1055D00000273800C0B2002804D00121684600F03E
:1055E00017F80400280000F00DF88046280000F0AD
:1055F00017F8020043462100684600F017F8200023
:10560000BDE8F68110B50400201DC046C04610BD9F
:1056100038B504000D002900200000F01CF832BD50
:1056200010B50400201DC046C04610BD2DE9F04154
:1056300004000D0016001F003800C046C04680461A
:105640003000C046C046434602002900200000F05A
:105650000BF8BDE8F08138B504000D0001220021EF
:10566000280000F016F832BD2DE9F04104000D00CD
:1056700016001F003800C046C04680463000C046B5
:10568000C046434602002900200000F014F8BDE89F
:10569000F081F8B5040015000026002C01D130007F
:1056A00008E0B4F1005F01D3CBF750F8E700380011
:1056B000CEF708F8F2BD2DE9F84305000E001700FB
:1056C0009846310008200800C0460400002C0CD089
:1056D0004046C046C04681463800C046C0464A469D
:1056E0000100200000F004F800E00020BDE8F18394
:1056F000F8B504000D0016002000F5F736F909484A
:1057000020602800C046C04607003000C046C046A2
:105710003B00020004480178201D00F007F820003B
:10572000F2BD00BF44A7040832E4020870B50400CB
:1057300015001E002800C046C04601002000F2F7F8
:10574000BEF93000C046C046200070BD2DE9FC41C6
:1057500005000E00280000F023F801006846C0464E
:10576000C0463400002C01D1012700E0002738009A
:10577000C0B2002804D00121684600F017F80400E8
:10578000280000F00DF88046280000F017F802000D
:1057900043462100684600F017F82000BDE8F68176
:1057A00010B50400201DC046C04610BD38B5040029
:1057B0000D002900200000F01CF832BD10B50400D7
:1057C000201DC046C04610BD2DE9F04104000D006B
:1057D00016001F003800C046C04680463000C04654
:1057E000C046434602002900200000F00BF8BDE847
:1057F000F08138B504000D0001220021280000F0DE
:1058000016F832BD2DE9F04104000D0016001F000E
:105810003800C046C04680463000C046C0464346B9
:1058200002002900200000F014F8BDE8F081F8B56E
:10583000040015000026002C01D1300008E0B4F16E
:10584000005F01D3CAF782FFE7003800CDF73AFFC7
:10585000F2BD2DE9F84305000E001700984631000F
:1058600008200800C0460400002C0CD04046C0466A
:10587000C04681463800C046C0464A460100200066
:1058800000F004F800E00020BDE8F183F8B5040062
:105890000D0016002000F4F786F809482060280063
:1058A000C046C04607003000C046C0463B0002006C
:1058B00004480178201D00F007F82000F2BD00BF69
:1058C00068A7040873E4020870B5040015001E0000
:1058D0002800C046C04601002000F2F7F0F8300072
:1058E000C046C04600682060200070BD2DE9FC4124
:1058F00005000E00280000F023F801006846C046AD
:10590000C0463400002C01D1012700E000273800F8
:10591000C0B2002804D00121684600F017F8040046
:10592000280000F00DF88046280000F017F802006B
:1059300043462100684600F017F82000BDE8F681D4
:1059400010B50400201DC046C04610BD38B5040087
:105950000D002900200000F01CF832BD10B5040035
:10596000201DC046C04610BD2DE9F04104000D00C9
:1059700016001F003800C046C04680463000C046B2
:10598000C046434602002900200000F00BF8BDE8A5
:10599000F08138B504000D0001220021280000F03C
:1059A00016F832BD2DE9F04104000D0016001F006D
:1059B0003800C046C04680463000C046C046434618
:1059C00002002900200000F014F8BDE8F081F8B5CD
:1059D000040015000026002C01D1300008E0B4F1CD
:1059E000005F01D3CAF7B2FEE7003800CDF76AFEC8
:1059F000F2BD2DE9F84305000E001700984631006E
:105A000008200800C0460400002C0CD04046C046C8
:105A1000C04681463800C046C0464A4601002000C4
:105A200000F004F800E00020BDE8F183F8B50400C0
:105A30000D0016002000F4F7F8FF09482060280048
:105A4000C046C04607003000C046C0463B000200CA
:105A500004480178201D00F007F82000F2BD00BFC7
:105A60008CA704089A0B030870B5040015001E00EB
:105A70002800C046C04601002000F2F720F83000A0
:105A8000C046C04600682060200070BD2DE9FC4182
:105A900005000E00280000F023F801006846C0460B
:105AA000C0463400002C01D1012700E00027380057
:105AB000C0B2002804D00121684600F017F80400A5
:105AC000280000F00DF88046280000F017F80200CA
:105AD00043462100684600F017F82000BDE8F68133
:105AE00010B50400201DC046C04610BD38B50400E6
:105AF0000D002900200000F01CF832BD10B5040094
:105B0000201DC046C04610BD2DE9F04104000D0027
:105B100016001F003800C046C04680463000C04610
:105B2000C046434602002900200000F00BF8BDE803
:105B3000F08138B504000D0001220021280000F09A
:105B400016F832BD2DE9F04104000D0016001F00CB
:105B50003800C046C04680463000C046C046434676
:105B600002002900200000F014F8BDE8F081F8B52B
:105B7000040015000026002C01D1300008E0B4F12B
:105B8000005F01D3CAF7E2FDE7003800CDF79AFDC8
:105B9000F2BD2DE9F84305000E00170098463100CC
:105BA00008200800C0460400002C0CD04046C04627
:105BB000C04681463800C046C0464A460100200023
:105BC00000F004F800E00020BDE8F183F8B504001F
:105BD0000D0016002000EEF7E8FF094820602800BD
:105BE000C046C04607003000C046C0463B00020029
:105BF00004480178201D00F007F82000F2BD00BF26
:105C000064A804081771030870B5040015001E008D
:105C10002800C046C04601002000F1F750FF3000C8
:105C2000C046C04600682060200070BD2DE9FC41E0
:105C300005000E00280000F023F801006846C04669
:105C4000C0463400002C01D1012700E000273800B5
:105C5000C0B2002804D00121684600F017F8040003
:105C6000280000F00DF88046280000F017F8020028
:105C700043462100684600F017F82000BDE8F68191
:105C800010B50400201DC046C04610BD38B5040044
:105C90000D002900200000F01CF832BD10B50400F2
:105CA000201DC046C04610BD2DE9F04104000D0086
:105CB00016001F003800C046C04680463000C0466F
:105CC000C046434602002900200000F00BF8BDE862
:105CD000F08138B504000D0001220021280000F0F9
:105CE00016F832BD2DE9F04104000D0016001F002A
:105CF0003800C046C04680463000C046C0464346D5
:105D000002002900200000F014F8BDE8F081F8B589
:105D1000040015000026002C01D1300008E0B4F189
:105D2000005F01D3CAF712FDE7003800CDF7CAFCC7
:105D3000F2BD2DE9F84305000E001700984631002A
:105D400008200800C0460400002C0CD04046C04685
:105D5000C04681463800C046C0464A460100200081
:105D600000F004F800E00020BDE8F183F8B504007D
:105D70000D0016002000EEF718FF094820602800EB
:105D8000C046C04607003000C046C0463B00020087
:105D900004480178201D00F007F82000F2BD00BF84
:105DA00088A804089771030870B5040015001E0048
:105DB0002800C046C04601002000F1F780FE3000F8
:105DC000C046C04600682060200070BD2DE9FC413F
:105DD00005000E00280000F023F801006846C046C8
:105DE000C0463400002C01D1012700E00027380014
:105DF000C0B2002804D00121684600F017F8040062
:105E0000280000F00DF88046280000F017F8020086
:105E100043462100684600F017F82000BDE8F681EF
:105E200010B50400201DC046C04610BD38B50400A2
:105E30000D002900200000F01CF832BD10B5040050
:105E4000201DC046C04610BD2DE9F04104000D00E4
:105E500016001F003800C046C04680463000C046CD
:105E6000C046434602002900200000F00BF8BDE8C0
:105E7000F08138B504000D0001220021280000F057
:105E800016F832BD2DE9F04104000D0016001F0088
:105E90003800C046C04680463000C046C046434633
:105EA00002002900200000F014F8BDE8F081F8B5E8
:105EB000040015000026002C01D1300008E0B4F1E8
:105EC000005F01D3CAF742FCE7003800CDF7FAFBC8
:105ED000F2BD2DE9F84305000E0017009846310089
:105EE00008200800C0460400002C0CD04046C046E4
:105EF000C04681463800C046C0464A4601002000E0
:105F000000F004F800E00020BDE8F183F8B50400DB
:105F10000D0016002000EEF748FE0948206028001A
:105F2000C046C04607003000C046C0463B000200E5
:105F300004480178201D00F007F82000F2BD00BFE2
:105F4000ACA804083779030870B5040015001E00DA
:105F50002800C046C04601002000F1F7B0FD300027
:105F6000C046C04600682060200070BD2DE9FC419D
:105F700005000E00280000F023F801006846C04626
:105F8000C0463400002C01D1012700E00027380072
:105F9000C0B2002804D00121684600F017F80400C0
:105FA000280000F00DF88046280000F017F80200E5
:105FB00043462100684600F017F82000BDE8F6814E
:105FC00010B50400201DC046C04610BD38B5040001
:105FD0000D002900200000F01CF832BD10B50400AF
:105FE000201DC046C04610BD2DE9F04104000D0043
:105FF00016001F003800C046C04680463000C0462C
:10600000C046434602002900200000F00BF8BDE81E
:10601000F08138B504000D0001220021280000F0B5
:1060200016F832BD2DE9F04104000D0016001F00E6
:106030003800C046C04680463000C046C046434691
:1060400002002900200000F014F8BDE8F081F8B546
:10605000040015000026002C01D1300008E0B4F146
:10606000005F01D3CAF772FBE7003800CDF72AFBC7
:10607000F2BD2DE9F84305000E00170098463100E7
:1060800008200800C0460400002C0CD04046C04642
:10609000C04681463800C046C0464A46010020003E
:1060A00000F004F800E00020BDE8F183F8B504003A
:1060B0000D0016002000EEF778FD0948206028004A
:1060C000C046C04607003000C046C0463B00020044
:1060D00004480178201D00F007F82000F2BD00BF41
:1060E000D0A80408E779030870B5040015001E0065
:1060F0002800C046C04601002000F1F7E0FC300057
:10610000C046C04600682060200070BD2DE9FC41FB
:1061100005000E00280000F023F801006846C04684
:10612000C0463400002C01D1012700E000273800D0
:10613000C0B2002804D00121684600F017F804001E
:10614000280000F00DF88046280000F017F8020043
:1061500043462100684600F017F82000BDE8F681AC
:1061600010B50400201DC046C04610BD38B504005F
:106170000D002900200000F01CF832BD10B504000D
:10618000201DC046C04610BD2DE9F04104000D00A1
:1061900016001F003800C046C04680463000C0468A
:1061A000C046434602002900200000F00BF8BDE87D
:1061B000F08138B504000D0001220021280000F014
:1061C00016F832BD2DE9F04104000D0016001F0045
:1061D0003800C046C04680463000C046C0464346F0
:1061E00002002900200000F014F8BDE8F081F8B5A5
:1061F000040015000026002C01D1300008E0B4F1A5
:10620000005F01D3CAF7A2FAE7003800CDF75AFAC7
:10621000F2BD2DE9F84305000E0017009846310045
:1062200008200800C0460400002C0CD04046C046A0
:10623000C04681463800C046C0464A46010020009C
:1062400000F004F800E00020BDE8F183F8B5040098
:106250000D0016002000F3F7A6FB09482060280077
:10626000C046C04607003000C046C0463B000200A2
:1062700004480178201D00F007F82000F2BD00BF9F
:10628000F4A80408837B030870B5040015001E0001
:106290002800C046C04601002000F1F710FC300085
:1062A000C046C04600682060200070BD2DE9FC415A
:1062B00005000E00280000F023F801006846C046E3
:1062C000C0463400002C01D1012700E0002738002F
:1062D000C0B2002804D00121684600F017F804007D
:1062E000280000F00DF88046280000F017F80200A2
:1062F00043462100684600F017F82000BDE8F6810B
:1063000010B50400201DC046C04610BD38B50400BD
:106310000D002900200000F01CF832BD10B504006B
:10632000201DC046C04610BD2DE9F04104000D00FF
:1063300016001F003800C046C04680463000C046E8
:10634000C046434602002900200000F00BF8BDE8DB
:10635000F08138B504000D0001220021280000F072
:1063600016F832BD2DE9F04104000D0016001F00A3
:106370003800C046C04680463000C046C04643464E
:1063800002002900200000F014F8BDE8F081F8B503
:10639000040015000026002C01D1300008E0B4F103
:1063A000005F01D3CAF7D2F9E7003800CDF78AF9C8
:1063B000F2BD2DE9F84305000E00170098463100A4
:1063C00008200800C0460400002C0CD04046C046FF
:1063D000C04681463800C046C0464A4601002000FB
:1063E00000F004F800E00020BDE8F183F8B50400F7
:1063F0000D0016002000EEF7D8FB094820602800A9
:10640000C046C04607003000C046C0463B00020000
:1064100004480178201D00F007F82000F2BD00BFFD
:1064200018A90408568A030870B5040015001E0058
:106430002800C046C04601002000F1F740FB3000B4
:10644000C046C04600682060200070BD2DE9FC41B8
:1064500005000E00280000F023F801006846C04641
:10646000C0463400002C01D1012700E0002738008D
:10647000C0B2002804D00121684600F017F80400DB
:10648000280000F00DF88046280000F017F8020000
:1064900043462100684600F017F82000BDE8F68169
:1064A00010B50400201DC046C04610BD38B504001C
:1064B0000D002900200000F01CF832BD10B50400CA
:1064C000201DC046C04610BD2DE9F04104000D005E
:1064D00016001F003800C046C04680463000C04647
:1064E000C046434602002900200000F00BF8BDE83A
:1064F000F08138B504000D0001220021280000F0D1
:1065000016F832BD2DE9F04104000D0016001F0001
:106510003800C046C04680463000C046C0464346AC
:1065200002002900200000F014F8BDE8F081F8B561
:10653000040015000026002C01D1300008E0B4F161
:10654000005F01D3CAF702F9E7003800CDF7BAF8C7
:10655000F2BD2DE9F84305000E0017009846310002
:1065600008200800C0460400002C0CD04046C0465D
:10657000C04681463800C046C0464A460100200059
:1065800000F004F800E00020BDE8F183F8B5040055
:106590000D0016002000F3F706FA094820602800D5
:1065A000C046C04607003000C046C0463B0002005F
:1065B00004480178201D00F007F82000F2BD00BF5C
:1065C0003CA904080692030870B5040015001E00DB
:1065D0002800C046C04601002000F1F770FA3000E4
:1065E000C046C04600682060200070BD2DE9FC4117
:1065F00005000E00280000F023F801006846C046A0
:10660000C0463400002C01D1012700E000273800EB
:10661000C0B2002804D00121684600F017F8040039
:10662000280000F00DF88046280000F017F802005E
:1066300043462100684600F017F82000BDE8F681C7
:1066400010B50400201DC046C04610BD38B504007A
:106650000D002900200000F01CF832BD10B5040028
:10666000201DC046C04610BD2DE9F04104000D00BC
:1066700016001F003800C046C04680463000C046A5
:10668000C046434602002900200000F00BF8BDE898
:10669000F08138B504000D0001220021280000F02F
:1066A00016F832BD2DE9F04104000D0016001F0060
:1066B0003800C046C04680463000C046C04643460B
:1066C00002002900200000F014F8BDE8F081F8B5C0
:1066D000040015000026002C01D1300008E0B4F1C0
:1066E000005F01D3CAF732F8E7003800CCF7EAFFC1
:1066F000F2BD2DE9F84305000E0017009846310061
:1067000008200800C0460400002C0CD04046C046BB
:10671000C04681463800C046C0464A4601002000B7
:1067200000F004F800E00020BDE8F183F8B50400B3
:106730000D0016002000EEF738FA09482060280006
:10674000C046C04607003000C046C0463B000200BD
:1067500004480178201D00F007F82000F2BD00BFBA
:1067600060A904083B98030870B5040015001E00DA
:106770002800C046C04601002000F1F7A0F9300013
:10678000C046C04600682060200070BD2DE9FC4175
:1067900005000E00280000F023F801006846C046FE
:1067A000C0463400002C01D1012700E0002738004A
:1067B000C0B2002804D00121684600F017F8040098
:1067C000280000F00DF88046280000F017F80200BD
:1067D00043462100684600F017F82000BDE8F68126
:1067E00010B50400201DC046C04610BD38B50400D9
:1067F0000D002900200000F01CF832BD10B5040087
:10680000201DC046C04610BD2DE9F04104000D001A
:1068100016001F003800C046C04680463000C04603
:10682000C046434602002900200000F00BF8BDE8F6
:10683000F08138B504000D0001220021280000F08D
:1068400016F832BD2DE9F04104000D0016001F00BE
:106850003800C046C04680463000C046C046434669
:1068600002002900200000F014F8BDE8F081F8B51E
:10687000040015000026002C01D1300008E0B4F11E
:10688000005F01D3C9F762FFE7003800CCF71AFFB9
:10689000F2BD2DE9F84305000E00170098463100BF
:1068A00008200800C0460400002C0CD04046C0461A
:1068B000C04681463800C046C0464A460100200016
:1068C00000F004F800E00020BDE8F183F8B5040012
:1068D0000D0016002000EEF768F909482060280036
:1068E000C046C04607003000C046C0463B0002001C
:1068F00004480178201D00F007F82000F2BD00BF19
:1069000084A90408839D030870B5040015001E00C7
:106910002800C046C04601002000F1F7D0F8300042
:10692000C046C04600682060200070BD2DE9FC41D3
:1069300005000E00280000F023F801006846C0465C
:10694000C0463400002C01D1012700E000273800A8
:10695000C0B2002804D00121684600F017F80400F6
:10696000280000F00DF88046280000F017F802001B
:1069700043462100684600F017F82000BDE8F68184
:1069800010B50400201DC046C04610BD38B5040037
:106990000D002900200000F01CF832BD10B50400E5
:1069A000201DC046C04610BD2DE9F04104000D0079
:1069B00016001F003800C046C04680463000C04662
:1069C000C046434602002900200000F00BF8BDE855
:1069D000F08138B504000D0001220021280000F0EC
:1069E00016F832BD2DE9F04104000D0016001F001D
:1069F0003800C046C04680463000C046C0464346C8
:106A000002002900200000F014F8BDE8F081F8B57C
:106A1000040015000026002C01D1300008E0B4F17C
:106A2000005F01D3C9F792FEE7003800CCF74AFEB9
:106A3000F2BD2DE9F84305000E001700984631001D
:106A400008200800C0460400002C0CD04046C04678
:106A5000C04681463800C046C0464A460100200074
:106A600000F004F800E00020BDE8F183F8B5040070
:106A70000D0016002000F2F796FF0948206028005C
:106A8000C046C04607003000C046C0463B0002007A
:106A900004480178201D00F007F82000F2BD00BF77
:106AA000A8A904084F9F030870B5040015001E0034
:106AB0002800C046C04601002000F1F700F8300071
:106AC000C046C04600682060200070BD2DE9FC4132
:106AD00005000E00280000F023F801006846C046BB
:106AE000C0463400002C01D1012700E00027380007
:106AF000C0B2002804D00121684600F017F8040055
:106B0000280000F00DF88046280000F017F8020079
:106B100043462100684600F017F82000BDE8F681E2
:106B200010B50400201DC046C04610BD38B5040095
:106B30000D002900200000F01CF832BD10B5040043
:106B4000201DC046C04610BD2DE9F04104000D00D7
:106B500016001F003800C046C04680463000C046C0
:106B6000C046434602002900200000F00BF8BDE8B3
:106B7000F08138B504000D0001220021280000F04A
:106B800016F832BD2DE9F04104000D0016001F007B
:106B90003800C046C04680463000C046C046434626
:106BA00002002900200000F014F8BDE8F081F8B5DB
:106BB000040015000026002C01D1300008E0B4F1DB
:106BC000005F01D3C9F7C2FDE7003800CCF77AFDBA
:106BD000F2BD2DE9F84305000E001700984631007C
:106BE00008200800C0460400002C0CD04046C046D7
:106BF000C04681463800C046C0464A4601002000D3
:106C000000F004F800E00020BDE8F183F8B50400CE
:106C10000D0016002000F2F7C6FE0948206028008B
:106C2000C046C04607003000C046C0463B000200D8
:106C300004480178201D00F007F82000F2BD00BFD5
:106C4000CCA904083AA4030870B5040015001E007E
:106C50002800C046C04601002000F0F730FF300099
:106C6000C046C04600682060200070BD2DE9FC4190
:106C700005000E00280000F023F801006846C04619
:106C8000C0463400002C01D1012700E00027380065
:106C9000C0B2002804D00121684600F017F80400B3
:106CA000280000F00DF88046280000F017F80200D8
:106CB00043462100684600F017F82000BDE8F68141
:106CC00010B50400201DC046C04610BD38B50400F4
:106CD0000D002900200000F01CF832BD10B50400A2
:106CE000201DC046C04610BD2DE9F04104000D0036
:106CF00016001F003800C046C04680463000C0461F
:106D0000C046434602002900200000F00BF8BDE811
:106D1000F08138B504000D0001220021280000F0A8
:106D200016F832BD2DE9F04104000D0016001F00D9
:106D30003800C046C04680463000C046C046434684
:106D400002002900200000F014F8BDE8F081F8B539
:106D5000040015000026002C01D1300008E0B4F139
:106D6000005F01D3C9F7F2FCE7003800CCF7AAFCBA
:106D7000F2BD2DE9F84305000E00170098463100DA
:106D800008200800C0460400002C0CD04046C04635
:106D9000C04681463800C046C0464A460100200031
:106DA00000F004F800E00020BDE8F183F8B504002D
:106DB0000D0016002000EDF7F8FE094820602800BD
:106DC000C046C04607003000C046C0463B00020037
:106DD00004480178201D00F007F82000F2BD00BF34
:106DE000F0A9040857A5030870B5040015001E009B
:106DF0002800C046C04601002000F0F760FE3000C9
:106E0000C046C04600682060200070BD2DE9FC41EE
:106E100005000E00280000F023F801006846C04677
:106E2000C0463400002C01D1012700E000273800C3
:106E3000C0B2002804D00121684600F017F8040011
:106E4000280000F00DF88046280000F017F8020036
:106E500043462100684600F017F82000BDE8F6819F
:106E600010B50400201DC046C04610BD38B5040052
:106E70000D002900200000F01CF832BD10B5040000
:106E8000201DC046C04610BD2DE9F04104000D0094
:106E900016001F003800C046C04680463000C0467D
:106EA000C046434602002900200000F00BF8BDE870
:106EB000F08138B504000D0001220021280000F007
:106EC00016F832BD2DE9F04104000D0016001F0038
:106ED0003800C046C04680463000C046C0464346E3
:106EE00002002900200000F014F8BDE8F081F8B598
:106EF000040015000026002C01D1300008E0B4F198
:106F0000005F01D3C9F722FCE7003800CCF7DAFBB9
:106F1000F2BD2DE9F84305000E0017009846310038
:106F200008200800C0460400002C0CD04046C04693
:106F3000C04681463800C046C0464A46010020008F
:106F400000F004F800E00020BDE8F183F8B504008B
:106F50000D0016002000F3F7C7FD09482060280047
:106F6000C046C04607003000C046C0463B00020095
:106F700004480178201D00F007F82000F2BD00BF92
:106F800014AA0408ED81000870B5040015001E0065
:106F90002800C046C04601002000F0F790FD3000F8
:106FA000C046C046200070BD2DE9FC4105000E0022
:106FB000280000F023F801006846C046C0463400AF
:106FC000002C01D1012700E000273800C0B20028C2
:106FD00004D00121684600F017F80400280000F0F2
:106FE0000DF88046280000F017F802004346210003
:106FF000684600F017F82000BDE8F68110B50400DF
:10700000201DC046C04610BD38B504000D00290043
:10701000200000F01CF832BD10B50400201DC04651
:10702000C04610BD2DE9F04104000D0016001F0000
:107030003800C046C04680463000C046C046434681
:1070400002002900200000F00BF8BDE8F08138B5FF
:1070500004000D0001220021280000F016F832BDC6
:107060002DE9F04104000D0016001F003800C04655
:10707000C04680463000C046C04643460200290054
:10708000200000F014F8BDE8F081F8B50400150008
:107090000026002C01D1300008E0B4F1005F01D3DC
:1070A000C9F754FBE7003800CCF70CFBF2BD2DE923
:1070B000F84305000E00170098463100082008002C
:1070C000C0460400002C0CD04046C046C046814655
:1070D0003800C046C0464A460100200000F004F8CF
:1070E00000E00020BDE8F183F8B504000D001600B3
:1070F0002000F3F7F9FC094820602800C046C0468C
:1071000007003000C046C0463B000200044801783A
:10711000201D00F007F82000F2BD00BF38AA0408C7
:10712000EF81000870B5040015001E002800C0465D
:10713000C04601002000F0F7C2FC3000C046C04647
:10714000200070BD2DE9FC4105000E00280000F074
:1071500023F801006846C046C0463400002C01D127
:10716000012700E000273800C0B2002804D0012128
:10717000684600F017F80400280000F00DF880467B
:10718000280000F017F8020043462100684600F08E
:1071900017F82000BDE8F68110B50400201DC04698
:1071A000C04610BD38B504000D002900200000F0D5
:1071B0001CF832BD10B50400201DC046C04610BDED
:1071C0002DE9F04104000D0016001F003800C046F4
:1071D000C04680463000C046C046434602002900F3
:1071E000200000F00BF8BDE8F08138B504000D0078
:1071F00001220021280000F016F832BD2DE9F041EF
:1072000004000D0016001F003800C046C04680462E
:107210003000C046C046434602002900200000F06E
:1072200014F8BDE8F081F8B5040015000026002C24
:1072300001D1300008E0B4F1005F01D3C9F786FA4C
:10724000E7003800CCF73EFAF2BD2DE9F84305001F
:107250000E0017009846310008200800C0460400C0
:10726000002C0CD04046C046C04681463800C0467F
:10727000C0464A460100200000F004F800E000206B
:10728000BDE8F183F8B504000D0016002000F3F707
:107290002BFC094820602800C046C046070030008B
:1072A000C046C0463B00020004480178201D00F0A3
:1072B00007F82000F2BD00BF5CAA040833F90308F8
:1072C00070B5040015001E002800C046C04601002D
:1072D0002000F0F7F4FB3000C046C046200070BD2F
:1072E0002DE9FC4105000E00280000F023F8010004
:1072F0006846C046C0463400002C01D1012700E09A
:1073000000273800C0B2002804D00121684600F0F0
:1073100017F80400280000F00DF88046280000F05F
:1073200017F8020043462100684600F017F82000D5
:10733000BDE8F68110B50400201DC046C04610BD52
:1073400038B504000D002900200000F01CF832BD03
:1073500010B50400201DC046C04610BD2DE9F04107
:1073600004000D0016001F003800C046C0468046CD
:107370003000C046C046434602002900200000F00D
:107380000BF8BDE8F08138B504000D0001220021A2
:10739000280000F016F832BD2DE9F04104000D0080
:1073A00016001F003800C046C04680463000C04668
:1073B000C046434602002900200000F014F8BDE852
:1073C000F081F8B5040015000026002C01D1300032
:1073D00008E0B4F1005F01D3C9F7B8F9E70038005D
:1073E000CCF770F9F2BD2DE9F84305000E00170047
:1073F0009846310008200800C0460400002C0CD03C
:107400004046C046C04681463800C046C0464A464F
:107410000100200000F004F800E00020BDE8F18346
:10742000F8B504000D0016002000F3F75DFB0948D5
:1074300020602800C046C04607003000C046C04655
:107440003B00020004480178201D00F007F82000EE
:10745000F2BD00BF80AA04085307040870B50400F9
:1074600015001E002800C046C04601002000F0F7AD
:1074700026FB3000C046C046200070BD2DE9FC410F
:1074800005000E00280000F023F801006846C04601
:10749000C0463400002C01D1012700E0002738004D
:1074A000C0B2002804D00121684600F017F804009B
:1074B000280000F00DF88046280000F017F80200C0
:1074C00043462100684600F017F82000BDE8F68129
:1074D00010B50400201DC046C04610BD38B50400DC
:1074E0000D002900200000F01CF832BD10B504008A
:1074F000201DC046C04610BD2DE9F04104000D001E
:1075000016001F003800C046C04680463000C04606
:10751000C046434602002900200000F00BF8BDE8F9
:10752000F08138B504000D0001220021280000F090
:1075300016F832BD2DE9F04104000D0016001F00C1
:107540003800C046C04680463000C046C04643466C
:1075500002002900200000F014F8BDE8F081F8B521
:10756000040015000026002C01D1300008E0B4F121
:10757000005F01D3C9F7EAF8E7003800CCF7A2F8BA
:10758000F2BD2DE9F84305000E00170098463100C2
:1075900008200800C0460400002C0CD04046C0461D
:1075A000C04681463800C046C0464A460100200019
:1075B00000F004F800E00020BDE8F183F8B5040015
:1075C0000D0016002000F3F78FFA0948206028000C
:1075D000C046C04607003000C046C0463B0002001F
:1075E00004480178201D00F007F82000F2BD00BF1C
:1075F000A4AA04087B20040870B5040015001E002E
:107600002800C046C04601002000F0F758FA3000BC
:10761000C046C046200070BD2DE9FC4105000E00AB
:10762000280000F023F801006846C046C046340038
:10763000002C01D1012700E000273800C0B200284B
:1076400004D00121684600F017F80400280000F07B
:107650000DF88046280000F017F80200434621008C
:10766000684600F017F82000BDE8F68110B5040068
:10767000201DC046C04610BD38B504000D002900CD
:10768000200000F01CF832BD10B50400201DC046DB
:10769000C04610BD2DE9F04104000D0016001F008A
:1076A0003800C046C04680463000C046C04643460B
:1076B00002002900200000F00BF8BDE8F08138B589
:1076C00004000D0001220021280000F016F832BD50
:1076D0002DE9F04104000D0016001F003800C046DF
:1076E000C04680463000C046C046434602002900DE
:1076F000200000F014F8BDE8F081F8B50400150092
:107700000026002C01D1300008E0B4F1005F01D365
:10771000C9F71CF8E7003800CBF7D4FFF2BD2DE91C
:10772000F84305000E0017009846310008200800B5
:10773000C0460400002C0CD04046C046C0468146DE
:107740003800C046C0464A460100200000F004F858
:1077500000E00020BDE8F183F8B504000D0016003C
:107760002000F3F7C1F9094820602800C046C04650
:1077700007003000C046C0463B00020004480178C4
:10778000201D00F007F82000F2BD00BFC8AA0408C1
:107790004724040870B5040015001E002800C046E8
:1077A000C04601002000F0F78AF93000C046C0460C
:1077B000200070BD008420800E001E00C5D9FF7F10
:1077C00010002C00C7D9FF7F0E005800C7D9FF7FDB
:1077D00008006600C9D9FF7F08006E00CBD9FF7F83
:1077E0001C007600CBD9FF7F04009200B1D9FF7F47
:1077F0000A009600C3D9FF7F2000A000A1D9FF7F17
:1078000000000000B0AD388022001A0083C4FF7F62
:107810000E004E0085C4FF7F100068008FC4FF7FFC
:107820000800780091C4FF7F1000800093C4FF7FA0
:107830002000900077C4FF7F1A00B0008BC4FF7F48
:107840004400CA0067C4FF7F16000E018BC4FF7F8F
:1078500000000000B0AD388020001A003D67FF7FB7
:107860000E004C003F67FF7F100066004967FF7FF6
:10787000080076004B67FF7F10007E004D67FF7F9A
:1078800020008E003167FF7F1A00AE004567FF7F42
:107890004400C8002167FF7F16000C014567FF7F89
:1078A00000000000B0AD388020001A00A577FF7FEF
:1078B0000E004C00A777FF7F10006600B177FF7FB6
:1078C00008007600B377FF7F10007E00B577FF7F5A
:1078D00020008E009977FF7F1A00AE00AD77FF7F02
:1078E0004400C8008977FF7F16000C01AD77FF7F49
:1078F00000000000B0AD388020001A003BBBFF7FC5
:107900000E004C003DBBFF7F1000660047BBFF7FB1
:107910000800760049BBFF7F10007E004BBBFF7F55
:1079200020008E002FBBFF7F1A00AE0043BBFF7FFD
:107930004400C8001FBBFF7F16000C0143BBFF7F44
:1079400000000000B0AD388020001A00CFAFFF7FEC
:107950000E004C00D1AFFF7F10006600DBAFFF7F51
:1079600008007600DDAFFF7F10007E00DFAFFF7FF5
:1079700020008E00C3AFFF7F1A00AE00D7AFFF7F9D
:107980004400C800B3AFFF7F16000C01D7AFFF7FE4
:1079900000000000B0AD388020001A00538DFF7F3A
:1079A0000E004C00558DFF7F100066005F8DFF7F3D
:1079B00008007600618DFF7F10007E00638DFF7FE1
:1079C00020008E00478DFF7F1A00AE005B8DFF7F89
:1079D0004400C800378DFF7F16000C015B8DFF7FD0
:1079E00000000000B0AD388020001A005589FF7FEC
:1079F0000E004C005789FF7F100066006189FF7FF1
:107A0000080076006389FF7F10007E006589FF7F94
:107A100020008E004989FF7F1A00AE005D89FF7F3C
:107A20004400C8003989FF7F16000C015D89FF7F83
:107A300000000000B0AD388020001A009778FF7F6A
:107A40000E004C009978FF7F10006600A378FF7F3E
:107A500008007600A578FF7F10007E00A778FF7FE2
:107A600020008E008B78FF7F1A00AE009F78FF7F8A
:107A70004400C8007B78FF7F16000C019F78FF7FD1
:107A800000000000B0AD38801C001A0007C9FF7F5D
:107A90000E00480009C9FF7F1000620013C9FF7F74
:107AA0000800720015C9FF7F10007A0017C9FF7F18
:107AB00020008A00FBC8FF7F1A00AA000FC9FF7FC1
:107AC0004400C400EBC8FF7F160008010FC9FF7F08
:107AD000000000002000D6F77EFDCAF785F9684651
:107AE000C8F7F2F8CAF780F92000CEF781FF03A8A3
:107AF000CEF77EFFCAF778F906A8C8F7E5F8F3E7EE
:107B000005A8CEF775FFCAF76FF90EA8C8F7DCF81D
:107B1000F6E703A8CEF76CFFCAF766F906A8C8F720
:107B2000D3F8F6E700002115110E0D0C0B0B0A0A15
:107B300009090909090808080808080807070707C4
:107B40000707070707070707070000003031323330
:107B50003435363738396162636465666768696AE7
:107B60006B6C6D6E6F707172737475767778797AED
:107B700000000000D971FDFFD561FDFF397AFFFFDC
:107B80006504FEFFD5ACFDFFC9C9FCFFDDD2FCFFDB
:107B9000BD49FDFF416FFDFF7B16FDFF454FFDFF1A
:107BA0001DCCFCFFC94EFDFFE98EFDFFD9CDFDFFC9
:107BB0008D7FFCFF657EFDFFB1C9FDFFA177FDFF55
:107BC000B0AA0F8008003C00C1B0FF7F0E00440047
:107BD000C3B0FF7F2C005200C3B0FF7F12007E00B5
:107BE000C3B0FF7F1E009000C3B0FF7F0A00AE004D
:107BF00099B0FF7F0A00B800BDB0FF7F0C00C20043
:107C0000BDB0FF7F0000000004A8CEF7F1FECAF768
:107C1000EBF807A8D8F781FBF6E72000C8F754F87F
:107C2000CAF7E2F814F11800C8F74EF8F5E720009B
:107C3000D8F773FBCAF7D8F801A8CEF7D9FEF6E754
:107C400009A8CEF7D5FEF7E704A8CEF7D1FEF7E7EF
:107C50002000FAF70BFACAF7C7F81AA8C8F734F8E1
:107C6000F6E720A8D8F759FBF7E714A8C8F72CF8CF
:107C7000F7E74FF41E715046C7F750FEF5E708A826
:107C8000C8F722F8F5E70EA8C8F71EF8F7E705A829
:107C9000F9F71FF8E9E76846CDF7DEF8CAF7A4F868
:107CA00006A8C8F711F8CAF79FF80CA8C8F70CF88F
:107CB000F6E76846C8F708F8CAF796F86846CDF7B9
:107CC00076FFCAF791F814F15400C7F7FDFFCAF721
:107CD0008BF814F16C00C7F7F7FFF4E7B0AA158032
:107CE000280038008FC9FF7F0A00600091C9FF7F1C
:107CF0000A006A0093C9FF7F0800740095C9FF7FDE
:107D000022007C0095C9FF7F08009E007BC9FF7F91
:107D10000E00A6008DC9FF7F00000000B0AD1E80E0
:107D200044001C003DC8FF7F100060003FC8FF7F7B
:107D30000E0070003FC8FF7F18007E002FC8FF7F35
:107D40000800960037C8FF7F22009E0037C8FF7FDB
:107D50006A00C00017C8FF7F0000000070B5C9F7B7
:107D600061FF05466C6914B90020C9F79CFF206AC1
:107D7000401C206204F128063046CAF751F8022858
:107D80000FBF66682868401C28603046CAF71AF89A
:107D90003046BDE87040C9F79DBF000000842480D4
:107DA00007003E0000000000FEFFFFFF120032004F
:107DB00003CBFF7F1300320000000000FEFFFFFF37
:107DC0002A001A00E5CAFF7F37000E0000000000FD
:107DD000FEFFFFFF000000006846CEF709FECAF76D
:107DE00003F816A8C7F770FFF6E710A8C7F76CFFEF
:107DF000F7E704A8CEF7F4FDF7E703A8CEF7F8FD00
:107E0000C9F7F2FF0CA8C7F75FFFF6E706A8C7F7A8
:107E10005BFFF7E700000000000000008BCA0108CC
:107E2000F7A0020800000000DBA00208C3CA010896
:107E300000000000000000000DE6010851A2020849
:107E400023A2020833E6010869A10208AFA10208D3
:107E5000000000000000000073850108EF850108A4
:107E6000BBC900085D0101084D010108F18D010841
:107E700053850108E75A010883850108BD8501087B
:107E8000135C0108955C01088D8701080000000063
:107E90000000000073850108EF850108BBC90008D8
:107EA0005D0101084D010108D5E40408C1E404089E
:107EB000E75A010883850108BD850108135C0108A4
:107EC000955C0108B7C00108000000000000000038
:107ED0008BCA0108F7A0020800000000DBA002081E
:107EE000C3CA010800000000000000006D4802083D
:107EF00051A2020823A20208CD480208EF47020857
:107F00002748020800000000000000008BCA01089A
:107F1000F7A0020800000000DBA00208C3CA0108A5
:107F200000000000000000000DE6010851A2020858
:107F300023A202085B49020869A10208234902083A
:107F400000000000000000008BCA0108F7A0020832
:107F500000000000DBA00208C3CA01080000000006
:107F6000000000005B4C020851A2020823A2020894
:107F7000A94C020869A10208234C0208F8B50400C4
:107F80000D0016002000F1F70EFD094820602800C2
:107F9000C046C04607003000C046C0463B00020055
:107FA00004480178201D00F007F82000F2BD00BF52
:107FB00068A70408B2E4020870B5040015001E00AA
:107FC0002800C046C04601002000EFF778FD3000D1
:107FD000C046C04600682060200070BDF8B50400AF
:107FE0000D00200000F018F801006846C046C046A9
:107FF0002E00200000F010F8C046C0460700200008
:1080000000F010F8C046C04602003B003100684650
:1080100000F00EF83000F2BD10B50400201DC0467F
:10802000C04610BD10B50400201DC046C04610BD9E
:108030002DE9F04104000D0016001F003800C04675
:10804000C04680463000C046C04643460200290074
:10805000200000F002F8BDE8F0812DE9F0410400B5
:108060000D0016001F003800C046C0468046300094
:10807000C046C046434602002900200000F002F836
:10808000BDE8F0812DE9F84305000E001700984681
:10809000310008200800C0460400002C0CD04046E7
:1080A000C046C04681463800C046C0464A46010028
:1080B0002000FFF763FF00E00020BDE8F18300002F
:1080C000F8B504000D0016002000F2F7AEFC0948D8
:1080D00020602800C046C04607003000C046C046A9
:1080E0003B00020004480178201D00F007F8200042
:1080F000F2BD00BF8CA704089B0B030870B50400F9
:1081000015001E002800C046C04601002000EFF701
:10811000D6FC3000C046C04600682060200070BD1C
:10812000F8B504000D00200000F018F801006846C2
:10813000C046C0462E00200000F010F8C046C046E1
:108140000700200000F010F8C046C04602003B00C7
:108150003100684600F00EF83000F2BD10B50400A2
:10816000201DC046C04610BD10B50400201DC046ED
:10817000C04610BD2DE9F04104000D0016001F009F
:108180003800C046C04680463000C046C046434620
:1081900002002900200000F002F8BDE8F0812DE97E
:1081A000F04104000D0016001F003800C046C04614
:1081B00080463000C046C0464346020029002000E9
:1081C00000F002F8BDE8F0812DE9F84305000E004B
:1081D00017009846310008200800C0460400002C13
:1081E0000CD04046C046C04681463800C046C04616
:1081F0004A4601002000FFF763FF00E00020BDE8D1
:10820000F1830000F8B504000D0016002000F1F71E
:10821000CAFB094820602800C046C046070030005D
:10822000C046C0463B00020004480178201D00F013
:1082300007F82000F2BD00BFF4A80408A27C0308E0
:1082400070B5040015001E002800C046C04601009D
:108250002000EFF734FC3000C046C04600682060C4
:10826000200070BDF8B504000D00200000F018F8E3
:1082700001006846C046C0462E00200000F010F8FD
:10828000C046C0460700200000F010F8C046C046B7
:1082900002003B003100684600F00EF83000F2BDED
:1082A00010B50400201DC046C04610BD10B5040026
:1082B000201DC046C04610BD2DE9F04104000D0050
:1082C00016001F003800C046C04680463000C04639
:1082D000C046434602002900200000F002F8BDE835
:1082E000F0812DE9F04104000D0016001F00380058
:1082F000C046C04680463000C046C04643460200E5
:108300002900200000F002F8BDE8F0812DE9F843D3
:1083100005000E0017009846310008200800C046EE
:108320000400002C0CD04046C046C04681463800B0
:10833000C046C0464A4601002000FFF763FF00E048
:108340000020BDE8F1830000F8B504000D00160020
:108350002000F1F728FB094820602800C046C046ED
:1083600007003000C046C0463B00020004480178C8
:10837000201D00F007F82000F2BD00BF3CA9040852
:108380000792030870B5040015001E002800C046BF
:10839000C04601002000EFF792FB3000C046C04607
:1083A00000682060200070BDF8B504000D002000BA
:1083B00000F018F801006846C046C0462E002000B4
:1083C00000F010F8C046C0460700200000F010F88A
:1083D000C046C04602003B003100684600F00EF87F
:1083E0003000F2BD10B50400201DC046C04610BDCF
:1083F00010B50400201DC046C04610BD2DE9F04157
:1084000004000D0016001F003800C046C04680461C
:108410003000C046C046434602002900200000F05C
:1084200002F8BDE8F0812DE9F04104000D001600CE
:108430001F003800C046C04680463000C046C046D7
:10844000434602002900200000F002F8BDE8F08158
:108450002DE9F84305000E0017009846310008206A
:108460000800C0460400002C0CD04046C046C04660
:1084700081463800C046C0464A4601002000FFF74A
:1084800063FF00E00020BDE8F1830000F8B50400C0
:108490000D0016002000F1F786FA09482060280038
:1084A000C046C04607003000C046C0463B00020040
:1084B00004480178201D00F007F82000F2BD00BF3D
:1084C000A8A90408F69F030870B5040015001E0053
:1084D0002800C046C04601002000EFF7F0FA300047
:1084E000C046C04600682060200070BDF8B504009A
:1084F0000D00200000F018F801006846C046C04694
:108500002E00200000F010F8C046C04607002000F2
:1085100000F010F8C046C04602003B00310068463B
:1085200000F00EF83000F2BD10B50400201DC0466A
:10853000C04610BD10B50400201DC046C04610BD89
:108540002DE9F04104000D0016001F003800C04660
:10855000C04680463000C046C0464346020029005F
:10856000200000F002F8BDE8F0812DE9F0410400A0
:108570000D0016001F003800C046C046804630007F
:10858000C046C046434602002900200000F002F821
:10859000BDE8F0812DE9F84305000E00170098466C
:1085A000310008200800C0460400002C0CD04046D2
:1085B000C046C04681463800C046C0464A46010013
:1085C0002000FFF763FF00E00020BDE8F18300001A
:1085D000F8B504000D0016002000F1F7E4F9094891
:1085E00020602800C046C04607003000C046C04694
:1085F0003B00020004480178201D00F007F820002D
:10860000F2BD00BFCCA904083BA4030870B5040068
:1086100015001E002800C046C04601002000EFF7EC
:108620004EFA3000C046C04600682060200070BD91
:10863000F8B504000D00200000F018F801006846AD
:10864000C046C0462E00200000F010F8C046C046CC
:108650000700200000F010F8C046C04602003B00B2
:108660003100684600F00EF83000F2BD10B504008D
:10867000201DC046C04610BD10B50400201DC046D8
:10868000C04610BD2DE9F04104000D0016001F008A
:108690003800C046C04680463000C046C04643460B
:1086A00002002900200000F002F8BDE8F0812DE969
:1086B000F04104000D0016001F003800C046C046FF
:1086C00080463000C046C0464346020029002000D4
:1086D00000F002F8BDE8F0812DE9F84305000E0036
:1086E00017009846310008200800C0460400002CFE
:1086F0000CD04046C046C04681463800C046C04601
:108700004A4601002000FFF763FF00E00020BDE8BB
:10871000F183CAF7C8F937002800C7F731FF791C81
:10872000C9F781FD0090F9F70DF8C8F754FECAF7B4
:10873000BAF9002201212800C7F787FDFFF70EFBD9
:10874000F9F700F8F8F7FEFFC9F74EFBB0AE358039
:108750000A002A0075C1FF7F0800340077C1FF7F3F
:1087600006003C0077C1FF7F1400420077C1FF7F05
:108770000800560077C1FF7F92005E0077C1FF7F3F
:1087800000000000B0AA1580120042003BA5FF7F48
:108790001200540043A5FF7F1800660043A5FF7F29
:1087A0000A007E0023A5FF7F0A0088003DA5FF7F09
:1087B000120092003DA5FF7F00000000B0AD0C80CC
:1087C0000C00220057F4FF7F0C002E0059F4FF7FAD
:1087D00010003A005BF4FF7F94004A005DF4FF7FD5
:1087E0000600DE005DF4FF7F7600E4005DF4FF7FAD
:1087F00000000000B0AC39803C00600067B4FF7F2F
:1088000008009C0069B4FF7F0800A4006BB4FF7FE0
:108810000C00AC006BB4FF7F1C00B8006BB4FF7F92
:108820001600D4003FB4FF7F00000000B0AD3280DE
:108830000C00260085ADFF7F40005E0087ADFF7F06
:1088400010009E0089ADFF7F0800AE0089ADFF7F5C
:108850002800B6008BADFF7F4400DE0071ADFF7FC6
:1088600000000000B0AC39803C006000FBBAFF7F24
:1088700008009C00FDBAFF7F0800A400FFBAFF7F3C
:108880000C00AC00FFBAFF7F1C00B800FFBAFF7FEE
:108890001600D400D3BAFF7F0000000000000000E3
:1088A00000000000FD7E01080D7F010823C90008BB
:1088B0005D0101084D01010831820108C17E0108F6
:1088C000E75A0108D57E0108E77E0108135C01081C
:1088D000955C01080000000000000000573A010804
:1088E000D13A01083FC900085D0101084D010108A6
:1088F00035440108433A0108E75A0108673A01087C
:108900009F3A0108135C0108955C01080000000013
:10891000000000002BBB0108A5BB0108B7CA000876
:108920005D0101084D010108BDBF010817BB010829
:10893000E75A01083BBB010873BB0108135C01083F
:10894000955C01080000000000000000B7980108D5
:1089500031990108EBCA00085D0101084D010108C9
:10896000599E0108A3980108E75A0108C798010811
:10897000FF980108135C0108955C010800000000E5
:1089800000000000F18E0108119001082BCC0008B6
:108990005D0101084D010108AD910108DD8E01085E
:1089A000E75A0108018F0108FB8F0108135C0108D9
:1089B000955C0108000000000000000079770108C4
:1089C0008F7801086BCC00085D0101084D0101089A
:1089D0009579010865770108E75A01088977010848
:1089E00079780108135C0108955C0108000000001B
:1089F00000000000E76D0108676E010893CC0008D5
:108A00005D0101084D010108BB760108D36D010825
:108A1000E75A0108F76D0108356E0108135C01087B
:108A2000955C01080000000000000000B979010811
:108A3000C97901087BCD00085D0101084D010108DD
:108A4000B17E0108A5790108E75A0108115C010807
:108A5000815C0108135C0108955C010800000000BE
:108A600000000000D3A701084DA80108C7CF0008E7
:108A70005D0101084D01010821AE0108BFA70108F1
:108A8000E75A0108E3A701081BA80108135C0108C5
:108A9000955C01080000000000000000A992010898
:108AA000139301080FD000085D0101084D01010872
:108AB00081980108FF910108E75A0108B99201085D
:108AC000EB920108135C0108955C010800000000AE
:108AD0000000000079B30108ABB30108B7D100086A
:108AE0005D0101084D0101084FBA010865B3010895
:108AF000E75A010889B3010895B30108135C01081E
:108B0000955C01080000000000000000EDAE0108C7
:108B100043AF01087FD500085D0101084D01010840
:108B200001B30108D9AE0108E75A0108FDAE0108FA
:108B30002DAF0108135C0108955C010800000000DE
:108B400000000000F15B0108F35B010823C9000885
:108B50005D0101084D010108555C0108D15B010868
:108B6000E75A0108115C0108815C0108135C0108E7
:108B7000955C01080000000000000000179F01083C
:108B8000919F010887D500085D0101084D0101088A
:108B9000EDA60108039F0108E75A0108279F010875
:108BA0005F9F0108135C0108955C0108000000004C
:108BB00000000000778201088782010823C90008AD
:108BC0005D0101084D010108258501084182010868
:108BD000E75A01085582010861820108135C010807
:108BE000955C010830B5016884684218416802EB61
:108BF0005103C90703D54C4401E0491C05D19A42F1
:108C00000AD012F9011B12F8015B002904F8015B7C
:108C1000F3D4491EF7D5F2E70C3030BD0000000058
:108C2000000000008BCA0108A7CA0108000000006C
:108C300001E60108C3CA01080000000000000000AE
:108C40000DE601081BE6010827E6010833E60108E6
:108C500000000000000000008BCA0108CB49020898
:108C60000000000001E60108254B0208000000009A
:108C700000000000354A0208694A0208194B020840
:108C80002B4B020800000000000000008BCA010806
:108C900099FA0108000000007DFA0108C9FE0108E8
:108CA0000000000000000000E1FD01080DFE0108C9
:108CB000BDFE0108CFFE010800000000000000001A
:108CC0008BCA0108E345020800000000C7450208FE
:108CD0007347020800000000000000006946020817
:108CE000EF46020867470208794702082DE9F84372
:108CF00004000D0016003000C046C04607002800E2
:108D0000C046C0468046200000F009F83B004246BD
:108D10000100484600F009F8C0B2BDE8F28310B582
:108D20000400201DC046C04610BD2DE9F0410C00D6
:108D300015001E003000C046C04607002800C0468F
:108D4000C04680462000C046C0463A00414600F07A
:108D500003F8C0B2BDE8F0812DE9F04104000D0038
:108D600016003000C046C04607002800C046C04676
:108D700080462000C046C0463A00414600F003F855
:108D8000C0B2BDE8F0812DE9F04104000D001600ED
:108D90003000C046C04607002800C046C046804696
:108DA0002000C046C0463A00D8F80010D4F7BAFFF9
:108DB000C0B2BDE8F0812DE9F84304000D001600B3
:108DC0003000C046C04607002800C046C046804666
:108DD000200000F009F83B0042460100484600F040
:108DE00009F8C0B2BDE8F28310B50400201DC046EA
:108DF000C04610BD2DE9F0410C0015001E003000EA
:108E0000C046C04607002800C046C0468046200035
:108E1000C046C0463A00414600F003F8C0B2BDE883
:108E2000F0812DE9F04104000D0016003000C0462D
:108E3000C04607002800C046C04680462000C04605
:108E4000C0463A00414600F003F8C0B2BDE8F081E8
:108E50002DE9F04104000D0016003000C046C04668
:108E600007002800C046C04680462000C046C046D5
:108E70003A00D8F80010D4F75FFFC0B2BDE8F08127
:108E800080B500200549088000F013F800F015F8BF
:108E900000F017F800F019F801BD000010100040B4
:108EA0007047FEE7FEE7FEE7FEE770477047704752
:108EB000704780B500F00EF801BD80B500F01CF8D9
:108EC00001BD80B500F02EF801BD80B500F036F888
:108ED00001BD000010B5074C2088002804D0208870
:108EE0002088401E208004E0E4F7CEFC0A20208089
:108EF000208810BD9630002010B5094C208800282D
:108F000004D020882088401E208007E00022002115
:108F10000320CDF70FFA64202080208810BD00BF09
:108F20009A30002010B5F6F78CFE0400200080B2C5
:108F3000F6F7EEFEF6F73EFE10BD000010B5074C4A
:108F40002088002804D020882088401E208004E04B
:108F5000F6F74EFB0A202080208810BD80300020CC
:108F6000B0AA1B8026003000B79DFF7F2600560068
:108F7000B99DFF7F32007C00B99DFF7F1600AE00D7
:108F80009F9DFF7F1000C400B19DFF7F0000000087
:108F9000B0AD1C805A006C00AB9DFF7F6000C60026
:108FA000AD9DFF7F12002601AD9DFF7F340038018B
:108FB0009D9DFF7F3C006C01AB9DFF7F000000008A
:108FC000B0A90E8028003A004FB5FF7F0A0062006A
:108FD00051B5FF7F0A006C0053B5FF7F0800760093
:108FE00055B5FF7F48007E0055B5FF7F00000000AB
:108FF000B0AB1080220018007DABFF7F10003A005C
:109000007FABFF7F26004A0083ABFF7F0800700024
:109010006FABFF7F0E00780083ABFF7F0000000086
:109020004E31305F5F637878616269763132395FE3
:109030005F706F696E7465725F746F5F6D656D628E
:1090400065725F747970655F696E666F45000000D8
:109050002DE9F04104000D0016003000C046C04666
:1090600007002800C046C04680462000C046C046D3
:1090700002003968D8F8000012689047BDE8F08116
:109080002DE9F84304000D0016003000C046C0462C
:1090900007002800C046C04680462000FEF7C2FFF9
:1090A0003B0042460100484600F002F8BDE8F1836B
:1090B0002DE9F0410C0015001E003000C046C046EE
:1090C00007002800C046C04680462000C046C04673
:1090D0003A00414600F002F8BDE8F0812DE9F04188
:1090E00004000D0016003000C046C04607002800EE
:1090F000C046C04680462000C046C0463A004146B1
:10910000FFF7A6FFBDE8F0812DE9F04104000D0056
:1091100016003000C046C04607002800C046C046C2
:1091200080462000C046C04602003968B8F90000F9
:1091300012689047BDE8F0812DE9F84304000D0066
:1091400016003000C046C04607002800C046C04692
:1091500080462000FFF708F83B00424601004846E1
:1091600000F002F8BDE8F1832DE9F0410C00150094
:109170001E003000C046C04607002800C046C0465A
:1091800080462000C046C0463A00414600F002F842
:10919000BDE8F0812DE9F04104000D00160030001B
:1091A000C046C04607002800C046C0468046200092
:1091B000C046C0463A004146FFF7A6FFBDE8F08131
:1091C0002DE9F84304000D0016003000C046C046EB
:1091D00007002800C046C04680462000FFF766F81A
:1091E0003B0042460100484600F002F8BDE8F1832A
:1091F0002DE9F0410C0015001E003000C046C046AD
:1092000007002800C046C04680462000C046C04631
:109210003A00414600F002F8BDE8F0812DE9F04146
:1092200004000D0016003000C046C04607002800AC
:10923000C046C04680462000C046C0463A0041466F
:1092400000F002F8BDE8F0812DE9F04104000D00C6
:1092500016003000C046C04607002800C046C04681
:1092600080462000C046C0463A68D8F80010CFF7C4
:109270002BFEBDE8F0812DE9F84304000D00160037
:109280003000C046C04607002800C046C0468046A1
:109290002000FFF7ADF83B0042460100484600F0D1
:1092A00002F8BDE8F1832DE9F0410C0015001E0025
:1092B0003000C046C04607002800C046C046804671
:1092C0002000C046C0463A00414600F002F8BDE822
:1092D000F0812DE9F04104000D0016003000C04679
:1092E000C04607002800C046C04680462000C04651
:1092F000C0463A00414600F002F8BDE8F0812DE991
:10930000F04104000D0016003000C046C0460700C2
:109310002800C046C04680462000C046C0463A6885
:10932000D8F80010CDF74BFDBDE8F0812DE9F843EA
:1093300004000D0016003000C046C046070028009B
:10934000C046C04680462000FFF7F4F83B00424686
:109350000100484600F002F8BDE8F1832DE9F04134
:109360000C0015001E003000C046C0460700280053
:10937000C046C04680462000C046C0463A0041462E
:1093800000F002F8BDE8F0812DE9F04104000D0085
:1093900016003000C046C04607002800C046C04640
:1093A00080462000C046C0463A00414600F002F820
:1093B000BDE8F0812DE9F04104000D0016003000F9
:1093C000C046C04607002800C046C0468046200070
:1093D000C046C0463A68D8F80010CFF706FFBDE88F
:1093E000F0812DE9F84304000D0016003000C0465E
:1093F000C04607002800C046C04680462000FFF750
:109400003BF93B0042460100484600F002F8BDE847
:10941000F1832DE9F0410C0015001E003000C0461C
:10942000C04607002800C046C04680462000C0460F
:10943000C0463A00414600F002F8BDE8F0812DE94F
:10944000F04104000D0016003000C046C046070081
:109450002800C046C04680462000C046C0463A00AC
:10946000414600F002F8BDE8F0812DE9F04104002A
:109470000D0016003000C046C04607002800C04658
:10948000C04680462000C046C0463A68D8F8001062
:10949000D1F718FDBDE8F08138B504000D002000BB
:1094A00000F011F801006846C046C046210000F0F7
:1094B00010F82800C0B2002804D00122210068461C
:1094C00000F00FF831BD10B50400201DC046C046A5
:1094D00010BD38B504000D002900200000F00BF885
:1094E00031BD70B504000D001600320029002000C7
:1094F00000F009F870BD38B504000D002900200007
:1095000000F00AF831BD70B504000D0016003100FE
:10951000280000F009F870BD38B504000D002800DF
:1095200029680969884731BD38B504000D0020005D
:10953000C6F738FE31BD38B504000D00200000F03C
:1095400011F801006846C046C046210000F010F83E
:109550002800C0B2002804D001222100684600F093
:109560000FF831BD10B50400201DC046C04610BD27
:1095700038B504000D002900200000F00BF831BDC3
:1095800070B504000D00160032002900200000F024
:1095900009F870BD38B504000D002900200000F066
:1095A0000AF831BD70B504000D0016003100280026
:1095B00000F009F870BD38B504000D0028002968D6
:1095C0000969884731BD38B504000D002000C6F791
:1095D000E9FD31BD38B504000D00200000F011F8A0
:1095E00001006846C046C046210000F010F828007F
:1095F000C0B2002804D001222100684600F00FF814
:1096000031BD10B50400201DC046C04610BD38B5A0
:1096100004000D002900200000F00BF831BD70B5EA
:1096200004000D00160032002900200000F009F8A7
:1096300070BD38B504000D002900200000F00AF8C4
:1096400031BD70B504000D0016003100280000F097
:1096500009F870BD38B504000D00280029680969B3
:10966000884731BD38B504000D002000C6F79AFDCB
:1096700031BD38B504000D002000FEF7CDFC01001F
:109680006846C046C046210000F00AF82800C0B273
:10969000002804D001222100684600F009F831BDFD
:1096A00038B504000D002900200000F00BF831BD92
:1096B00070B504000D00160032002900200000F0F3
:1096C00009F870BD38B504000D002900200000F035
:1096D0000AF831BD70B504000D00160031002800F5
:1096E00000F009F870BD38B504000D0028002968A5
:1096F0000969884731BD38B504000D002000C6F760
:1097000051FD31BD38B504000D002000FEF726FDE7
:1097100001006846C046C046210000F00AF8280053
:10972000C0B2002804D001222100684600F009F8E8
:1097300031BD38B504000D002900200000F00BF801
:1097400031BD70B504000D00160032002900200064
:1097500000F009F870BD38B504000D0029002000A4
:1097600000F00AF831BD70B504000D00160031009C
:10977000280000F009F870BD38B504000D0028007D
:1097800029680969884731BD38B504000D002000FB
:10979000C6F708FD31BD38B504000D00200000F00B
:1097A00011F801006846C046C046210000F010F8DC
:1097B0002800C0B2002804D001222100684600F031
:1097C0000FF831BD10B50400201DC046C04610BDC5
:1097D00038B504000D002900200000F00BF831BD61
:1097E00070B504000D00160032002900200000F0C2
:1097F00009F870BD38B504000D002900200000F004
:109800000AF831BD70B504000D00160031002800C3
:1098100000F009F870BD38B504000D002800296873
:109820000969884731BD38B504000D002000C6F72E
:10983000B9FC31BD38B504000D00200000F011F86E
:1098400001006846C046C046210000F010F828001C
:10985000C0B2002804D001222100684600F00FF8B1
:1098600031BD10B50400201DC046C04610BD38B53E
:1098700004000D002900200000F00BF831BD70B588
:1098800004000D00160032002900200000F009F845
:1098900070BD38B504000D002900200000F00AF862
:1098A00031BD70B504000D0016003100280000F035
:1098B00009F870BD38B504000D0028002968096951
:1098C000884731BD38B504000D002000C6F76AFC9A
:1098D00031BD38B504000D00200000F011F8010082
:1098E0006846C046C046210000F010F82800C0B20B
:1098F000002804D001222100684600F00FF831BD95
:1099000010B50400201DC046C04610BD38B5040087
:109910000D002900200000F00BF831BD70B50400E7
:109920000D00160032002900200000F009F870BD7B
:1099300038B504000D002900200000F00AF831BD00
:1099400070B504000D0016003100280000F009F881
:1099500070BD38B504000D002800296809698847E2
:1099600031BD38B504000D002000C6F71BFC31BD29
:1099700038B504000D00200000F011F80100684621
:10998000C046C046210000F010F82800C0B20028F0
:1099900004D001222100684600F00FF831BD10B557
:1099A0000400201DC046C04610BD38B504000D009F
:1099B0002900200000F00BF831BD70B504000D0047
:1099C000160032002900200000F009F870BD38B5FB
:1099D00004000D002900200000F00AF831BD70B528
:1099E00004000D0016003100280000F009F870BDD9
:1099F00038B504000D00280029680969884731BD81
:109A000038B504000D002000C6F7CCFB31BD38B5D9
:109A100004000D002000FEF743FC01006846C0462C
:109A2000C046210000F00AF82800C0B2002804D087
:109A300001222100684600F009F831BD38B5040064
:109A40000D002900200000F00BF831BD70B50400B6
:109A50000D00160032002900200000F009F870BD4A
:109A600038B504000D002900200000F00AF831BDCF
:109A700070B504000D0016003100280000F009F850
:109A800070BD38B504000D002800296809698847B1
:109A900031BD38B504000D002000C6F783FB31BD91
:109AA00038B504000D00200000F011F801006846F0
:109AB000C046C046210000F010F82800C0B20028BF
:109AC00004D001222100684600F00FF831BD10B526
:109AD0000400201DC046C04610BD38B504000D006E
:109AE0002900200000F00BF831BD70B504000D0016
:109AF000160032002900200000F009F870BD38B5CA
:109B000004000D002900200000F00AF831BD70B5F6
:109B100004000D0016003100280000F009F870BDA7
:109B200038B504000D00280029680969884731BD4F
:109B300038B504000D002000C6F734FB31BD38B540
:109B400004000D002000FEF74DFC01006846C046F1
:109B5000C046210000F00AF82800C0B2002804D056
:109B600001222100684600F009F831BD38B5040033
:109B70000D002900200000F00BF831BD70B5040085
:109B80000D00160032002900200000F009F870BD19
:109B900038B504000D002900200000F00AF831BD9E
:109BA00070B504000D0016003100280000F009F81F
:109BB00070BD38B504000D00280029680969884780
:109BC00031BD38B504000D002000C6F7EBFA31BDF9
:109BD00038B504000D00200000F011F801006846BF
:109BE000C046C046210000F010F82800C0B200288E
:109BF00004D001222100684600F00FF831BD10B5F5
:109C00000400201DC046C04610BD38B504000D003C
:109C10002900200000F00BF831BD70B504000D00E4
:109C2000160032002900200000F009F870BD38B598
:109C300004000D002900200000F00AF831BD70B5C5
:109C400004000D0016003100280000F009F870BD76
:109C500038B504000D00280029680969884731BD1E
:109C600038B504000D002000C6F79CFA31BD38B5A8
:109C700004000D00200000F011F801006846C04605
:109C8000C046210000F010F82800C0B2002804D01F
:109C900001222100684600F00FF831BD10B5040024
:109CA000201DC046C04610BD38B504000D00290077
:109CB000200000F00BF831BD70B504000D00160057
:109CC00032002900200000F009F870BD38B504000A
:109CD0000D002900200000F00AF831BD70B5040025
:109CE0000D0016003100280000F009F870BD38B5ED
:109CF00004000D00280029680969884731BD38B57E
:109D000004000D002000C6F74DFA31BD38B504003F
:109D10000D002000FEF708FC01006846C046C04662
:109D2000210000F00AF82800C0B2002804D0012267
:109D30002100684600F009F831BD38B504000D0077
:109D40002900200000F00BF831BD70B504000D00B3
:109D5000160032002900200000F009F870BD38B567
:109D600004000D002900200000F00AF831BD70B594
:109D700004000D0016003100280000F009F870BD45
:109D800038B504000D00280029680969884731BDED
:109D900038B504000D002000C6F704FA31BD38B50F
:109DA00004000D002000FEF761FC01006846C0467B
:109DB000C046210000F00AF82800C0B2002804D0F4
:109DC00001222100684600F009F831BD38B50400D1
:109DD0000D002900200000F00BF831BD70B5040023
:109DE0000D00160032002900200000F009F870BDB7
:109DF00038B504000D002900200000F00AF831BD3C
:109E000070B504000D0016003100280000F009F8BC
:109E100070BD38B504000D0028002968096988471D
:109E200031BD38B504000D002000C6F7BBF931BDC7
:109E300038B504000D00200000F011F8010068465C
:109E4000C046C046210000F010F82800C0B200282B
:109E500004D001222100684600F00FF831BD10B592
:109E60000400201DC046C04610BD38B504000D00DA
:109E70002900200000F00BF831BD70B504000D0082
:109E8000160032002900200000F009F870BD38B536
:109E900004000D002900200000F00AF831BD70B563
:109EA00004000D0016003100280000F009F870BD14
:109EB00038B504000D00280029680969884731BDBC
:109EC00038B504000D002000C6F76CF931BD38B577
:109ED00004000D00200000F011F801006846C046A3
:109EE000C046210000F010F82800C0B2002804D0BD
:109EF00001222100684600F00FF831BD10B50400C2
:109F0000201DC046C04610BD38B504000D00290014
:109F1000200000F00BF831BD70B504000D001600F4
:109F200032002900200000F009F870BD38B50400A7
:109F30000D002900200000F00AF831BD70B50400C2
:109F40000D0016003100280000F009F870BD38B58A
:109F500004000D00280029680969884731BD38B51B
:109F600004000D002000C6F71DF931BD38B504000E
:109F70000D00200000F011F801006846C046C04600
:109F8000210000F010F82800C0B2002804D00122FF
:109F90002100684600F00FF831BD10B50400201D07
:109FA000C046C04610BD38B504000D002900200091
:109FB00000F00BF831BD70B504000D001600320042
:109FC0002900200000F009F870BD38B504000D002C
:109FD0002900200000F00AF831BD70B504000D0022
:109FE00016003100280000F009F870BD38B50400F3
:109FF0000D00280029680969884731BD38B504007B
:10A000000D002000C6F7CEF831BD38B504000D00B4
:10A01000200000F011F801006846C046C04621004B
:10A0200000F010F82800C0B2002804D0012221005E
:10A03000684600F00FF831BD10B50400201DC04681
:10A04000C04610BD38B504000D002900200000F006
:10A050000BF831BD70B504000D0016003200290068
:10A06000200000F009F870BD38B504000D0029008B
:10A07000200000F00AF831BD70B504000D00160094
:10A080003100280000F009F870BD38B504000D005B
:10A09000280029680969884731BD38B504000D00DA
:10A0A0002000C6F77FF831BD38B504000D00200050
:10A0B00000F011F801006846C046C046210000F0DB
:10A0C00010F82800C0B2002804D001222100684600
:10A0D00000F00FF831BD10B50400201DC046C04689
:10A0E00010BD38B504000D002900200000F00BF869
:10A0F00031BD70B504000D001600320029002000AB
:10A1000000F009F870BD38B504000D0029002000EA
:10A1100000F00AF831BD70B504000D0016003100E2
:10A12000280000F009F870BD38B504000D002800C3
:10A1300029680969884731BD38B504000D00200041
:10A14000C6F730F831BD38B504000D00200000F02E
:10A1500011F801006846C046C046210000F010F822
:10A160002800C0B2002804D001222100684600F077
:10A170000FF831BD10B50400201DC046C04610BD0B
:10A1800038B504000D002900200000F00BF831BDA7
:10A1900070B504000D00160032002900200000F008
:10A1A00009F870BD38B504000D002900200000F04A
:10A1B0000AF831BD70B504000D001600310028000A
:10A1C00000F009F870BD38B504000D0028002968BA
:10A1D0000969884731BD38B504000D002000C5F776
:10A1E000E1FF31BD38B504000D00200000F011F88A
:10A1F00001006846C046C046210000F010F8280063
:10A20000C0B2002804D001222100684600F00FF8F7
:10A2100031BD10B50400201DC046C04610BD38B584
:10A2200004000D002900200000F00BF831BD70B5CE
:10A2300004000D00160032002900200000F009F88B
:10A2400070BD38B504000D002900200000F00AF8A8
:10A2500031BD70B504000D0016003100280000F07B
:10A2600009F870BD38B504000D0028002968096997
:10A27000884731BD38B504000D002000C5F792FFB6
:10A2800031BD00000000000000000000135F010865
:10A29000CD5C0108B7600108F15E01084D010108BD
:10A2A000D9610108B95C01085D6101080000000086
:10A2B000FEB505000C002000C046C046070028007F
:10A2C000C046C0460600390083B068461422C1F774
:10A2D000E7FA0EBC3000D6F763FBFEBDFEB5050005
:10A2E0000C002000C046C04607002800C046C046FB
:10A2F0000600390083B068461422C1F7D1FA0EBCBB
:10A300003000D6F761FBFEBDFEB505000C00200055
:10A31000C046C04607002800C046C04606003900B7
:10A3200083B068461422C1F7BBFA0EBC3000D6F7E2
:10A330005FFBFEBDFEB505000C002000C046C04618
:10A3400007002800C046C0460600390083B06846B2
:10A350001422C1F7A5FA0EBC3000D6F75DFBFEBD96
:10A36000FEB505000C002000C046C04607002800CE
:10A37000C046C0460600390083B068461422C1F7C3
:10A380008FFA0EBC3000D6F75BFBFEBDFEB50500B4
:10A390000C002000C046C04607002800C046C0464A
:10A3A0000600390083B068461422C1F779FA0EBC62
:10A3B0003000D6F759FBFEBDC8F775FB09E03744FE
:10A3C0003846A84705E0C8F76EFBC8F75DFBF7F70E
:10A3D000B9F9B845F3D3FDF7C1FCF7F7B3F9C7F7FF
:10A3E00003FD0000B0AA1B8010003200EDD9FF7FF2
:10A3F0000C004200EFD9FF7F08004E00EFD9FF7F2D
:10A400002C005600EFD9FF7F00000000B0AF26807F
:10A410006E002E00C9A0FF7F3200A600CBA0FF7FF8
:10A4200032001601CDA0FF7F3200DA01CFA0FF7FFE
:10A4300000000000B0AD26800E003A006961FF7F89
:10A440000E0080006B61FF7F0600E0006D61FF7F02
:10A450004C00E6006F61FF7F00000000B0AD268079
:10A460000E007600495DFF7F0E00BC004B5DFF7F54
:10A4700006001C014D5DFF7F4C0022014F5DFF7FF8
:10A4800000000000B0AB2C8010001800218BFF7F73
:10A4900010003400238BFF7F08004400258BFF7FD2
:10A4A00038004C00278BFF7F00000000C8F7FBFA44
:10A4B000B04509D04046EDF762FE01003800EDF7E7
:10A4C00064FE18F51E78F3E7FDF748FCF7F73AF954
:10A4D000C7F78AFCC8F7E7FAB04509D04046EDF760
:10A4E0004EFE01003800EDF750FE18F51E78F3E738
:10A4F000FDF734FCF7F726F9C7F776FCC8F7D3FA6F
:10A50000B04509D04046EDF73AFE01003800EDF7BE
:10A510003CFE18F51E78F3E7FDF720FCF7F712F97B
:10A52000C7F762FCC8F7BFFAB04509D04046D6F776
:10A5300029FE01003800E6F7FCFC18F11808F3E7E3
:10A54000FDF70CFCF7F7FEF8C7F74EFCC8F7ABFABF
:10A55000B04509D04046D6F715FE01003800E6F7B1
:10A56000E8FC18F11808F3E7FDF7F8FBF7F7EAF84D
:10A57000C7F73AFC0000000000000000BFE8010837
:10A5800079E6010883E901089DE801084D01010809
:10A59000B1EA010865E6010829EA010800000000A7
:10A5A00000000000DD160508DD160508DD160508AB
:10A5B0005D0101084D010108835B0108955A0108FE
:10A5C000E75A01084E31305F5F63787861626976DF
:10A5D0003132335F5F66756E64616D656E74616C98
:10A5E0005F747970655F696E666F45004E31305FEC
:10A5F0005F637878616269763132305F5F73695F7B
:10A60000636C6173735F747970655F696E666F45C3
:10A61000000000004E31305F5F63787861626976D8
:10A620003132315F5F766D695F636C6173735F7444
:10A630007970655F696E666F4500000010B5074967
:10A6400079441831064C7C44163404E00A68081D2D
:10A65000114488470146A142F8D110BD60050000B1
:10A6600080050000AAD00B800A000E004FA3FF7FD8
:10A67000080018004DA3FF7F3B0020001FA3FF7FB1
:10A68000FFFFFFFF000000000DA8C5F71DFBC7F787
:10A69000ABFB13A8C5F718FBF6E701A8C5F714FB39
:10A6A000C7F7A2FB07A8C5F70FFBF6E72000CCF71A
:10A6B0009FF9C7F799FB6846C5F706FBF6E7200048
:10A6C000CCF796F9C7F790FB6846C5F7FDFAF6E7B1
:10A6D0000AA8D2F794F8C7F787FB6846D3F7FEFCC1
:10A6E000F6E70AA8D2F78BF8C7F77EFB04A8C5F7F0
:10A6F000EBFAF6E7000000000000000075520408C5
:10A700000000000021BE040899940408F7610108C4
:10A710000000000000000000000000000000000039
:10A720001554040800000000ED8C04083795040857
:10A73000336301080000000000000000000000007A
:10A7400000000000B155040800000000B78D0408A7
:10A75000D5950408A379010800000000000000005E
:10A7600000000000000000004D570408DD7F0408D1
:10A770008190040873960408BF7E01080000000061
:10A78000000000000000000000000000ED58040878
:10A790002181040839910408059704083F820108C3
:10A7A00000000000000000000000000000000000A9
:10A7B0000D62010877B90008175501085D0101080D
:10A7C0004D01010825630108F9610108000000003E
:10A7D0000000000001E1010877B9000817550108E1
:10A7E0005D0101084D010108BDE10108EDE001082E
:10A7F00000000000000000008554010877B900083F
:10A80000175501085D0101084D010108CB560108EB
:10A810006554010800000000000000008554010894
:10A82000E1EA0108175501085D0101084D01010821
:10A83000B7EC0108C1EA01080000000000000000B8
:10A8400009F10008A1ED000863F400085D010108AA
:10A850004D010108A1F800088DED0008000000007E
:10A86000000000008D5A04080000000085BE0408A6
:10A8700097970408338501080000000000000000DD
:10A8800000000000000000002D5C04080000000033
:10A8900007BF0408359804088F98010800000000DD
:10A8A000000000000000000000000000CD5D040872
:10A8B0000000000089BF0408D39804084BC50108B4
:10A8C0000000000000000000000000000000000088
:10A8D0006D5F0408000000000BC0040871990408B3
:10A8E0003FCA010800000000000000000000000056
:10A8F000000000000D61040865820408C19104088D
:10A900000F9A0408E3DA01080000000000000000CC
:10A910000000000000000000AD620408000000001C
:10A920008DC00408A19A0408EBE0010800000000B3
:10A930000000000000000000000000004D6404085A
:10A94000A9830408779204083F9B0408CBE101081F
:10A9500000000000000000000000000000000000F7
:10A96000ED650408000000000FC10408D19B040835
:10A97000BFEA010800000000000000000000000025
:10A98000000000008D6704080000000091C1040869
:10A990006F9C04085BF30108000000000000000049
:10A9A00000000000000000002D690408ED84040888
:10A9B0002D9304080D9D040817FA010800000000FB
:10A9C000000000000000000000000000CD6A040844
:10A9D00031860408E39304089F9D0408AF0602082B
:10A9E0000000000000000000000000000000000067
:10A9F0006D6C04080000000013C20408319E0408B6
:10AA00009B2602080000000000000000000000007B
:10AA1000000000000D6E04080000000095C204084C
:10AA2000CF9E040863270208000000000000000019
:10AA30000000000000000000A96F040800000000F2
:10AA4000F9C204086D9F040857280208000000009E
:10AA50000000000000000000000000004571040834
:10AA6000000000005DC304080BA004083330020896
:10AA700000000000000000000000000000000000D6
:10AA8000E172040800000000C1C30408A9A0040882
:10AA9000CF4E02080000000000000000000000008F
:10AAA000000000007D7404080000000025C40408B4
:10AAB00047A104088379020800000000000000009C
:10AAC00000000000000000001976040800000000EB
:10AAD00089C40408E5A10408E37F0208000000001F
:10AAE000000000000000000000000000CF59010835
:10AAF00099580108BD5901085D0101089F580108D6
:10AB00006959010885580108000000000000000094
:10AB10001BE20108E1E101080FE301085D01010802
:10AB20004D01010857E50108CDE101084E31305FC4
:10AB30005F637878616269763131375F5F636C613A
:10AB400073735F747970655F696E666F45000000AE
:10AB50004E31305F5F637878616269763131375F9B
:10AB60005F70626173655F747970655F696E666F4F
:10AB7000450000004E31305F5F637878616269762E
:10AB80003131395F5F706F696E7465725F747970AF
:10AB9000655F696E666F45004EF68851CEF2000122
:10ABA000086840F470000860BFF34F8FBFF36F8FE9
:10ABB0004FF00070E1EE100A70470000D3D5FBFFA4
:10ABC000E82F0000CC0000200000000019E0FFFF8B
:10ABD000106B0000FA0000000800002011190000AE
:10ABE000B0AB0C8008001A006119000010002200B0
:10ABF00067190000260032006719000000000000FD
:10AC0000B0AD128010003400F3D1FF7F2200440069
:10AC1000F5D1FF7FA8006600F5D1FF7F000000009E
:10AC2000B0AC0F8030004400DD80FF7F2E00740048
:10AC3000DF80FF7F2E00A200DF80FF7F000000008A
:10AC4000B0A918800800820059D0FF7F2C008A002C
:10AC50005BD0FF7F1C001C015BD0FF7F0000000069
:10AC6000B0AB128014001C0055D0FF7F10003A00DA
:10AC700057D0FF7F08004A005BD0FF7F0000000034
:10AC8000B0AC1F800E003A001D30FF7F0E00800028
:10AC90001F30FF7F4600DE002130FF7F00000000F4
:10ACA000B0AC1F800E003A005741FF7F0E008000BD
:10ACB0005941FF7F4600DE005B41FF7F000000003E
:10ACC000B0AC1F800E003A00FB86FF7F0E008000B4
:10ACD000FD86FF7F4600DC00FF86FF7F000000004E
:10ACE000B0AC1F800E003A00377BFF7F0E00800063
:10ACF000397BFF7F4600DE003B7BFF7F00000000CA
:10AD0000B0AB108018001800A597FF7F2600400008
:10AD1000A797FF7F0E006E00B197FF7F0000000035
:10AD2000B0AC1F800E0060008D68FF7F0E00A60093
:10AD30008F68FF7F2C0004019168FF7F00000000F6
:10AD4000D00D0181B0B0A900850034009968FF7F63
:10AD5000FFFFFFFF1000B8009F68FF7F00000000AA
:10AD6000D00D0181B0B0A900850034009568FF7F47
:10AD7000FFFFFFFF1000B8009B68FF7F000000008E
:10AD8000B0AB1080320018008369FF7F28005C00A0
:10AD90008569FF7F0E008C008F69FF7F0000000037
:10ADA000B0AC1F800E003A002743FF7F0E008000EA
:10ADB0002943FF7F4600DE002B43FF7F0000000099
:10ADC000B0AF16800800B60039CDFF7F2000BE006E
:10ADD0003BCDFF7F3400DE0029CDFF7F0000000067
:10ADE000B0AF1280180088002BCDFF7F3200A0008A
:10ADF0002DCDFF7F0E00D2001BCDFF7F0000000095
:10AE0000B0AD1480260060003D97FF7F12009000D7
:10AE10003F97FF7F1E00A2004197FF7F00000000C8
:10AE2000534C462F464C4153482F4D6F6462757307
:10AE3000536C61766555315F4250532F000000001E
:10AE4000534C462F464C4153482F4D6F64627573E7
:10AE5000536C61766555315F4456412F0000000008
:10AE6000534C462F464C4153482F4D6F64627573C7
:10AE7000536C61766555315F505254592F00000074
:10AE8000534C462F464C4153482F4D6F64627573A7
:10AE9000536C61766555315F53544F502F0000005D
:10AEA000534C462F464C4153482F4D6F6462757387
:10AEB0004D617374657255325F4250532F0000002C
:10AEC000534C462F464C4153482F4D6F6462757367
:10AED0004D617374657255325F4456412F00000016
:10AEE000534C462F464C4153482F4D6F6462757347
:10AEF0004D617374657255325F505254592F000082
:10AF0000534C462F464C4153482F4D6F6462757326
:10AF10004D617374657255325F53544F502F00006A
:10AF2000C012000080250000004B000000E100007E
:10AF300000C20100008403000008070000100E009A
:10AF40000100020004000800100020004000800002
:10AF500000010002000400080010002000400080F2
:10AF6000FFF0FFF0FFF0FFF0FFF0FFF0FFF0FFF069
:10AF7000FFF0FFF0FFF0FFF0FFF0FFF0FFF0FFF059
:10AF8000FFF8FFF8FFF8C7F893989338C678FCF8F5
:10AF9000F9F8F318E648CE48FF18FFF8FFF8FFF875
:10AFA000FFC0FFC0FFC0E3C0C9C0C9C0C9C0E3C083
:10AFB000C3C099C098409CC0C040FFC0FFC0FFC044
:10AFC000FFFEFFFEF83EE38ECFE6CFE69C1299929D
:10AFD00099929932CC06CFFEE3C6F81EFFFEFFFE23
:10AFE000FFC0FFC0FFC0F3C0F3C0E1C0E1C0CCC0F0
:10AFF000CCC080409E403F003F00FFC0FFC0FFC06C
:10B00000FFC0FFC0FFC080C09E409E409E4080C0E9
:10B010009E409E409E409E4080C0FFC0FFC0FFC03B
:10B02000FFC0FFC0FFC0E0C0CE409F009FC09FC0D8
:10B030009FC09FC09F00CE40E0C0FFC0FFC0FFC0C8
:10B04000FFE0FFE0FFE080E09E609F209F209F20C8
:10B050009F209F209F209E6080E0FFE0FFE0FFE0B8
:10B06000FFC0FFC0FFC080409FC09FC09FC080C086
:10B070009FC09FC09FC09FC08040FFC0FFC0FFC057
:10B08000FF80FF80FF8080009F809F809F80808066
:10B090009F809F809F809F809F80FF80FF80FF8098
:10B0A000FFE0FFE0FFE0E0E0CE609F209FE09FE058
:10B0B0009C209F209F20CE20E020FFE0FFE0FFE0CB
:10B0C000FFE0FFE0FFE09F209F209F209F20802047
:10B0D0009F209F209F209F209F20FFE0FFE0FFE018
:10B0E000FF80FF80FF809C809980938087808F8085
:10B0F0008780938099809C809E00FF80FF80FF80E6
:10B10000FFF0FFF0FFF09F909F908F108F10861040
:10B1100086109090909099909990FFF0FFF0FFF03A
:10B12000FFE0FFE0FFE09F208F2087208720932013
:10B1300099209C209C209E209F20FFE0FFE0FFE0C4
:10B14000FFE0FFE0FFE0E0E0CE609F209F209F2037
:10B150009F209F209F20CE60E0E0FFE0FFE0FFE027
:10B16000FFC0FFC0FFC080C09E409F009F009E4068
:10B1700080C09FC09FC09FC09FC0FFC0FFC0FFC0D6
:10B18000FFE0FFE0FFE0E0E0CE609F209F209F20F7
:10B190009F209F209C20CE60E020FFE0FFE0FFE0AA
:10B1A000FFE0FFE0FFE080E09E609F209F209E6028
:10B1B00080609F209F209F209F80FFE0FFE0FFE0B6
:10B1C000FFC0FFC0FFC0C0C09E409E409FC0C3C024
:10B1D000F8C0FE409E409E40C0C0FFC0FFC0FFC000
:10B1E000FFC0FFC0FFC00000F3C0F3C0F3C0F3C056
:10B1F000F3C0F3C0F3C0F3C0F3C0FFC0FFC0FFC093
:10B20000FFE0FFE0FFE09F209F209F209F209F20E6
:10B210009F209F209F20CE60E0E0FFE0FFE0FFE066
:10B22000FFC0FFC0FFC03F003F009E409E40CCC01B
:10B23000CCC0E1C0E1C0F3C0F3C0FFC0FFC0FFC09D
:10B24000FFFCFFFCFFFC3CF03CF03CF09864986491
:10B25000C30CC30CC30CE79CE79CFFFCFFFCFFFC8A
:10B26000FF80FF80FF803E003E009C80C980E3801D
:10B27000E380C9809C803E003E00FF80FF80FF800D
:10B28000FFC0FFC0FFC03F003F009E40CCC0E1C0F8
:10B29000F3C0F3C0F3C0F3C0F3C0FFC0FFC0FFC0F2
:10B2A000FF80FF80FF808080FC80F980F980F38040
:10B2B000E780CF80CF809F808080FF80FF80FF80ED
:10B2C000FF80FF80FF80FF80FF80FF80C1809C8027
:10B2D000C0809C809C809C80C000FF80FF80FF809D
:10B2E000FF80FF80FF809F809F809F8081808C8077
:10B2F0009C809C809C808C808180FF80FF80FF8070
:10B30000FF80FF80FF80FC80FC80FC80C0809880F4
:10B310009C809C809C809880C080FF80FF80FF8004
:10B32000FF80FF80FF80FF80FF80FF80C1809C80C6
:10B330009C8080809F809C80C180FF80FF80FF80F8
:10B34000FF80FF80FF80FF80FF80FF80C0809880AB
:10B350009C809C809C809880C080FC80FC80C18008
:10B36000FFF0FFF0FFF0FFF0FFF0FFF08230889079
:10B3700099909990999099909990FFF0FFF0FFF033
:10B38000FF80FF80FF80FF80FF80FF80C1809C8066
:10B390009C809C809C809C80C180FF80FF80FF807F
:10B3A000FF80FF80FF80FF80FF80FF8081808C8096
:10B3B0009C809C809C808C8081809F809F809F80CF
:10B3C000FF80FF80FF80FF80FF80FF80C08098802B
:10B3D0009C809C809C809880C080FC80FC80FC804D
:10B3E000FFC0FFC0FFC0FFC0FFC0FFC0330033007D
:10B3F000804080408040CCC0CCC0FFC0FFC0FFC0B8
:10B40000FFC0FFC0FFC0C640924098C0FFC0FFC051
:10B41000FFC0FFC0FFC0FFC0FFC0FFC0FFC0FFC034
:10B42000FFF8FFF8FFF88018F9F8F9F8F9F8F818BC
:10B43000F9C8F9C8F9C8F808F918FFF8FFF8FFF8D3
:10B44000FFFEFFFEFFFEC7CE939E933EC67EFCFE30
:10B45000F9FEF062E108C9089C62FFFEFFFEFFFEF4
:10B46000FFF8FFF8FFF8E0F8CCF8CCF8CCF8CC08FF
:10B47000CCE0CCE0CCE0CCE09C08FFF8FFF8FFF893
:10B48000FFFCFFFCFFFC9E7C9E7C9E7C9E7C8004DF
:10B490009E709E709E709E709E04FFFCFFFCFFFCE1
:10B4A000FF80F380E7809C809980938087808F80E5
:10B4B0008780938099809C809E00FF80FF80FF8022
:10B4C000FFF8FFF8FFF88018F9F8F9F8F9F8F8181C
:10B4D000F8C8F9C8F9C8F9C8F9C8FFF8FFF8FFF8C3
:10B4E000FFC0FFC0FFC09E409E409E409E409E40C9
:10B4F0009E409E409E409E408040F3C0F3C0FFC0EF
:10B50000FFC0FFC0FFC0FFC0FFC0FFC0FFC0FFC043
:10B510008040FFC0FFC0FFC0FFC0FFC0FFC0FFC032
:10B52000FFC0FFC0FFC0000090009300FFC0FFC03D
:10B53000FFC0FFC0FFC0FFC0FFC0FFC0FFC0FFC013
:10B54000FFF0FFF0FFF0FFF0FFF0FFF0E0F0CCF0D5
:10B55000CCF0CC10CCC0CCC09C10FFF0FFF0FFF0C2
:10B56000FFF0FFF0FFF0FFF0FFF0FFF09CF09CF029
:10B570009CF080109CC09CC09C10FFF0FFF0FFF07E
:10B58000FFC0E4C0F1C09E409E409E409E409E4051
:10B59000C040FE40FE409E40C0C0FFC0FFC0FFC094
:10B5A000FF80FF80FF80FF80C980E3809C809C80BB
:10B5B0009C809C809C80C080FC80FC809C80C180A2
:10B5C000FF80FC80F88080809F809F809F809F808C
:10B5D0009F809F809F809F809F80FF80FF80FF8053
:10B5E000CCC0FFC0FFC080409FC09FC09FC080C034
:10B5F0009FC09FC09FC09FC08040FFC0FFC0FFC0D2
:10B60000FF80FF80FF80C1809C8020000E000E0024
:10B6100020009C80C180FF80FF80FF80FF80FF8032
:10B62000FFE0FFE0FFE0E0E0CE609F209FE081E0F0
:10B630009FE09FE09F20CE60E0E0FFE0FFE0FFE0C2
:10B64000FF80FF80FF80C1809C8002000800020014
:10B6500008009C80C180FF80FF80FF80FF80FF800A
:10B66000FF80FF80FF80C980FF80FF80C1809C80B9
:10B670009C8080809F809C80C180FF80FF80FF80B5
:10B68000FFFEFFFEFFFE9F3E8F2687028702932666
:10B69000993E9C029C3E9E3E9F3EFFFEFFFEFFFEAB
:10B6A000FF80FF80FF80FF80FF80FF80C1809C8043
:10B6B0009F8083809F809C80C180FF80FF80FF806F
:10B6C000FFC0FFC0FFC0C0C09E409E409FC0C3C01F
:10B6D000F8C0FE409E409E40C0C0FFC0FFC0FFC0FB
:10B6E000FFC0FFC0FFC0F3C0F3C0E1C0E1C0CCC0E9
:10B6F000CCC080409E403F003F00FFC0FFC0FFC065
:10B70000FFC0FFC0FFC080C09FC09FC09FC080C05F
:10B710009E409E409E409E4080C0FFC0FFC0FFC034
:10B72000FFC0FFC0FFC080C09E409E409E4080C0C2
:10B730009E409E409E409E4080C0FFC0FFC0FFC014
:10B74000FFC0FFC0FFC0C040CE40CE40CE40CE4084
:10B75000CE40CE40CE409E4000003F00FFC0FFC024
:10B76000FFF0FFF0FFF0C010CFF0CFF0CFF0C0300F
:10B77000CFF0CFF0CFF0CFF0C010FFF0FFF0FFF030
:10B78000FFFCFFFCFFFC9CE4CCCCE49CF03CF87C90
:10B79000F87CF03CE49CCCCC9CE4FFFCFFFCFFFC80
:10B7A000FFC0FFC0FFC0C0C09E40FE40FE40E0C0E2
:10B7B000FE40FE40FE409E40C0C0FFC0FFC0FFC034
:10B7C000FFE0FFE0FFE09F209E209C209C2099202E
:10B7D0009320872087208F209F20FFE0FFE0FFE05D
:10B7E000FFE0FFE0E0E09F209E209C209C2099202D
:10B7F0009320872087208F209F20FFE0FFE0FFE03D
:10B80000FF80FF80FF809C809980938087808F805D
:10B810008780938099809C809E00FF80FF80FF80BE
:10B82000FFC0FFC0FFC0E040CE40CE40CE40CE4083
:10B83000CE40CE40CE40CE409E40FFC0FFC0FFC0B5
:10B84000FFF0FFF0FFF09F909F908F108F108610F9
:10B8500086109090909099909990FFF0FFF0FFF0F3
:10B86000FFE0FFE0FFE09F209F209F209F2080209F
:10B870009F209F209F209F209F20FFE0FFE0FFE070
:10B88000FFE0FFE0FFE0E0E0CE609F209F209F20F0
:10B890009F209F209F20CE60E0E0FFE0FFE0FFE0E0
:10B8A000FFE0FFE0FFE080209F209F209F209F205F
:10B8B0009F209F209F209F209F20FFE0FFE0FFE030
:10B8C000FFC0FFC0FFC080C09E409F009F009E4001
:10B8D00080C09FC09FC09FC09FC0FFC0FFC0FFC06F
:10B8E000FFC0FFC0FFC0E0C0CE409F009FC09FC010
:10B8F0009FC09FC09F00CE40E0C0FFC0FFC0FFC000
:10B90000FFC0FFC0FFC00000F3C0F3C0F3C0F3C02E
:10B91000F3C0F3C0F3C0F3C0F3C0FFC0FFC0FFC06B
:10B92000FFC0FFC0FFC09E409E409E409E409E4084
:10B93000C040FE40FE409E40C0C0FFC0FFC0FFC0F0
:10B94000FFF0FFF0F9F0F9F0C030999099909990DC
:10B950009990C030F9F0F9F0F9F0FFF0FFF0FFF046
:10B96000FF80FF80FF803E003E009C80C980E38016
:10B97000E380C9809C803E003E00FF80FF80FF8006
:10B98000FFC0FFC0FFC09E409E409E409E409E4024
:10B990009E409E409E409E408000FF00FF00FFC0F2
:10B9A000FFC0FFC0FFC09E409E409E409E409E4004
:10B9B000C040FE40FE40FE40FE40FFC0FFC0FFC052
:10B9C000FFF0FFF0FFF099909990999099909990DD
:10B9D00099909990999099908010FFF0FFF0FFF066
:10B9E000FFF0FFF0FFF099909990999099909990BD
:10B9F00099909990999099908000FFC0FFC0FFF0B6
:10BA0000FFF0FFF0FFF087F087F087F0E7F0E0301D
:10BA1000E790E790E790E790E030FFF0FFF0FFF06D
:10BA2000FFF0FFF0FFF09F909F909F909F9080907D
:10BA30009E109E109E109E108090FFF0FFF0FFF071
:10BA4000FFC0FFC0FFC09FC09FC09FC09FC080C0FD
:10BA50009E409E409E409E4080C0FFC0FFC0FFC0F1
:10BA6000FFE0FFE0FFE0E0E0CE609F20FF20F0205D
:10BA7000FF20FF209F20CE60E0E0FFE0FFE0FFE03E
:10BA8000FFF0FFF0FFF098309390939093908390A5
:10BA900093909390939093909830FFF0FFF0FFF085
:10BAA000FFE0FFE0FFE0E020CF20CF20CF20CF203D
:10BAB000E020F320E720CF209F20FFE0FFE0FFE021
:10BAC000FF80FF80FF80FF80FF80FF80C1809C801F
:10BAD000C0809C809C809C80C000FF80FF80FF8095
:10BAE000FF80FF80FF80FF80FC80C1809F8081807D
:10BAF0009C809C809C809C80C180FF80FF80FF8018
:10BB0000FF80FF80FF80FF80FF80FF8081809C801E
:10BB10009C8081809C809C808180FF80FF80FF8052
:10BB2000FF80FF80FF80FF80FF80FF80C080CC808F
:10BB3000CC80CC80CC809C8000003E00FF80FF80C9
:10BB4000FF80FF80FF80FF80FF80FF80C1809C809E
:10BB50009C8080809F809C80C180FF80FF80FF80D0
:10BB6000FFC0FFC0FFC0FFC0FFC0FFC03300924056
:10BB7000C0C0E1C0C0C092403300FFC0FFC0FFC0E2
:10BB8000FF80FF80FF80FF80FF80FF80C1809C805E
:10BB9000FC80E180FC809C80C180FF80FF80FF8072
:10BBA000FF80FF80FF80FF80FF80FF809C809C8063
:10BBB0009880908084808C809C80FF80FF80FF80B4
:10BBC000FF80FF80FF80FF80C980E3809C809C8095
:10BBD0009880908084808C809C80FF80FF80FF8094
:10BBE000FF80FF80FF80FF80FF80FF80E080CC80AF
:10BBF000CC80CC80CC80CC809C80FF80FF80FF807C
:10BC0000FFC0FFC0FFC0FFC0FFC0FFC09E408C4010
:10BC1000804092409E409E409E40FFC0FFC0FFC0BB
:10BC2000FF80FF80FF80FF80FF80FF809C809C80E2
:10BC30009C8080809C809C809C80FF80FF80FF8017
:10BC4000FF80FF80FF80FF80FF80FF80C1809C809D
:10BC50009C809C809C809C80C180FF80FF80FF80B6
:10BC6000FF80FF80FF80FF80FF80FF8080809C80BE
:10BC70009C809C809C809C809C80FF80FF80FF80BB
:10BC8000FF80FF80FF80FF80FF80FF8081808C80AD
:10BC90009C809C809C808C8081809F809F809F80E6
:10BCA000FF80FF80FF80FF80FF80FF809C809C8062
:10BCB0009C809C809C80C080FC80FC809C80C1809B
:10BCC000FFF0FFF0FFF0FFF0FFF0F9F0F9F0C03007
:10BCD0009990999099909990C030F9F0F9F0F9F015
:10BCE000FF80FF80FF80FF80FF80FF809C809C8022
:10BCF0009C809C809C809C808000FE00FE00FF80D9
:10BD0000FF80FF80FF80FF80FF80FF809C809C8001
:10BD10009C809C80C080FC80FC80FF80FF80FF8036
:10BD2000FFC0FFC0FFC0FFC0FFC0FFC092409240F5
:10BD300092409240924092408040FFC0FFC0FFC0BE
:10BD4000FFC0FFC0FFC0FFC0FFC0FFC092409240D5
:10BD500092409240924092408000FF00FF00FFC05E
:10BD6000FFC0FFC0FFC0FFC0FFC0FFC087C087C0CB
:10BD7000E7C0E0C0E640E640E0C0FFC0FFC0FFC053
:10BD8000FFC0FFC0FFC0FFC0FFC0FFC09E409E407D
:10BD90009E408240984098408240FFC0FFC0FFC054
:10BDA000FF80FF80FF80FF80FF80FF80C1809C803C
:10BDB000FC80E080FC809C80C180FF80FF80FF8051
:10BDC000FFE0FFE0FFE0FFE0FFE0FFE0986093208E
:10BDD00093208320932093209860FFE0FFE0FFE012
:10BDE000FFFFC0CF7FC0B6FFC0B69CC0B56B40CBD5
:10BDF0006B40FB6B40F79CC0FFFFC0FFFFC0000023
:10BE000070B504000D002800C046C04606002000A2
:10BE1000C046C046030096E807001B68984770BDFF
:10BE2000F8B504000D002800C046C04606002000FA
:10BE300000F006F801003200380000F007F8F1BD0C
:10BE400010B50400201DC046C04610BD70B50C00E2
:10BE500015002800C046C04606002000C046C04667
:10BE6000310000F001F870BD70B504000D0028002D
:10BE7000C046C04606002000C046C0463100FFF75D
:10BE8000BFFF70BDF8B504000D002800C046C046D5
:10BE90000600200000F006F801003200380000F033
:10BEA00007F8F1BD10B50400201DC046C04610BD06
:10BEB00070B50C0015002800C046C04606002000E2
:10BEC000C046C046310000F001F870BD70B50400F6
:10BED0000D002800C046C04606002000C046C046EF
:10BEE000310000F001F870BD70B504000D002800AD
:10BEF000C046C04606002000C046C04696E80E0078
:10BF0000C7F796FD70BDF8B504000D002800C046C7
:10BF1000C0460600200000F006F80100320038009C
:10BF200000F007F8F1BD10B50400201DC046C04662
:10BF300010BD70B50C0015002800C046C0460600B4
:10BF40002000C046C046310000F001F870BD70B559
:10BF500004000D002800C046C04606002000C04670
:10BF6000C046310000F001F870BD70B504000D004E
:10BF70002800C046C04606002000C046C04696E8DD
:10BF80000E00CCF7D7FA70BDF8B504000D002800FC
:10BF9000C046C0460600200000F006F8010032004E
:10BFA000380000F007F8F1BD10B50400201DC046B0
:10BFB000C04610BD70B50C0015002800C046C04634
:10BFC00006002000C046C046310000F001F870BDF8
:10BFD00070B504000D002800C046C04606002000D1
:10BFE000C046C046310000F001F870BD70B50400D5
:10BFF0000D002800C046C04606002000C046C046CE
:10C0000096E80E00CFF77EFD70BDF8B504000D0078
:10C010002800C046C0460600200000F006F80100D7
:10C020003200380000F007F8F1BD10B50400201D03
:10C03000C046C04610BD70B50C0015002800C046B3
:10C04000C04606002000C046C046310000F001F89E
:10C0500070BD70B504000D002800C046C046060043
:10C060002000C046C046310000F001F870BD70B538
:10C0700004000D002800C046C04606002000C0464F
:10C08000C04696E80E00CDF703FC70BDF8B504007D
:10C090000D002800C046C0460600200000F006F84B
:10C0A00001003200380000F007F8F1BD10B50400BF
:10C0B000201DC046C04610BD70B50C0015002800FC
:10C0C000C046C04606002000C046C046310000F011
:10C0D00001F870BD70B504000D002800C046C046D0
:10C0E00006002000C046C046310000F001F870BDD7
:10C0F00070B504000D002800C046C04606002000B0
:10C10000C046C04696E80E00CAF750FE70BDF8B5AE
:10C1100004000D002800C046C0460600200000F0C4
:10C1200006F801003200380000F007F8F1BD10B544
:10C130000400201DC046C04610BD70B50C0015009F
:10C140002800C046C04606002000C046C046310058
:10C1500000F001F870BD70B504000D002800C04665
:10C16000C04606002000C046C046310000F001F87D
:10C1700070BD70B504000D002800C046C046060022
:10C180002000C046C04696E80E00CEF70FFB70BDFB
:10C19000F8B504000D002800C046C0460600200087
:10C1A00000F006F801003200380000F007F8F1BD99
:10C1B00010B50400201DC046C04610BD70B50C006F
:10C1C00015002800C046C04606002000C046C046F4
:10C1D000310000F001F870BD70B504000D002800BA
:10C1E000C046C04606002000C046C046310000F0F0
:10C1F00001F870BD70B504000D002800C046C046AF
:10C2000006002000C046C04696E80E00CCF7E4FFCA
:10C2100070BDF8B504000D002800C046C0460600F9
:10C22000200000F006F801003200380000F007F8A6
:10C23000F1BD10B50400201DC046C04610BD70B54C
:10C240000C0015002800C046C04606002000C0466D
:10C25000C046310000F001F870BD70B504000D005B
:10C260002800C046C04606002000C046C046310037
:10C2700000F001F870BD70B504000D002800C04644
:10C28000C04606002000C046C04696E80E00CDF726
:10C290002FFE70BDF8B504000D002800C046C04652
:10C2A0000600200000F006F832000100380000F01F
:10C2B00007F8F2BD10B50400201DC046C04610BDF1
:10C2C00070B50C0015002800C046C04606002000CE
:10C2D000C046C046310000F001F870BD70B50400E2
:10C2E0000D002800C046C04606002000C046C046DB
:10C2F0003100FDF7DDFF70BDF8B504000D0028002A
:10C30000C046C0460600200000F006F832000100DA
:10C31000380000F007F8F2BD10B50400201DC0463B
:10C32000C04610BD70B50C0015002800C046C046C0
:10C3300006002000C046C046310000F001F870BD84
:10C3400070B504000D002800C046C046060020005D
:10C35000C046C0463100FDF7C1FF70BDF8B504000E
:10C360000D002800C046C0460600200000F006F878
:10C3700032000100380000F007F8F2BD10B50400EB
:10C38000201DC046C04610BD70B50C001500280029
:10C39000C046C04606002000C046C046310000F03E
:10C3A00001F870BD70B504000D002800C046C046FD
:10C3B00006002000C046C0463100FDF7A5FF70BD55
:10C3C000F8B504000D002800C046C0460600200055
:10C3D00000F006F832000100380000F007F8F2BD66
:10C3E00010B50400201DC046C04610BD70B50C003D
:10C3F00015002800C046C04606002000C046C046C2
:10C40000310000F001F870BD70B504000D00280087
:10C41000C046C04606002000C046C0463100FDF7B9
:10C4200089FF70BDF8B504000D002800C046C04665
:10C430000600200000F006F832000100380000F08D
:10C4400007F8F2BD10B50400201DC046C04610BD5F
:10C4500070B50C0015002800C046C046060020003C
:10C46000C046C046310000F001F870BD70B5040050
:10C470000D002800C046C04606002000C046C04649
:10C480003100FDF76DFF70BDF8B504000D00280008
:10C49000C046C0460600200000F006F83200010049
:10C4A000380000F007F8F2BD10B50400201DC046AA
:10C4B000C04610BD70B50C0015002800C046C0462F
:10C4C00006002000C046C046310000F001F870BDF3
:10C4D00070B504000D002800C046C04606002000CC
:10C4E000C046C0463100FDF751FF70BD10B504468F
:10C4F000044979440E31044878440C30C6F774FA84
:10C50000204610BDBCB6FFFF6CB6FFFFC6F7CBFAE6
:10C510002000E1F7A7F82A003100E1F747F9FBF71F
:10C520001DFCF5F70FF9C5F75FFCC6F7BCFA066806
:10C53000002084F80902A1884FF6EF700140A18025
:10C54000F5F700F9F7F773FB4FF41E713800C3F7E6
:10C55000E5F9C5F749FC01A8C3F7B6FBF4E707A85E
:10C56000C3F7B2FBF7E7C6F79EFA2000D5F7D5FC74
:10C5700001224146D5F7F3FCFBF7F0FBF5F7E2F8B3
:10C58000C5F732FC38B504002000D2F7ABFB05003C
:10C590002000D2F7B7FB020029002000F7F7E8FBE4
:10C5A00031BD38B504002000E9F76DF80500200022
:10C5B000E1F726F8020029002000F7F785FC31BDDD
:10C5C00038B504002000E0F798F905002000D5F701
:10C5D00003FD020029002000F7F722FD31BD38B528
:10C5E00004002000EAF7EFFF05002000E3F7CFFB8F
:10C5F000020029002000F7F7BFFD31BD0120C04631
:10C60000002801D0FEF71AF8AFF300800020AFF346
:10C610000080F7F76BF900F000F800F001B80000B7
:10C620000746C6F708FA3846BFF782F9FBE700006D
:10C63000B0AD00801D001200F7C0FF7FFFFFFFFFBD
:10C640000E002E00FDC0FF7F00000000B0AA098090
:10C6500028005000BF4700002900500000000000E3
:10C66000FEFFFFFF00000000B0AA09802800500074
:10C67000B74700002900500000000000FEFFFFFF48
:10C6800000000000B0B0A880260012006719FF7FEC
:10C690002700120000000000FEFFFFFF0000000066
:10C6A000B0B0A88026001200032AFF7F27001200E6
:10C6B00000000000FEFFFFFF00000000B0B0A880F7
:10C6C00026001200CD6DFF7F270012000000000041
:10C6D000FEFFFFFF00000000B0B0A880260012009F
:10C6E0009562FF7F2700120000000000FEFFFFFFA1
:10C6F00000000000B0B0A8801C0012003F50FF7F77
:10C700001D00120000000000FEFFFFFF00000000FF
:10C71000B0B0A880260012003140FF7F2700120031
:10C7200000000000FEFFFFFF00000000B0B0A88086
:10C7300026001200673CFF7F270012000000000067
:10C74000FEFFFFFF00000000B0B0A880360012001E
:10C75000F96EFF7F3700120000000000FEFFFFFFB0
:10C7600000000000B0B0A88026001200C12BFF7F9F
:10C770002700120000000000FEFFFFFF0000000085
:10C78000B0AB0C804E002000BB8AFF7F5900160022
:10C79000A18AFF7FFFFFFFFF00000000B0AA0D800D
:10C7A00052002000BB8AFF7F5D001600A18AFF7F38
:10C7B000FFFFFFFF00000000AAD00B800C002C0040
:10C7C000F181FF7F1D003800A981FF7FFFFFFFFF80
:10C7D00000000000B0B0AC8017000C00EBDBFF7F66
:10C7E000FFFFFFFF0A002200F3DBFF7F00000000D5
:10C7F000C6F759F92000E6F761FBFBF7AFFAF4F74B
:10C80000A1FF2000EAF7E7F9C5F7EEFAC6F74BF902
:10C810002000F5F7EEFDFBF7A1FAF4F793FF2000F7
:10C82000F5F7B8FEC5F7E0FA06A8C3F74DFAC5F765
:10C83000DBFA0CA8C3F748FAF6E76846C9F7B7F978
:10C84000C5F7D2FA05A8C3F73FFAC5F7CDFA0BA88A
:10C85000C3F73AFAF6E76846C9F7A9F9C5F7C4FA83
:10C86000C6F721F92000DDF7EFFAFBF777FAF4F7C6
:10C8700069FF2000E3F738F9C5F7B6FAC6F713F9F0
:10C880002000DDF7F6FAFBF769FAF4F75BFF20000A
:10C89000E3F77DF9C5F7A8FA55312F464C415348C7
:10C8A0002F6444656372537061726B467265712FB9
:10C8B0000000000055312F464C4153482F644F75FE
:10C8C000744166746572537061726B2F00000000D2
:10C8D00055312F464C4153482F74486F6C64416664
:10C8E000746572537061726B2F000000E7E0F9E825
:10C8F000F2FB2E20CEF1EDEEE2EDFBE520F3F1F2BE
:10C90000E0E2EAE800000000426173696350726F80
:10C9100074656374696F6E7353657474696E67735D
:10C9200000000000534C462F464C4153482F5449B9
:10C930004D455F4F55545F4C6E6B6D6E67722F00A7
:10C9400055312F464C4153482F745368616B6572C3
:10C95000506572696F64312F0000000055312F4619
:10C960004C4153482F745368616B6572506572690E
:10C970006F64322F0000000055312F464C41534860
:10C980002F545368616B65723152756E53746F70BA
:10C990002F00000055312F464C4153482F54536807
:10C9A000616B65723252756E53746F702F000000A8
:10C9B000426173696350726F74656374696F6E73FB
:10C9C00053657474696E6773000000000000000016
:10C9D000000000008BCA0108A7CA0108000000007F
:10C9E00000000000C3CA01080000000000000000B1
:10C9F000094F0208A7CA01083D4F020800000000C5
:10CA0000C3CA01080548014603B4684680F3098893
:10CA1000AFF30080FEF7C0F8FFF7F0FDA5EDF5FEDF
:10CA200014F11400C9F7BCF82000C046C046C5F791
:10CA3000DBF96846C9F7B4F8F2E76846C9F7D8FFEA
:10CA4000C5F7D2F92C43E4B2002CF6D103A8C9F7FC
:10CA5000CFFFF2E7B0A900800C0076005F0A00006B
:10CA600014008200630A000000000000B0A90080EA
:10CA700010001A00F986FF7F06002A00FB86FF7F60
:10CA800000000000B0AF0C80240048006F7EFF7FE4
:10CA9000C0006C00717EFF7F00000000B0AB128010
:10CAA0001200A60085FDFF7F1200B80087FDFF7F02
:10CAB00000000000B0AA11801200660089FDFF7F0F
:10CAC000120078008BFDFF7F00000000B0A91680E7
:10CAD0001800660035B1FF7F22007E0037B1FF7F6E
:10CAE00000000000B0AB0C8012003C00517BFF7FC7
:10CAF00012004E00537BFF7F00000000B0A90C80A5
:10CB0000080034004B7BFF7F14003C004D7BFF7F0F
:10CB100000000000B0A90C8008002000457BFF7FCA
:10CB200026002800477BFF7F00000000B0A90C8092
:10CB300008004400D179FF7F14004C00D379FF7FB7
:10CB400000000000B0AB12800E003000FD70FF7FCF
:10CB50006E008000FF70FF7F00000000B0AA11800F
:10CB600010007600ED6FFF7F0E00AC00EF6FFF7FCF
:10CB700000000000B0AC0D800A006600574AFF7F3D
:10CB800046007000594AFF7F00000000B0AC1180E1
:10CB90000E003A00BF4FFF7F0E008000C14FFF7FA5
:10CBA00000000000B0AA118010007600D769FF7F56
:10CBB0000E00AC00D969FF7F00000000B0AB0C8014
:10CBC0000C002800E369FF7F1A003400E569FF7F4D
:10CBD00000000000B0A902801E0014003709000008
:10CBE00006003C003909000000000000B0AB0E80D8
:10CBF00010001600B9DAFF7F38002600BBDAFF7F8D
:10CC000000000000B0AB0E8010001600B3DAFF7F0A
:10CC100038002600B5DAFF7F00000000B0AB1C80B2
:10CC20003A001A00ADDAFF7F18005400AFDAFF7F38
:10CC300000000000B0AA1B8018001600A7DAFF7FD2
:10CC400064002E00A9DAFF7F00000000B0B0AC80C5
:10CC50000A005A00D50800000E006400D908000040
:10CC600000000000B0A908803C001600E50E00009E
:10CC70000E005A00E70E000000000000B0A902807C
:10CC8000080020009DFDFF7F0C002800A7FDFF7F0E
:10CC900000000000B0A80B8012001600C90E0000B2
:10CCA00010003000CB0E000000000000B0AE0B8082
:10CCB00008008A0035AEFF7F1C0092003DAEFF7F6A
:10CCC00000000000B0AB068036003C006FFDFF7F27
:10CCD0001E00720071FDFF7F00000000B0AB0480F9
:10CCE00032003600BB78FF7F10006800BD78FF7F00
:10CCF00000000000B0A807800A001C00B778FF7F82
:10CD000004002600B578FF7F00000000B0A807806F
:10CD10000A001C00AF78FF7F04002600AD78FF7F7B
:10CD200000000000B0A807800A001C00A778FF7F61
:10CD300004002600A578FF7F00000000B0A807804F
:10CD40000A001C009F78FF7F040026009D78FF7F6B
:10CD500000000000B0A807800A001A009778FF7F43
:10CD6000040024009578FF7F00000000C5F79BFEBB
:10CD700031002000F7F76CFEFAF7F0FFF4F7E2FC61
:10CD8000C5F732F8C5F78FFE31002000EBF73AFB0C
:10CD9000FAF7E4FFF4F7D6FCC5F726F8C5F783FEEB
:10CDA00016992000EBF72EFBFAF7D8FFF4F7CAFC30
:10CDB000C5F71AF8C5F777FE31002000F7F777FEC0
:10CDC000FAF7CCFFF4F7BEFCC5F70EF8C5F76BFE1B
:10CDD00031002000F7F79AFEFAF7C0FFF4F7B2FC33
:10CDE000C5F702F8C5F75FFE41462000E5F7B2FF40
:10CDF000FAF7B4FFF4F7A6FCC4F7F6FFC5F753FE45
:10CE000041462000F5F77BFCFAF7A8FFF4F79AFCFF
:10CE1000C4F7EAFFC5F747FE31002000F7F7E4FE4C
:10CE2000FAF79CFFF4F78EFCC4F7DEFFC5F73BFE74
:10CE300031002000EBF718F8FAF790FFF4F782FCC6
:10CE4000C4F7D2FFC5F72FFE16992000EBF70CF8B8
:10CE5000FAF784FFF4F776FCC4F7C6FFC5F723FEA4
:10CE600039002000F7F7EFFEFAF778FFF4F76AFCD5
:10CE7000C4F7BAFFC5F717FE39002000F7F722FF05
:10CE8000FAF76CFFF4F75EFCC4F7AEFFC5F70BFED4
:10CE900031002000DEF7DBFEFAF760FFF4F752FC0A
:10CEA000C4F7A2FFC5F7FFFD31002000DFF7DDF872
:10CEB000FAF754FFF4F746FCC4F796FFC5F7F3FD05
:10CEC00016992000DEF7C3FEFAF748FFF4F73AFCA4
:10CED000C4F78AFFC5F7E7FD16992000DFF7C5F80C
:10CEE000FAF73CFFF4F72EFCC4F77EFFC5F7DBFD35
:10CEF00039002000F7F754FFFAF730FFF4F722FC6F
:10CF0000C4F772FFC5F7CFFD31002000F7F787FFA8
:10CF1000FAF724FFF4F716FCC4F766FFC5F7C3FD64
:10CF200031002000F7F7AAFFFAF718FFF4F70AFC20
:10CF3000C4F75AFFC5F7B7FD39002000F7F79EFF89
:10CF4000FAF70CFFF4F7FEFBC4F74EFFC5F7ABFD95
:10CF500031002000F7F7C1FFFAF700FFF4F7F2FB0A
:10CF6000C4F742FFC5F79FFD39002000F7F7B5FF72
:10CF7000FAF7F4FEF4F7E6FBC4F736FFC5F793FDC6
:10CF800031002000E3F7D1F8FAF7E8FEF4F7DAFB16
:10CF9000C4F72AFFC5F787FD31002000E4F772F8D7
:10CFA000FAF7DCFEF4F7CEFBC4F71EFFC5F77BFDF6
:10CFB00031002000E3F726FCFAF7D0FEF4F7C2FBBD
:10CFC000C4F712FFC5F76FFD31002000E3F768FAE0
:10CFD000FAF7C4FEF4F7B6FBC4F706FFC5F763FD26
:10CFE00016992000E3F7A1F8FAF7B8FEF4F7AAFBC8
:10CFF000C4F7FAFEC5F757FD16992000E4F742F88A
:10D00000FAF7ACFEF4F79EFBC4F7EEFEC5F74BFD56
:10D0100016992000E3F7F6FBFAF7A0FEF4F792FB6F
:10D02000C4F7E2FEC5F73FFD16992000E3F738FA92
:10D03000FAF794FEF4F786FBC4F7D6FEC5F733FD86
:10D0400041462000E9F72AFFFAF788FEF4F77AFB59
:10D05000C4F7CAFEC5F727FD41462000E9F76CFF7B
:10D06000FAF77CFEF4F76EFBC4F7BEFEC5F71BFDB6
:10D0700039002000F7F71BFDFAF770FEF4F762FBAA
:10D08000C4F7B2FEC5F70FFD39002000F7F73EFDEB
:10D09000FAF764FEF4F756FBC4F7A6FEC5F703FDE6
:10D0A00031002000E5F7B8FFFAF758FEF4F74AFB25
:10D0B000C4F79AFEC5F7F7FC31002000E5F7DDFC68
:10D0C000FAF74CFEF4F73EFBC4F78EFEC5F7EBFC17
:10D0D00016992000E5F7A0FFFAF740FEF4F732FBBF
:10D0E000C4F782FEC5F7DFFC16992000E5F7C5FC02
:10D0F000FAF734FEF4F726FBC4F776FEC5F7D3FC47
:10D1000039002000F7F718FFFAF728FEF4F71AFBAA
:10D11000C4F76AFEC5F7C7FC31002000DFF74DFDFC
:10D12000FAF71CFEF4F70EFBC4F75EFEC5F7BBFC76
:10D1300016992000DFF741FDFAF710FEF4F702FB25
:10D14000C4F752FEC5F7AFFC31002000F7F772FFBD
:10D15000FAF704FEF4F7F6FAC4F746FEC5F7A3FCA7
:10D1600031002000ECF7D0F9FAF7F8FDF4F7EAFA0D
:10D17000C4F73AFEC5F797FC16992000ECF7C4F9FE
:10D18000FAF7ECFDF4F7DEFAC4F72EFEC5F78BFCD8
:10D1900039002000F7F77DFFFAF7E0FDF4F7D2FA47
:10D1A000C4F722FEC5F77FFC31002000C5F763FFFE
:10D1B000FAF7D4FDF4F7C6FAC4F716FEC5F773FC08
:10D1C00016992000C5F757FFFAF7C8FDF4F7BAFA29
:10D1D000C4F70AFEC5F767FC04F15800C4F794FDD4
:10D1E000FAF7BCFDF4F7AEFAC4F7FEFD55312F5245
:10D1F000414D2F45787465726E616C416C61726D42
:10D200002F00000055312F464C4153482F53706179
:10D21000726B4672714D61782F00000055312F46B8
:10D220004C4153482F74427265616B657250756C46
:10D2300073652F0055312F464C4153482F744C6570
:10D240006E676874446563722F00000055312F4685
:10D250004C4153482F4B737061726B4C656E677411
:10D26000682F000055312F464C4153482F49696EB5
:10D270004E6F6D696E616C2F0000000055312F46B6
:10D280004C4153482F556F75744E6F6D696E616CCC
:10D290002F00000055312F464C4153482F496F75E0
:10D2A000744E6F6D696E616C2F00000055312F4612
:10D2B0004C4153482F49696E4D6178436C65616EEE
:10D2C0002F00000055312F464C4153482F496F75B0
:10D2D000744D6178436C65616E2F000055312F46A7
:10D2E0004C4153482F5573686F7274436C65616E7F
:10D2F0002F00000055312F464C4153482F49736889
:10D300006F7274436C65616E2F000000D3F1F2E020
:10D31000E2EAE820E2F1F2F0FFF5E8E2E0F2E5EB24
:10D32000E5E9000055312F464C4153482F52533404
:10D3300038355F315F4250532F00000055312F4682
:10D340004C4153482F52533438355F315F44564176
:10D350002F00000055312F464C4153482F52533473
:10D3600038355F315F505254592F000055312F46E8
:10D370004C4153482F52533438355F315F53544F2B
:10D38000502F000055312F464C4153482F525334F3
:10D3900038355F325F4250532F00000055312F4621
:10D3A0004C4153482F52533438355F325F44564115
:10D3B0002F00000055312F464C4153482F52533413
:10D3C00038355F325F505254592F000055312F4687
:10D3D0004C4153482F52533438355F325F53544FCA
:10D3E000502F000055312F52414D2F4C6173745313
:10D3F0007061726B4C656E6774682F0055312F46F3
:10D400004C4153482F745368616B657250756C734F
:10D4100065312F0055312F464C4153482F745368C6
:10D42000616B657250756C7365322F0055312F52E8
:10D43000414D2F4F766572686561744661696C2F46
:10D440000000000055312F52414D2F436865636B3A
:10D4500045787452656164792F00000055312F5270
:10D46000414D2F46726571537061726B57726E2F0A
:10D4700000000000537431376261645F66756E634B
:10D4800074696F6E5F63616C6C00000053743136B9
:10D49000696E76616C69645F617267756D656E74E3
:10D4A00000000000C5F7FFFA2000F4F7C6FEFAF707
:10D4B00055FCF4F747F9C4F797FC14F50470D0F75E
:10D4C0000DFEC4F791FC14F51070C2F7FDFBF4E7F4
:10D4D000C5F7E9FA2000F4F7B0FEFAF73FFCF4F7DD
:10D4E00031F9C4F781FCC5F7DEFA2000D0F7E8F87F
:10D4F000FAF734FCF4F726F9C4F776FCC5F7D3FA4B
:10D500002000D0F7DDF8FAF729FCF4F71BF9C4F78F
:10D510006BFC6846C8F744FBC4F766FC14F12C00AA
:10D52000C2F7D2FBC4F760FC15F50470D0F7D6FD46
:10D53000C4F75AFC15F51070C2F7C6FBF4E7C5F73F
:10D54000B2FA2000D0F7BCF8FAF708FCF4F7FAF8C2
:10D55000C4F74AFCC5F7A7FA2000D0F7B1F8FAF7EC
:10D56000FDFBF4F7EFF8C4F73FFC10B50400200012
:10D57000D5F79CFC01682000F7F72BFA200010BDBE
:10D5800010B504002000E4F710F801682000F7F758
:10D59000ECFA200010BD10B504002000D9F7C4FC3F
:10D5A00001682000F7F7BDFB200010BD10B5040096
:10D5B0002000E6F755FF01682000F7F7FCFC20008B
:10D5C00010BD0000B0AD00805B00840047B1FF7F5C
:10D5D000FFFFFFFF00000000B0B0AC8009004A0070
:10D5E0008DF7FF7FFFFFFFFF00000000B0AD088058
:10D5F000CF023A0091F7FF7FFFFFFFFF000000001E
:10D60000B0AF0C80BF00020195F7FF7FFFFFFFFF67
:10D6100000000000B0B0AC801300220091CEFF7F6C
:10D62000FFFFFFFF00000000B0B0AC80130022003D
:10D63000A5CEFF7FFFFFFFFF00000000B0AB008022
:10D640001100600061FEFF7FFFFFFFFF0000000090
:10D65000B0B0AE809D003000B5EEFF7FFFFFFFFF52
:10D6600000000000B0B0AC8009004A0049F7FF7F1D
:10D67000FFFFFFFF00000000B0B0AC8009004A00CF
:10D680004DF7FF7FFFFFFFFF00000000B0AA018001
:10D69000070020005DF1FF7FFFFFFFFF000000009B
:10D6A000B0AA01800700200065F1FF7FFFFFFFFFA8
:10D6B00000000000B0B0AE8035008A0029F7FF7F7F
:10D6C000FFFFFFFF00000000B0B0AE8035008A0011
:10D6D0002DF7FF7FFFFFFFFF00000000B0B0AC8020
:10D6E00009004A0031F7FF7FFFFFFFFF0000000045
:10D6F000B0AD0880CF023A0035F7FF7FFFFFFFFF94
:10D7000000000000B0AF0C80BF00020139F7FF7FBE
:10D71000FFFFFFFF00000000B0B0AA806B002000F8
:10D720000BEEFF7F4015050800000000B0B0AC8094
:10D7300013002200C9CDFF7FFFFFFFFF00000000A4
:10D74000B0B0AC801300A80189FDFF7FFFFFFFFF91
:10D7500000000000B0B0AE8009003E000BEEFF7F7D
:10D76000FFFFFFFF00000000B0AF0280090064006F
:10D77000EDF6FF7FFFFFFFFF00000000B0AF02806B
:10D7800009006400F1F6FF7FFFFFFFFF00000000CB
:10D79000B0AD0880CF023A00F5F6FF7FFFFFFFFF34
:10D7A00000000000B0AD0880CF023A00F9F6FF7F1C
:10D7B000FFFFFFFF00000000B0AF0C80BF000201C0
:10D7C000FDF6FF7FFFFFFFFF00000000B0AF0C8001
:10D7D000BF00020101F7FF7FFFFFFFFF0000000015
:10D7E000B0B0AC800F0022003DCDFF7FFFFFFFFFF8
:10D7F00000000000B0AB00800F003C00EBFCFF7F9E
:10D80000FFFFFFFF00000000B0AF028009006400CE
:10D81000DDF6FF7FFFFFFFFF00000000B0B0AC802F
:10D8200009004A00E1F6FF7FFFFFFFFF0000000054
:10D83000B0B0AC8009004A00E5F6FF7FFFFFFFFFB4
:10D8400000000000B0AF028009006400E9F6FF7F2D
:10D85000FFFFFFFF00000000B0B0AC8009004A00ED
:10D86000EDF6FF7FFFFFFFFF00000000B0AF02807A
:10D8700009006400F1F6FF7FFFFFFFFF00000000DA
:10D88000B0AA018007002000D9EFFF7FFFFFFFFF54
:10D8900000000000B0AA018007002000E1EFFF7F38
:10D8A000FFFFFFFF00000000B0AD0880CF023A008C
:10D8B000CDF6FF7FFFFFFFFF00000000B0AD088046
:10D8C000CF023A00D1F6FF7FFFFFFFFF000000000C
:10D8D000B0AD0880CF023A00D5F6FF7FFFFFFFFF13
:10D8E00000000000B0AD0880CF023A00D9F6FF7FFB
:10D8F000FFFFFFFF00000000B0AF0C80BF0002017F
:10D90000DDF6FF7FFFFFFFFF00000000B0AF0C80DF
:10D91000BF000201E1F6FF7FFFFFFFFF00000000F4
:10D92000B0AF0C80BF000201E5F6FF7FFFFFFFFFF5
:10D9300000000000B0AF0C80BF000201E9F6FF7FDD
:10D94000FFFFFFFF00000000B0B0AE8035008A008E
:10D95000EDF6FF7FFFFFFFFF00000000B0B0AE80DC
:10D9600035008A00F1F6FF7FFFFFFFFF0000000097
:10D97000B0B0AC800F002200D5CBFF7FFFFFFFFFD0
:10D9800000000000B0AB00800F003C0071FBFF7F87
:10D99000FFFFFFFF00000000B0AF0280090064003D
:10D9A000CDF6FF7FFFFFFFFF00000000B0AF028059
:10D9B00009006400D1F6FF7FFFFFFFFF00000000B9
:10D9C000B0AD0880CF023A00D5F6FF7FFFFFFFFF22
:10D9D00000000000B0AD0880CF023A00D9F6FF7F0A
:10D9E000FFFFFFFF00000000B0AF0C80BF0002018E
:10D9F000DDF6FF7FFFFFFFFF00000000B0AF0C80EF
:10DA0000BF000201E1F6FF7FFFFFFFFF0000000003
:10DA1000B0AA05801B0022000978FF7FFFFFFFFFEF
:10DA200000000000B0AF028009006400D1F6FF7F63
:10DA3000FFFFFFFF00000000B0AD0880CF023A00FA
:10DA4000D5F6FF7FFFFFFFFF00000000B0AF0C80A6
:10DA5000BF000201D9F6FF7FFFFFFFFF00000000BB
:10DA6000B0B0AC8009004A00DDF6FF7FFFFFFFFF8A
:10DA700000000000B0AD0880CF023A00E1F6FF7F61
:10DA8000FFFFFFFF00000000B0AF0C80BF000201ED
:10DA9000E5F6FF7FFFFFFFFF00000000B0AF028050
:10DAA00009006400E9F6FF7FFFFFFFFF00000000B0
:10DAB000B0AD0880CF023A00EDF6FF7FFFFFFFFF19
:10DAC00000000000B0AF0C80BF000201F1F6FF7F44
:10DAD000FFFFFFFF00000000B0AB008011006000FE
:10DAE0005FFAFF7FFFFFFFFF00000000B0B0AC80D7
:10DAF0001300A20161FAFF7FFFFFFFFF000000009B
:10DB0000B0B0AC800D001C00B1C8FF7FFFFFFFFF6D
:10DB100000000000B0B0A8801D001A00B9F6FF7F19
:10DB2000FFFFFFFF000000002000D0F754FDC4F706
:10DB30005BF96846C2F7C8F8C4F756F92000D0F779
:10DB40004AFDC4F751F96846C2F7BEF8C4F74CF96C
:10DB500005A8C8F725F8C4F747F902A8C8F720F8C0
:10DB6000C4F742F906A8C2F7AFF8C4F73DF9684612
:10DB7000C2F7AAF8C4F738F92000D0F72CFDC4F793
:10DB800033F96846C2F7A0F8C4F72EF955312F5281
:10DB9000414D2F55696E4C6F7374416C6D2F0000B1
:10DBA00055312F52414D2F55696E4869416C6D2F8B
:10DBB0000000000055312F52414D2F49696E4173CD
:10DBC000796D416C6D2F000055312F52414D2F4919
:10DBD000696E4F7663416C6D2F00000055312F52F6
:10DBE000414D2F496F75744F7663416C6D2F000066
:10DBF00055312F52414D2F4F75744F70656E416CEA
:10DC00006D2F000055312F52414D2F4F75745368C1
:10DC10006F7274416C6D2F0055312F52414D2F465C
:10DC20007271537061726B416C6D2F0055312F52C0
:10DC3000414D2F4F76657268656174416C6D2F00A0
:10DC400055312F52414D2F447269766572416C6196
:10DC5000726D2F00D0E5F1F3F0F1FB20EFEEE2F072
:10DC6000E5E6E4E5EDFB2100C7E0F9E8F2FB2E2054
:10DC7000CEF1EDEEE2EDFBE50000000055312F4660
:10DC80004C4153482F55696E4C6F772F00000000B0
:10DC900055312F464C4153482F46696E4D696E2FC2
:10DCA0000000000055312F464C4153482F46696E05
:10DCB0004D61782F0000000055312F464C415348EC
:10DCC0002F49696E4D61782F0000000055312F46B5
:10DCD0004C4153482F6449696E4173796D2F0000A0
:10DCE00055312F464C4153482F7449696E41737921
:10DCF0006D2F000055312F464C4153482F496F7509
:10DD0000744D61782F00000055312F464C41534827
:10DD10002F5573686F72742F0000000055312F4625
:10DD20004C4153482F4973686F72742F00000000F4
:10DD300055312F464C4153482F4379636C696369D1
:10DD400074792F0055312F464C4153482F5449695F
:10DD50006E4D61782F00000055312F464C415348DD
:10DD60002F54496F75744D61782F0000CEF1EDEEA0
:10DD7000E2EDFBE520F3F1F2E0E2EAE8000000006A
:10DD800055312F464C4153482F644F757452756E70
:10DD90002F00000055312F464C4153482F644F75DA
:10DDA0007453746F702F000055312F464C41534807
:10DDB0002F4B737061726B4672712F0055312F4675
:10DDC0004C4153482F416C7068614D696E2F0000C3
:10DDD00055312F464C4153482F416C7068614D615D
:10DDE000782F0000CEF7E8F1F2EAE02E20D3F1F22E
:10DDF000E0E2EAE80000000055312F464C4153486C
:10DE00002F55726566436C65616E2F0055312F4644
:10DE10004C4153482F49726566436C65616E2F0013
:10DE200055312F52414D2F537061726B4672712FD5
:10DE300000000000CEF1EDEEE2EDFBE520EFE0F0BA
:10DE4000E0ECE5F2F0FB0000CEF1EDEEE2EDFBE5FB
:10DE500020F3F1F2E0E2EAE800000000CEF7E8F19A
:10DE6000F2EAE02E20D3F1F2E0E2EAE8000000005E
:10DE7000CDE0F1F2F0EEE9EAE820F1E2FFE7E82098
:10DE800045466900CDE0F1F2F0EEE9EAE820EFE086
:10DE9000EDE5EBE800000000CDE0F1F2F0EEE9EA9C
:10DEA000E820EFE0EDE5EBE800000000534C462FE2
:10DEB000464C4153482F50617373776F72642F0043
:10DEC00055312F52414D2F537061726B4672712F35
:10DED000000000004D5353616E73536572696642D2
:10DEE0006F6C643134000000FFC0FFC0FFC0FFC092
:10DEF000FFC0FFC0FFC0FFC0FFC0FFC0FFC0FFC02A
:10DF0000FFC0FFC0FFC0FFC0FFC0FFC0FFC0FFC019
:10DF1000FFC0FFC0FFC0FFC0FFC0FFC0FFC0FFC009
:10DF2000FFC0FFC0FF80F580F580C080EB8081805E
:10DF3000D780D780FF80FF80FFF8CF78B6F8B698FB
:10DF4000B568CB68FB68F798FFF8FFF8FF80C780DB
:10DF500093809380C48091809980C480FF80FF80EB
:10DF6000FF80F780F780F7808080F780F780F78068
:10DF7000FF80FF80FF80FC80F380CF80BF80CF8058
:10DF8000F380FC80FF80FF80FF80FF80FF80808027
:10DF9000FF80FF808080FF80FF80FF80FF809F8068
:10DFA000E780F980FE80F980E7809F80FF80FF8016
:10DFB000FFC0E1C0DEC0B140AD40AD40B0C0DFC089
:10DFC000E1C0FFC0FF80E380E380C980C980C180D9
:10DFD0009C809C80FF80FF80FF80838099809C8054
:10DFE0009C809C8099808380FF80FF80FF80BE8022
:10DFF0009C808880A480A480BC80BC80FF80FF803F
:10E00000FF80C1809C809C809C809C809C80C18083
:10E01000FF80FF80FF80C1809C809C809C809C80D2
:10E020009C80C180F380F880FFF099909990C9306E
:10E03000C930C630E670E670FFF0FFF0FF80F78071
:10E04000E380C9809C80FF80FF80FF80FF80FF808D
:10E05000FFE0FFE0FFE00460332033203320332073
:10E06000FFE0FFE0FF80FF80FF8024802480248089
:10E0700099809980FF80FF80FF80FF80FF80CE80A5
:10E08000B680B980FF80FF80FF80FF80FF80038023
:10E09000CF80CF80C180CC80CC80C980FF80FF80C2
:10E0A000FFF0FFF0FFF0FFF0FFF0FFF09990999084
:10E0B000FFF0FFF0FFF081F099F099F0983099901F
:10E0C00099903830FFF0FFF0FFF099F099F099F057
:10E0D0008030999099909830FFF0FFF0FF80038096
:10E0E000CF80CF80C180CC80CC80CC80FF80FF806F
:10E0F000FFC0FFC0FFC0FFC08040FFC0FFC0FFC027
:10E10000FFC0FFC0FFC01240B540B540B740FFC0E0
:10E11000FFC0FFC0FFC0FFC0FFE0FFE0FFE083E003
:10E120009060932093203060FFE0FFE0FFE0FFE08D
:10E13000FFE033E00060332033203060FFE0FFE099
:10E14000FFC0E1C0DEC0B140AF40AF40B140DEC073
:10E15000E1C0FFC0FF80FF80EE80CC809980CC8042
:10E16000EE80FF80FF80FF80FF80FF80FF80FF80C8
:10E170008080FE80FE80FE80FF80FF80FFC0E1C0C7
:10E18000DEC0A340AD40A340AD40DEC0E1C0FFC053
:10E19000F780F780F7808080F780F780F7808080B5
:10E1A000FF80FF80FFF89D988D688568A168B19811
:10E1B000B9F8BD98FFF8FFF8FF80FF80BB80998019
:10E1C000CC809980BB80FF80FF80FF80FF80E38050
:10E1D000E380C980C980C1809C809C80FF80FF80D3
:10E1E000FF80C180C980C980C980998099800080E2
:10E1F0003C803C80FFF099908910E970E070E070FD
:10E20000C9309990FFF0FFF0FF80BE809C8088802D
:10E21000A480A480BC80BC80FF80FF80FF80C18080
:10E220009C809C809C809C809C80C180FF80FF8023
:10E23000FFC0F3C0C0C0924092409240C0C0F3C043
:10E24000FFC0FFC0FF809980998099809980998054
:10E2500099808080FC80FC80FFF099909990999043
:10E260009990999099908010FFF0FFF0FFF899989D
:10E27000999899989998999899988008FFC8FFC893
:10E28000FF800F80CF80CF80C180CC80CC80C180C8
:10E29000FF80FF80FFE09F209F209F208320992008
:10E2A00099208320FFE0FFE0FFF89C1899C899C8E7
:10E2B00081C899C899C89C18FFF8FFF8FFE0FFE0F3
:10E2C000FFE033209260C0E092603320FFE0FFE087
:10E2D000E780E780E780818024802480248081801B
:10E2E000E780E780FF80FF80FF80248024802480F7
:10E2F00024800080FF80FF80FFC0FFC0FFC024C0DB
:10E3000024C024C024C00040FE40FFC0FFC0FFC0A6
:10E31000FFC03E400640324032400640FFC0FFC0D2
:10E32000FFC0FFC0FFC030C026400640264030C0BE
:10E33000FFC0FFC055312F52414D2F55696E4C6FB4
:10E3400073744661696C2F0055312F52414D2F5522
:10E35000696E48694661696C2F00000055312F5283
:10E36000414D2F53796E634661696C2F00000000A8
:10E3700055312F52414D2F55696E4C6F7757726E44
:10E380002F00000055312F52414D2F436865636BBC
:10E390004472697665722F0000000000740D050854
:10E3A000A50D0508000000000000000000000000AE
:10E3B000800D0508B10D05080000000000000000F8
:10E3C000000000008C0D0508214604080000000034
:10E3D0000000000000000000680D0508BD0D0508E4
:10E3E000000000000000000000000000500D0508C3
:10E3F000C90D05080000000000000000000000003A
:10E400005C0D0508D50D05080000000000000000A7
:10E41000537431326C656E6774685F6572726F72C7
:10E4200000000000537431326F75745F6F665F7265
:10E43000616E67650000000000000000980D05088F
:10E440001D11010800000000000000000000000095
:10E45000601505080000000000000000000000003A
:10E4600010B504002000FEF78DF8200000F002F83F
:10E47000200010BD10B504002000FFF776F810BD95
:10E4800010B504002000FEF78CF8200000F002F820
:10E49000200010BD10B504002000FFF771F810BD7A
:10E4A00010B504002000FEF78BF8200000F002F801
:10E4B000200010BD10B504002000FFF76CF810BD5F
:10E4C00010B50400200000F005F868212000C1F715
:10E4D00025FA10BD10B504002000CAF744F820004A
:10E4E00010BD10B504002000FEF779F8200000F000
:10E4F00002F8200010BD10B504002000FFF756F808
:10E5000010BD14F11800C1F7DFFB2000C1F7DCFBE0
:10E51000C3F76AFCB0A9128012006400F546FF7FC1
:10E5200000000000B0A8098020001200F546FF7F1F
:10E5300000000000B0B0AC800A002800791800008C
:10E5400000000000B0A90280060028009528000005
:10E5500000000000B0B0AC800A00100021E8FF7F8E
:10E5600000000000B0AD08800A00100029E8FF7F1D
:10E5700000000000B0AF0C800A00100031E8FF7FFF
:10E5800000000000B0A9008006001A005F2800000B
:10E5900000000000B0B0AC800A002A00251800007E
:10E5A00000000000B0B0AC800A002A002118000072
:10E5B00000000000B0B0AC800A002A001D18000066
:10E5C00000000000B0B0AC800A002800191800005C
:10E5D00000000000B0B0AC800A0028001518000050
:10E5E00000000000B0A90080060014000928000007
:10E5F00000000000B0A80B800A007A00C36BFF7F08
:10E6000000000000B0B0AC800A002000C1BEFF7F57
:10E6100000000000B0B0AC800A002000D9BEFF7F2F
:10E6200000000000B0AB00800A000E0087EEFF7F04
:10E6300000000000B0B0AE800A001600E7DEFF7FE9
:10E6400000000000B0B0AC800A00100079E7FF7F46
:10E6500000000000B0B0AC800A00100081E7FF7F2E
:10E6600000000000B0AA018010000E0093E1FF7FBF
:10E6700000000000B0AA018010000E009FE1FF7FA3
:10E6800000000000B0B0AE800E000C0069E7FF7F14
:10E6900000000000B0B0AE800E000C0071E7FF7FFC
:10E6A00000000000B0A9008006001A0053270000F7
:10E6B00000000000B0B0AC800A0028004117000044
:10E6C00000000000B0A90280060028003D270000DD
:10E6D00000000000B0A900800600140041270000DF
:10E6E00000000000B0B0AC800A00100039E7FF7FE6
:10E6F00000000000B0AD08800A00100041E7FF7F75
:10E7000000000000B0AF0C800A00100049E7FF7F56
:10E7100000000000B0A80F8012002E00390A00008F
:10E7200000000000B0A900800600140005270000CA
:10E7300000000000B0A80B801E004200FF26000071
:10E7400000000000B0B0AC800A002000D1BDFF7F07
:10E7500000000000B0B0AC800A000E0083EDFF7F27
:10E7600000000000B0A9128032001800CFE0FF7F47
:10E7700000000000B0A9008024001E00C92600008F
:10E780000000000002A802802C0028009DF3FF7FFB
:10E7900000000000B0AB06802A001E0097F3FF7F48
:10E7A00000000000B0AE09804C001A00A326000053
:10E7B00000000000B0B0AA80060022009D260000E4
:10E7C00000000000B0B0AA800600220097260000DA
:10E7D00000000000B0AF02800A0052002D160000B9
:10E7E00000000000B0B0AC800A002800291600002C
:10E7F00000000000B0AF02800A00520025160000A1
:10E8000000000000B0A9008006001400612600008E
:10E8100000000000B0B0AE800A00160061DDFF7F8E
:10E8200000000000B0AF02800A00100041E6FF7F48
:10E8300000000000B0AF02800A00100049E6FF7F30
:10E8400000000000B0AD08800A00100051E6FF7F14
:10E8500000000000B0AD08800A00100059E6FF7FFC
:10E8600000000000B0AF0C800A00100061E6FF7FDE
:10E8700000000000B0AF0C800A00100069E6FF7FC6
:10E8800000000000B0A9128016001800CBDFFF7F47
:10E8900000000000B0A90680120012005F44FF7F54
:10E8A00000000000B0A9008006001A00CB2500007F
:10E8B00000000000B0A9008006001A00C525000075
:10E8C00000000000B0B0AA8006002200BF250000B2
:10E8D00000000000B0B0AA8006002200B9250000A8
:10E8E00000000000B0B0AA8006002600B32500009A
:10E8F00000000000B0B0AA8006002600AD25000090
:10E9000000000000B0B0AA8006002600A725000085
:10E9100000000000B0B0AA8006002600A12500007B
:10E9200000000000B0AF02800A0052000115000094
:10E9300000000000B0B0AC800A002800FD14000008
:10E9400000000000B0B0AC800A002800F9140000FC
:10E9500000000000B0B0AC800A002800F5140000F0
:10E9600000000000B0AF02800A005200F114000065
:10E9700000000000B0B0AC800A002800ED140000D8
:10E9800000000000B0AF02800A005200E91400004D
:10E9900000000000B0A90280060028002B2500001E
:10E9A00000000000B0B0AC800A00200099BBFF7FDF
:10E9B00000000000B0AB00800A000E0039EBFF7FC2
:10E9C00000000000B0AF02800A00100031E5FF7FB8
:10E9D00000000000B0B0AC800A00100039E5FF7FF5
:10E9E00000000000B0B0AC800A00100041E5FF7FDD
:10E9F00000000000B0AF02800A00100049E5FF7F70
:10EA000000000000B0B0AC800A00100051E5FF7FAC
:10EA100000000000B0AF02800A00100059E5FF7F3F
:10EA200000000000B0AA018010000E0043DEFF7F4E
:10EA300000000000B0AA018010000E004FDEFF7F32
:10EA400000000000B0AD08800A00100041E5FF7F23
:10EA500000000000B0AD08800A00100049E5FF7F0B
:10EA600000000000B0AD08800A00100051E5FF7FF3
:10EA700000000000B0AD08800A00100059E5FF7FDB
:10EA800000000000B0AF0C800A00100061E5FF7FBD
:10EA900000000000B0AF0C800A00100069E5FF7FA5
:10EAA00000000000B0AF0C800A00100071E5FF7F8D
:10EAB00000000000B0AF0C800A00100079E5FF7F75
:10EAC00000000000B0B0AE800E000C0081E5FF7FBA
:10EAD00000000000B0B0AE800E000C0089E5FF7FA2
:10EAE00000000000B0AB008006003000E52300000D
:10EAF00000000000B0AF02800A0052008513000041
:10EB000000000000B0AF02800A0052008113000034
:10EB100000000000B0B0AC800A0028007D130000A7
:10EB200000000000B0B0A88006001A00D7F9FF7FEF
:10EB300000000000B0B0AC800A00200031BAFF7FB6
:10EB400000000000B0AB00800A000E00BFE9FF7FAC
:10EB500000000000B0AF02800A00100021E5FF7F36
:10EB600000000000B0AF02800A00100029E5FF7F1E
:10EB700000000000B0AD08800A00100031E5FF7F02
:10EB800000000000B0AD08800A00100039E5FF7FEA
:10EB900000000000B0AF0C800A00100041E5FF7FCC
:10EBA00000000000B0AF0C800A00100049E5FF7FB4
:10EBB00000000000B0A9088012003800DB90FF7F41
:10EBC00000000000B0AA09802C00F4000759FF7F64
:10EBD00000000000B0B0A8803C001A00FF22000036
:10EBE00000000000B0A80F80140026009FF0FE7FF8
:10EBF00000000000B0A80580100018009FF0FE7F04
:10EC000000000000B0AB0A8018006000DDF3FE7F5A
:10EC100000000000B0A80F8014002800C901FF7F89
:10EC200000000000B0A8058010001800C901FF7F97
:10EC300000000000B0AB0A80180060006504FF7F90
:10EC400000000000B0A80F80140026005D47FF7F81
:10EC500000000000B0A80580100018005D47FF7F8D
:10EC600000000000B0AB0A80180060001B48FF7F66
:10EC700000000000B0A80F8014002600893BFF7F31
:10EC800000000000B0A8058010001800893BFF7F3D
:10EC900000000000B0AB0A8018006000CF3CFF7F8E
:10ECA00000000000B0A910802C002200B94EFF7FA8
:10ECB00000000000B0AB0A8046002C00E757FF7F41
:10ECC00000000000B0A80F801A002600CF28FF7FA8
:10ECD00000000000B0A8058010001800CF28FF7FBA
:10ECE00000000000B0A9108012003E003129FF7F13
:10ECF00000000000B0AB0A8018006000352AFF7FDA
:10ED000000000000B0AB0A8046002C009916FF7F7F
:10ED100000000000B0A80F80140026006F18FF7FCD
:10ED200000000000B0A80580100018006F18FF7FD9
:10ED300000000000B0AB0A8018006000031AFF7FDB
:10ED400000000000B0A80F8014002000ED2DFF7F10
:10ED500000000000B0A8058012001800ED2DFF7F14
:10ED600000000000B0AA058014003600FB2DFF7FD4
:10ED700000000000B0A9108012003000F52DFF7FC8
:10ED800000000000B0AB0A8018006000EF2EFF7F8B
:10ED900000000000B0B0AA80060026004921000053
:10EDA00000000000B0B0AA80060026004321000049
:10EDB00000000000B0B0AA80060026003D2100003F
:10EDC00000000000B0AB0A8018006000C515FF7F8E
:10EDD00000000000B0A910802C002200BB47FF7F7C
:10EDE00000000000B0A80F8014002600C902FF7FB9
:10EDF00000000000B0A8058010001800C902FF7FC5
:10EE000000000000B0AB0A80180060001705FF7F0B
:10EE100000000000B0AB0A8046002A004155FF7F89
:10EE2000000000000084068012001200750DFF7FB4
:10EE300000000000B0AA05800C0028006F0DFF7FC5
:10EE400000000000B0B0AA8006002600B720000035
:10EE500000000000B0B0AA8006002600B12000002B
:10EE600000000000B0B0AA8006002600AB20000021
:10EE700000000000B0AF02800A005200291000001C
:10EE800000000000B0AF02800A00100081E2FF7FA6
:10EE900000000000B0AD08800A00100089E2FF7F8A
:10EEA00000000000B0AF0C800A00100091E2FF7F6C
:10EEB00000000000B0AA05800C001C000D5BFF7F65
:10EEC0000000000002A9018008002200A14BFF7F82
:10EED0000000000002A90180080022009D4BFF7F76
:10EEE0000000000002A9018008002200994BFF7F6A
:10EEF0000000000002A9018008002200954BFF7F5E
:10EF00000000000002A9018008002200914BFF7F51
:10EF10000000000002A90180080022008D4BFF7F45
:10EF200000000000B0AA09802A003000C94BFF7F12
:10EF300000000000B0A9008004001600C34BFF7F52
:10EF400000000000B0A9008006001A00D51F0000D4
:10EF500000000000B0B0AC800A002800550F00008F
:10EF600000000000B0A9028006002800BF1F0000BA
:10EF700000000000B0A9008006001400B91F0000C6
:10EF800000000000B0B0AC800A001000C9E1FF7FB3
:10EF900000000000B0AD08800A001000D1E1FF7F42
:10EFA00000000000B0AF0C800A001000D9E1FF7F24
:10EFB00000000000B0A8058022005E00AB59FF7F72
:10EFC0000000000002A802801400280071EBFF7FFF
:10EFD00000000000B0AB068026001E006BEBFF7F38
:10EFE00000000000B0AF02800A005200D10E000005
:10EFF00000000000B0AF02800A001000A1E1FF7F16
:10F0000000000000B0AD08800A001000A9E1FF7FF9
:10F0100000000000B0AF0C800A001000B1E1FF7FDB
:10F0200000000000B0A906801A001200131F0000A3
:10F030000000000002A802802C002A00998AFF7FAD
:10F0400000000000B0AB068028001E00938AFF7FFE
:10F050000000000002A802802C0028001DEBFF7FAA
:10F0600000000000B0AB068028001E0017EBFF7FF9
:10F0700000000000B0AA058042001A00CD1E00006A
:10F0800000000000B0AB00800A000E00C1E4FF7F6A
:10F0900000000000B0A9128012006400CD44FF7F80
:10F0A00000000000B0A8098020001200CD44FF7FBE
:10F0B00000000000B0A8078012001A00CF54FF7FA4
:10F0C00000000000B0AC058054001C00C954FF7F54
:10F0D00000000000B0B0AA8016001E00771E0000DD
:10F0E00000000000B0B0AC800A000E0077E4FF7FA3
:10F0F00000000000B0A900800C001600611E000096
:10F1000000000000B0A900800C0016005B1E00008B
:10F1100000000000B0A8018004002000E754FF7F39
:10F1200000000000B0A8018004002000E154FF7F2F
:10F1300000000000B0A8018004002200DB54FF7F23
:10F1400000000000B0B0A8800A00100099E0FF7F26
:10F150000000000006A8CEF7C1FF6846C0F7B4FD66
:10F16000C2F742FE55312F52414D2F53796E634104
:10F170006C6D2F005456697375616C4F626A6563DC
:10F1800074000000464C4153485F444154415F4580
:10F190005252000055312F464C4153482F55696E4D
:10F1A00048692F0055312F464C4153482F556F70F9
:10F1B000656E2F0055312F464C4153482F496F70D3
:10F1C000656E2F0055312F464C4153482F557265BF
:10F1D000662F000055312F464C4153482F49726528
:10F1E000662F000055312F464C4153482F4B752F49
:10F1F0000000000055312F464C4153482F4B692FDA
:10F200000000000055312F43442F4B616463556962
:10F210006E2F000055312F43442F4B6164634969C1
:10F220006E2F0000496F75744D6178436C65616E97
:10F230000000000055312F52414D2F557265662F49
:10F240000000000055312F52414D2F497265662F45
:10F250000000000055312F52414D2F556F757441FC
:10F2600076652F0055312F52414D2F496F757441EE
:10F2700076652F0055312F464C4153482F55726506
:10F28000662F000055312F464C4153482F49726577
:10F29000662F0000D1F2E0F2F3F120F0E0E1EEF2AF
:10F2A000FB0000004F706572617465537461747582
:10F2B00073000000CFF0E5E4F3EFF0E5E6E4E5ED00
:10F2C000E8FF0000426173696353657474696E6797
:10F2D000730000005368616B657253657474696EE6
:10F2E00067730000436C65616E53657474696E6783
:10F2F000730000004E6574576F726B5365747469C8
:10F300006E67730050616E656C53657474696E67E7
:10F3100073000000C8EDF2E5F0F4E5E9F1FB2045EB
:10F320004669000055312F52414D2F526561647975
:10F330002F00000055312F52414D2F4E6F726D61DD
:10F340006C2F000055312F52414D2F436C65616E7B
:10F350002F00000055312F52414D2F4D616E7561C8
:10F360006C2F0000506172616D4C69737445646963
:10F370007400000055312F52414D2F556F75744167
:10F3800076652F0055312F52414D2F496F757441CD
:10F3900076652F0055312F52414D2F55696E4176BC
:10F3A000652F000055312F52414D2F49696E41762E
:10F3B000652F000055312F52414D2F553234562FB5
:10F3C0000000000055312F52414D2F556F75742F9D
:10F3D0000000000055312F52414D2F496F75742F99
:10F3E00000000000C2F1F2F0FFF5E8E2E0F2E5EB28
:10F3F000E8000000CFF0E5E4F3EFF0E5E6E4E5ED4A
:10F40000E8FF0000426173696353657474696E6755
:10F41000730000004F706572617465537461747598
:10F4200073000000436C65616E53657474696E67A8
:10F43000730000004E6574576F726B536574746986
:10F440006E67730050616E656C53657474696E67A6
:10F45000730000005368616B657253657474696E64
:10F4600067730000808080808080808080808080C2
:10F4700080808080E0E0E0E0E0E0E0E0E0E0E0E00C
:10F48000E0E0E0E0E0E0E0E0E0E0E0E0E0E0E0E07C
:10F49000E0E0E0E0E0E0E0E0E0E0E0E0E0E0E0E06C
:10F4A000E0E0E0E0E0E0E0E0E0E0E0E0E0E0E0E05C
:10F4B000E0E0E0E0E0E0E0E0E0E0E0E0E0E0E0E04C
:10F4C000E0E0E0E0E0E0E0E0E0E0E0E0E0E0E0E03C
:10F4D000E0E0E0E0E0E0E0E0E0E0E0E0E0E0E0E02C
:10F4E000E0E0E0E0E0E0E0E0E0E0E0E0E0E0E0E01C
:10F4F000E0E0E0E08080808080808080808080808C
:10F5000080808080F8F8F8F8F8F8F8F8F8F8F8F85B
:10F51000F8F8F8F8E0E0E0E0E0E0E0E0E0E0E0E08B
:10F52000E0E0E0E0F8F8F8F8F8F8F8F8F8F8F8F8BB
:10F53000F8F8F8F8E0E0E0E0E0E0E0E0E0E0E0E06B
:10F54000E0E0E0E0E0E0E0E0E0E0E0E0E0E0E0E0BB
:10F55000E0E0E0E0E0E0E0E0E0E0E0E0E0E0E0E0AB
:10F56000E0E0E0E0E0E0E0E0E0E0E0E0E0E0E0E09B
:10F57000E0E0E0E0E0E0E0E0E0E0E0E0E0E0E0E08B
:10F58000E0E0E0E0E0E0E0E0E0E0E0E0E0E0E0E07B
:10F59000E0E0E0E0E0E0E0E0E0E0E0E0E0E0E0E06B
:10F5A000E0E0E0E0E0E0E0E0E0E0E0E0E0E0E0E05B
:10F5B000E0E0E0E0E0E0E0E0E0E0E0E0E0E0E0E04B
:10F5C000E0E0E0E0E0E0E0E0E0E0E0E0E0E0E0E03B
:10F5D000E0E0E0E0E0E0E0E0E0E0E0E0E0E0E0E02B
:10F5E000E0E0E0E0E0E0E0E0E0E0E0E0E0E0E0E01B
:10F5F000E0E0E0E0E0E0E0E0E0E0E0E0E0E0E0E00B
:10F60000E0E0E0E0E0E0E0E0E0E0E0E0E0E0E0E0FA
:10F61000E0E0E0E0E0E0E0E0E0E0E0E0E0E0E0E0EA
:10F62000E0E0E0E0E0E0E0E0E0E0E0E0E0E0E0E0DA
:10F63000E0E0E0E0E0E0E0E0E0E0E0E0E0E0E0E0CA
:10F64000E0E0E0E0E0E0E0E0E0E0E0E0E0E0E0E0BA
:10F65000E0E0E0E0F0F0F0F0F0F0F0F0F0F0F0F0EA
:10F66000F0F0F0F0F0F0F09090909090909090F09A
:10F6700090F0F0F0FCFCFC84848484FCFCFCFCFC3A
:10F68000FCFCFCFCFFFFFFE1E1E180C3C3018787D5
:10F6900087FFFFFFFFFFFFE7C3818187C3E1E181B0
:10F6A000C3E7FFFFF0F0F090909090F0F0F0F0F0F2
:10F6B000F0F0F0F0F8F8F8E0C8C8989898989898A2
:10F6C00098C8C8E0F8F8F8389898C8C8C8C8C8C832
:10F6D000C8989838FCFCFCCC008400FCFCFCFCFCCA
:10F6E000FCFCFCFCFFFFFFFFFFFFE7E781E7E7FF14
:10F6F000FFFFFFFFF0F0F0F0F0F0F0F0F0F0F0F0CE
:10F700009030F0F0F8F8F8F8F8F8F8F800F8F8F8B1
:10F71000F8F8F8F8F0F0F0F0F0F0F0F0F0F0F0F0C9
:10F7200090F0F0F0F8F8F8E0E0E0C8C8C8989898D1
:10F73000383838F8FFFFFFC39999999999999999A1
:10F74000C3FFFFFFFFFFFFE787E7E7E7E7E7E7E73D
:10F75000E7FFFFFFFFFFFFC39999F9F3E7CF9F9FF3
:10F7600081FFFFFFFFFFFFC399F9F9E3F9F9F99969
:10F77000C3FFFFFFFFFFFFF9F1E1E1C99981F9F94B
:10F78000F9FFFFFFFFFFFF819F9F9F8399F9F99981
:10F79000C3FFFFFFFFFFFFC3999F9F83899999993B
:10F7A000C3FFFFFFFFFFFF81F9F9F3F3E7E7CFCFD7
:10F7B000CFFFFFFFFFFFFFC3999999C399999999CB
:10F7C000C3FFFFFFFFFFFFC399999991C1F9F99911
:10F7D000C3FFFFFFF0F0F0F0F0F090F0F0F0F0F089
:10F7E00090F0F0F0F0F0F0F0F0F090F0F0F0F0F0D9
:10F7F0009030F0F0FFFFFFFFFFF1E3C78FC7E3F1A9
:10F80000FFFFFFFFFFFFFFFFFFFFFF81FF81FFFF04
:10F81000FFFFFFFFFFFFFFFFFF8FC7E3F1E3C78F8E
:10F82000FFFFFFFFFFFFFFC39999F9F3E7E7E7FF4A
:10F83000E7FFFFFFF0F0F090909090909090909004
:10F8400090F0F0F0FFFFFFF9F9F9F9F9F9F999995A
:10F85000C3FFFFFFFFFFFF9F9F9F9F9F9F9F9F9F54
:10F8600080FFFFFFF8F8F8809898989898989898F3
:10F8700098989880F8F8F8383838989898C8C8C890
:10F88000E0E0E0F8F8F8F808C8C8C8C8C8C8C8C8B0
:10F89000C8C8C808FFFFE7C399FFFFFFFFFFFFFFCE
:10F8A000FFFFFFFFFFFFFFFFFFFFFFFFFFFFFFFF68
:10F8B000FFFF00FFF8F8F898C8F8F8F8F8F8F8F83B
:10F8C000F8F8F8F8FFFFFFFFFFFFC19C9F9F9F9C88
:10F8D000C1FFFFFFF0F0F0C09090009090909090EA
:10F8E00090F0F0F0FFFFFF9F9F9F8389999999996E
:10F8F00099FFFFFFF0F0F090F0F0909090909090D2
:10F9000090F0F0F0F0F0F090F0F0909090909090F7
:10F9100090909030FFFFFF9F9F9F999387879399C7
:10F920009CFFFFFFF0F0F09090909090909090905E
:10F9300090F0F0F0FFFFFFFFFFFF838999999999FD
:10F9400099FFFFFFF8F8F8F8F8F8808898989898E9
:10F9500098F8F8F8FFFFFFFFFFFFC3999FC3F999DD
:10F96000C3FFFFFFF0F0F0F0909000909090909027
:10F97000C0F0F0F0FFFFFFFFFFFF9999999999916F
:10F98000C1FFFFFFFFFFFFFFFFFF3C3C9999C3C38F
:10F99000E7FFFFFFFEFEFEFEFEFE3892C6C6C692E1
:10F9A00038FEFEFEFFFFFFFFFFFF3C3C9999C3C3FB
:10F9B000E7E7CF1FFEFEFEFEFEFE82F2E6CECE9E03
:10F9C00082FEFEFEFCFCFCE0CCCCCCCCCC1CCCCC37
:10F9D000CCCCCCE0F0F0F090909090909090909003
:10F9E00090909090FCFCFC1CCCCCCCCCCCE0CCCC53
:10F9F000CCCCCC1CF8F8F8083838383838383838D7
:10FA000008F8F8F8F9F3FF809F9F9F9F9F9F9F9FA3
:10FA10009FFFFFFFF0F0F0F0F0F0F0F0F0F0F0F00A
:10FA20009030F0F0FEFEFEF2E6FE809E9E9E9E9ED0
:10FA30009EFEFEFEF8F8F8F8F8F8F8F8F8F8F8F88E
:10FA40008008F8F8FEFEFEFEFEFEFEFEFEFEFEFE56
:10FA500080FEFEFEFFFFFFE7E781E7E7E7E7E7E776
:10FA6000E7FFFFFFFFFFFFE7E781E7E7E7E781E762
:10FA7000E7FFFFFFFFFFFFC39999079F0F9F99992A
:10FA8000C3FFFFFFFEFEFEFEFEFEFEE6CE9ECEE6BE
:10FA9000FEFEFEFEFFFFFF9F039F838999999999C0
:10FAA00099F9F9E3F0F0F03090F0F0F0F0F0F0F0C8
:10FAB000F0F0F0F0F0F0F09030F0F0F0F0F0F0F066
:10FAC000F0F0F0F0F8F8F80880F8F8F8F8F8F8F83E
:10FAD000F8F8F8F8F8F8F88008F8F8F8F8F8F8F80E
:10FAE000F8F8F8F8FFFFFFFFFFFFC783C7FFFFFF2E
:10FAF000FFFFFFFFFEFEFEFEFEFEFEFE82FEFEFE9E
:10FB0000FEFEFEFE808080808080808080808080FD
:10FB100080808080FEFEFEFEFEFEFECEE6F2E6CE99
:10FB2000FEFEFEFEFFFFFFFFF3E7999387879399A1
:10FB30009CFFFFFFFFFFFF9F019F83899999999980
:10FB400099FFFFFFFFFFFFFFFFFF9999999999998F
:10FB500081E7E7FFF0F0F0F0F0F0F0F0F0F0F0F017
:10FB6000F0F0F0F0FFFFFFF9F9F9F9F9F9F99999D7
:10FB7000C3FFFFFFFFFFFF99C3C3C399FFFFFFFF51
:10FB8000FFFFFFFFF0F0F0909090909090F0909039
:10FB900090909090FFFFFFC399CFC793C9E3F3996B
:10FBA000C3FFFFFFFFFFFFFFFFFFFFE1C387C3E1CD
:10FBB000FFFFFFFFFFFFFFFFFFFFFF81F9FFFFFFD9
:10FBC000FFFFFFFFF8F8F8F8F8F8F8F8F8F8F8F899
:10FBD000F8F8F8F800F0F090909090909090909055
:10FBE00090F0F0F0F8F8F8C880C8F8F8F8F8F8F8ED
:10FBF000F8F8F8F8FFFFFFFFFFFFE7E781E7E7FF0F
:10FC000081FFFFFFF0F0F090909090909090909096
:10FC100090F0F0F0F0F0F090F0F0909090909090E4
:10FC200090F0F0F0FEFEFEFEF8F0809E9E9E9E9EFE
:10FC30009EFEFEFEFFFFFFFFFFFF999999999990A5
:10FC4000819F9FFFFFFFFFC181818181C1E1E1E1D0
:10FC5000E1FFFFFFF0F0F0F0F0F0F090F0F0F0F0E6
:10FC6000F0F0F0F0FFFFFFFFFFFFFF87C3E1C38766
:10FC7000FFFFFFFFF0F0F090F0F0909090909090E8
:10FC800090909030FFFFFFFFFFFFC3999FC3F9994A
:10FC9000C3FFFFFFF0F0F000F0F090909090909094
:10FCA00090F0F0F0FFFFFF809F9F9F9F9F9F9F9F7F
:10FCB0009FFFFFFFFEFEFEFEFEFE809E9E9E9E9E1E
:10FCC0009EFEFEFEFFFFFFFFFFFF9993878793993C
:10FCD0009CFFFFFFFFFFFFFFFFFFC19C9F9F9F9CBB
:10FCE000C1FFFFFFFFFFFFFFFFFF81E7E7E7E7E758
:10FCF000E7FFFFFFFEFEFEFEFEFE3892C6C6C6927E
:10FD000038FEFEFEFFFFFFFFFFFF9F9F9F83999935
:10FD100083FFFFFFFFFFFFFFFFFFC19999C1E1C90B
:10FD200099FFFFFF00000000FC0C05080000000028
:10FD30000000000000000000080D050800000000A1
:10FD40000000000000000000140D05080000000085
:10FD500000000000537439747970655F696E666FD6
:10FD600000000000537431306261645F7479706523
:10FD700069640000537431316C6F6769635F657249
:10FD8000726F72005374396261645F616C6C6F638F
:10FD900000000000537439657863657074696F6E94
:10FDA0000000000001488047014800476D2D04080D
:10FDB00005CA040841462000C046C046C2F714F8F0
:10FDC00041462000C046C046C2F70EF8414620001A
:10FDD000C046C046C2F708F841462000C046C046AB
:10FDE000C2F702F841462000C046C046C1F7FCFFFA
:10FDF00041462000C046C046C1F7F6FF41462000FC
:10FE0000C046C046C1F7F0FF01992000C046C04679
:10FE1000C1F7EAFF41462000C046C046C1F7E4FFF3
:10FE200001992000C046C046C1F7DEFF01992000BD
:10FE3000C046C046C1F7D8FF41462000C046C04674
:10FE4000C1F7D2FF41462000C046C046C1F7CCFFF3
:10FE500041462000C046C046C1F7C6FF01992000B8
:10FE6000C046C046C1F7C0FF41462000C046C0465C
:10FE7000C1F7BAFF01992000C046C046C1F7B4FFE0
:10FE800001992000C046C046C1F7AEFF019920008D
:10FE9000C046C046C1F7A8FF41462000C046C04644
:10FEA000C1F7A2FF01992000C046C046C1F79CFFE0
:10FEB00041462000C046C046C1F796FF0199200088
:10FEC000C046C046C1F790FF4F757453686F727497
:10FED00000000000467271537061726B00000000F8
:10FEE0004F7665726865617400000000457874653E
:10FEF000726E616C0000000056657264616E613163
:10FF000032000000436D64577269746500000000A0
:10FF1000436D6457726974650000000055312F52BB
:10FF2000414D2F434D442F00000000000000000011
:10FF3000010000006572722E6164647200000000AE
:10FF40006F75742E61646472000000003DA10208A8
:10FF500047A1020851A102080000000000000000B3
:10FF60000100000056657264616E6131320000006C
:10FF7000C7E0E3F0F3E7EAE02E2E2E005665726448
:10FF8000616E61313200000056657264616E6131EC
:10FF90003200000030313233343536373839000022
:10FFA000303132333435363738392D005665726486
:10FFB000616E61313200000055312F464C4153488B
:10FFC0002F0000004D61696E4D656E7500000000E8
:10FFD0004564697456616C75650000006449696E1A
:10FFE0004173796D000000007449696E4173796D49
:10FFF000000000005370724672714D61780000007D
:020000040805ED
:100000007442726B50756C73650000004379636CC9
:1000100069636974790000006444656372537072A7
:1000200046710000744C656E744465630000000006
:1000300054496F75744D61780000000055312F46AA
:100040004C4153482F0000004D61696E4D656E753F
:10005000000000004564697456616C75650000001D
:10006000644F757453746F7000000000644F7574B2
:10007000415370726B00000074486C64415370729D
:100080006B0000004B7370726B4C656E00000000DB
:100090004B7370726B4672710000000049696E4EBE
:1000A0006F6D696E616C0000556F75744E6F6D6990
:1000B0006E616C00496F75744E6F6D696E616C0096
:1000C0004D61696E4D656E75000000004564697490
:1000D00056616C7565000000CAE0EBE8E1F0EEE205
:1000E000EAE8000055312F464C4153482F000000EC
:1000F0004D61696E4D656E75000000004564697460
:1001000056616C756500000055726566436C6561EB
:100110006E00000049726566436C65616E00000008
:1001200049696E4D6178436C65616E005573686F07
:100130007274436C65616E004973686F7274436CCE
:1001400065616E004D61696E4D656E750000000061
:100150004564697456616C756500000055312F5215
:10016000414D2F4F75742F00545461674C696E6573
:10017000000000005761726E696E67730000000036
:10018000CAE0EBE8E1F0EEE2EAE8000055312F4684
:100190004C4153482F0000004D61696E4D656E75EE
:1001A000000000004D61696E4D656E750000000035
:1001B00055312F52414D2F52756E2F0055312F5210
:1001C000414D2F5641432F0055312F52414D2F4362
:1001D0004D442F004D61696E4D656E750000000045
:1001E00000000A08FF000000FF0000004D61696E7A
:1001F0004D656E75000000004564697456616C754C
:10020000650000004C6173745370724C656E0000A1
:10021000537061726B4672710000000055312F52AD
:10022000414D2F46696E2F0055312F52414D2F55AC
:1002300035562F0055312F52414D2F55696E2F00E5
:1002400055312F52414D2F49696E2F00745368501C
:100250006175736531000000745368506175736592
:10026000320000005453683152756E53746F700041
:100270005453683252756E53746F70004E6F20562F
:10028000616C7565000000004E6F20636F6D6D61DD
:100290006E6400004D61696E4D656E750000000072
:1002A0005761726E696E677300000000456469747F
:1002B00056616C756500000050726D4C6973744531
:1002C000646974005450726D4C69737400000000CE
:1002D00054496E7465676572000000005450726D79
:1002E0004C69737400000000000000000000000072
:1002F00000000000545461674C696E650000000006
:100300006572722E61646472000000006F75742E55
:10031000616464720000000056657264616E613150
:10032000320000008080808080808080808000009B
:10033000C0C0C0C0C0C0C0C0C0C00000C0C0C0C03D
:10034000C0C0C0C0C0C00000C0C0C0C0C0C0C0C02D
:10035000C0C00000C0C0C0C0C0C0C0C0C0C000009D
:10036000C0C0C0C0C0C0C0C0C0C00000C0C0C0C00D
:10037000C0C0C0C0C0C00000C0C0C0C0C0C0C0C0FD
:10038000C0C00000C0C0C0C0C0C0C0C0C0C000006D
:10039000808080808080808080800000C0C0C0C05D
:1003A000C0C0C0C0C0C00000C0C0C0C0C0C0C0C0CD
:1003B000C0C00000C0C0C0C0C0C0C0C0C0C000003D
:1003C000C0C0C0C0C0C0C0C0C0C00000C0C0C0C0AD
:1003D000C0C0C0C0C0C00000C0C0C0C0C0C0C0C09D
:1003E000C0C00000C0C0C0C0C0C0C0C0C0C000000D
:1003F000C0C0C0C0C0C0C0C0C0C00000C0C0C0C07D
:10040000C0C0C0C0C0C00000C0C0C0C0C0C0C0C06C
:10041000C0C00000C0C0C0C0C0C0C0C0C0C00000DC
:10042000C0C0C0C0C0C0C0C0C0C00000C0C0C0C04C
:10043000C0C0C0C0C0C00000C0C0C0C0C0C0C0C03C
:10044000C0C00000C0C0C0C0C0C0C0C0C0C00000AC
:10045000C0C0C0C0C0C0C0C0C0C00000C0C0C0C01C
:10046000C0C0C0C0C0C00000C0C0C0C0C0C0C0C00C
:10047000C0C00000C0C0C0C0C0C0C0C0C0C000007C
:10048000E0E0E0E0E0E0E0E0E0E00000F09090900C
:100490009090F090F0F00000242424FCFCFCFCFC84
:1004A000FCFC0000EEC68A8EC6E2A2C6EEEE00009C
:1004B000202020E0E0E0E0E0E0E00000E0C89898E4
:1004C00098989898C8E000003898C8C8C8C8C8C8A4
:1004D00098380000EEAAC6AAEEFEFEFEFEFE000060
:1004E000F0F0F0F0F0F0909090B00000F8F8F8F82C
:1004F00088F8F8F8F8F80000F0F0F0F0F0F09090DC
:10050000F0F00000FAFAF6F6EEEEDEDEBEBE000017
:10051000FEC69292929292C6FEFE0000FEE6C6E6EB
:10052000E6E6E6C2FEFE0000FEC6B2F2E6CE9E821F
:10053000FEFE0000FEC6B2F2C6F2B2C6FEFE00002B
:10054000FEF2E2D2B280F2F2FEFE0000FE829E8651
:10055000F2F2B2C6FEFE0000FEC69E86929292C6DF
:10056000FEFE0000FE82F2E6E6CECE9EFEFE00001B
:10057000FEC69292C69292C6FEFE0000FEC69292FF
:1005800092C2F2C6FEFE0000F0F0F09090F0909063
:10059000F0F00000F0F0F09090F0909090B000003B
:1005A000FC8C64E4CC9CFC9CFCFC0000FF839999CF
:1005B00083999983FFFF0000FEC69A9E9E9E9AC66D
:1005C000FEFE0000FE829E9E829E9E82FEFE000037
:1005D000FE829E9E829E9E9EFEFE0000FFC39D9F09
:1005E0009F9199C1FFFF0000FF999999819999996D
:1005F000FFFF0000FC84CCCCCCCCCC84FCFC000005
:10060000FC84E4E4E4E4E40CFCFC0000FF99938740
:100610008F879399FFFF0000FC9C9C9C9C9C9C8076
:10062000FCFC0000FFBD9D8DA5B1B9BDFFFF000022
:10063000FF83999999839F9FFFFF0000FF839999FA
:100640008393999CFFFF0000FEC69A9EC6F2B2C635
:10065000FEFE0000FC00CCCCCCCCCCCCFCFC0000E2
:10066000FF999999999999C3FFFF0000FF9999996A
:10067000C3C3C3E7FFFF0000FF9999C3E7C399997C
:10068000FFFF0000FF9999C3E7E7E7E7FFFF0000DE
:10069000FE82F2E6CE9E9E82FEFE0000889898982A
:1006A0009898989898880000BEBEDEDEEEEEF6F6CA
:1006B000FAFA000088C8C8C8C8C8C8C8C8880000F6
:1006C000FEFEFEFEFEFEFEFEFE000000CEE6FEFE8C
:1006D000FEFEFEFEFEFE0000FEFEFE86F28232827E
:1006E000FEFE00003E3E3E0632323206FEFE0000B6
:1006F000FCFCFC843C3C3C84FCFC0000F2F2F282FA
:1007000032323282FEFE0000FEFEFE8632023E8261
:10071000FEFE0000C098980098989898F8F800009D
:10072000FEFEFE8232323282F28600003E3E3E06FD
:1007300032323232FEFE0000E020E0202020202075
:10074000E0E00000F090F010909090909030000069
:100750003E3E3E32260E2632FEFE000020202020A5
:1007600020202020E0E00000FEFEFE063232323281
:10077000FEFE0000FEFEFE8632323286FEFE0000E5
:10078000FEFEFE06323232063E3E0000FEFEFE82D5
:1007900032323282F2F20000F8F8F82000383838AD
:1007A000F8F80000FCFCFC843C04E40CFCFC0000B9
:1007B000F8989800989898C0F8F80000FEFEFE326D
:1007C00032323282FEFE0000FEFEFE32328686CEDD
:1007D000FEFE0000FEFEFE3286CE8632FEFE0000E9
:1007E000FEFEFE32328686CECE9E0000FCFCFC046D
:1007F000CC9C3C04FCFC0000F2E6E6E68EE6E6E675
:10080000E6F20000D8D8D8D8D8D8D8D8D8D80000A0
:100810009ECECECEE2CECECECE9E0000FCFCFCFC28
:10082000FCFCFCFCFCFC0000FC809C9C9C9C9C9CBC
:10083000FCFC0000E0E0E0E0E0E0202060E0000000
:10084000E0C8F80838383838F8F80000FCFCFCFC40
:10085000FCFC24246CFC0000EEEE82EEEEEEEEFEDC
:10086000FEFE0000EEEE82EE82EEEEFEFEFE0000E8
:10087000FEC69A0E9E0E9AC6FEFE0000F8F8E8C864
:1008800098C8E8F8F8F80000FF999197878793993E
:10089000FFFF0000FF99999999999981E7E7000076
:1008A0003E0E3E0632323232E6CE00002020A0E07C
:1008B000E0E0E0E0E0E000008080A0E0E0E0E0E0F8
:1008C000E0E000002424B4FCFCFCFCFCFCFC000088
:1008D0009090B4FCFCFCFCFCFCFC0000FEFEC6821C
:1008E0008282C6FEFEFE0000FEFEFEFE82FEFEFED0
:1008F000FEFE0000F8F8B898C898B8F8F8F80000BC
:10090000E6CEFE32260E2632FEFE00003F0F3F03EB
:1009100039393939FFFF0000FEFEFE323232320231
:10092000CEFE0000E0E0E0E0E0E0E0E0E0E000003B
:10093000FF9999C3C3E7878FFFFF00007A86FE32D5
:10094000328686CECE9E0000FC84E4E4E4E4E40C2F
:10095000FCFC0000FEFEBCC2DADAC2BCFEFE0000F7
:10096000F8809E9E9E9E9E9EFEFE0000D8D8D8D8FF
:10097000F8F8D8D8D8D80000FEC69A9E8692C2F25F
:10098000B2C60000FE829E9E829E9E82FEFE0000F7
:10099000FEC69A9E869E9AC6FEFE0000F8F8F8F8FB
:1009A000F8F8F8F8F8F80000FC84CCCCCCCCCC8477
:1009B000FCFC0000FCCCB4B4CCFCFCFCFCFC000057
:1009C000FC84CCCCCCCCCC84FCFC0000E020E0202F
:1009D00020202020E0E00000F8E0E000383838383F
:1009E000F8F80000FEFEFE32323232023E3E0000D7
:1009F000FEC28A8ACAEAEAEAEAEA0000F0F0F0F007
:100A00009090F0F0F0F00000FEB6FE8632023E82DA
:100A1000FEFE0000FCFCFC843C0C3C84FCFC000062
:100A2000F090F0109090909090300000FEC69A9E4A
:100A3000C6F2B2C6FEFE0000FCFCFC843C04E40CE2
:100A4000FCFC0000E0C0E02020202020E0E00000CE
:100A5000FF839F9F83999983FFFF0000FF839999EC
:100A600083999983FFFF0000FC809C9C9C9C9C9C2C
:100A7000FCFC0000FE829E9E829E9E82FEFE000086
:100A8000FEC6B2F2C6F2B2C6FEFE0000FFBDB9B1AC
:100A9000A58D9DBDFFFF0000FFBDB9B1A58D9DBD1A
:100AA000FFFF0000FF99919787879399FFFF000050
:100AB000FF81999999999939FFFF0000FF999999B8
:100AC00081999999FFFF0000FF81999999999999C6
:100AD000FFFF0000FF83999999839F9FFFFF00000C
:100AE000FEC69A9E9E9E9AC6FEFE0000FC00CCCCDE
:100AF000CCCCCCCCFCFC0000FF9999C3C3E7878F1A
:100B0000FFFF0000FF9999C3E7C39999FFFF000019
:100B1000FF99999999C1F9F9FFFF0000FF9F9F9FE5
:100B200083999983FFFF0000FEC6B2F2C2F2B2C6FB
:100B3000FEFE0000FFC19999C1C99939FFFF00006D
:100B4000FEFEFE86F2823282FEFE0000C29E3E065D
:100B500032323286FEFE0000FEFEFE06320632060D
:100B6000FEFE0000F8F8F80838383838F8F80000C9
:100B7000FEFEFE829292320038FE0000FEFEFE86ED
:100B800032023E82FEFE0000FCFCFC0CE48CE40C15
:100B9000FCFC0000FCFCFC6444143474FCFC00000D
:100BA000AC8CFC6444143474FCFC0000FEFEFE3289
:100BB000260E2632FEFE0000FFFFFF81999999392B
:100BC000FFFF0000FFFFFF3911494979FFFF0000D7
:100BD000FEFEFE3232023232FEFE0000FEFEFE86D5
:100BE00032323286FEFE0000FEFEFE023232323229
:100BF000FEFE0000FEFEFE06323232063E3E0000E1
:100C0000FCFCFC843C3C3C84FCFC0000F8F8F80054
:100C100098989898F8F80000FEFEFE32328686CE4C
:100C2000CE9E0000FEFEFE3286CE8632FEFE000024
:100C3000FFFFFF3333333301F9FF0000FEFEFE32C6
:100C40003282F2F2FEFE0000FFFFFF1F83999983BC
:100C5000FFFF0000FEFEFE3E06323206FEFE0000F2
:100C6000FCFCFC0CE484E40CFCFC0000FEFEFE82B8
:100C700032829232FEFE00006572722E61646472EE
:100C8000000000006F75742E616464720000000043
:100C90005450726D4C697374000000006572722EBE
:100CA00061646472000000006F75742E6164647288
:100CB0000000000000000000020000000100000031
:100CC00053796E634661696C000000004F7665726F
:100CD000486561740000000045787452656164796C
:100CE0000000000046726571537061726B00000075
:100CF00056657264616E6131320000004CFD04087B
:100D0000C4A50408501505084CFD04082CAB0408C4
:100D1000501505084CFD0408ECA50408080D05084D
:100D20004CFD040814A60408080D05084CFD040831
:100D300050AB0408501505084CFD040874AB0408BA
:100D40002C0D05084CFD0408209004082C0D050806
:100D50004CFD040810E404088C0D05084CFD040843
:100D600024E404088C0D05084CFD04088CD4040808
:100D70008C0D05084CFD040864FD04086015050889
:100D80004CFD040874D40408601505084CFD0408E3
:100D900074FD0408601505084CFD040884FD040872
:100DA0006015050810B50446C046C046204610BD73
:100DB00010B50446C046C046204610BD10B50446D6
:100DC000F3F72EFC204610BD10B50446F3F728FCBF
:100DD000204610BD10B50446F3F722FC204610BD96
:100DE0002000FDF73DFBC0F7FFFF2000BEF76CFFC2
:100DF000C0F7FAFF2000D7F700FBC0F7F5FF20008F
:100E0000BEF762FFC0F7F0FF2000FDF739FBC0F727
:100E1000EBFF6846D7F7F1FAC0F7E6FF2000EAF7E4
:100E2000E7FCC0F7E1FF6846E5F72EF8C0F7DCFF06
:100E30002000E5F729F8C0F7D7FF6846D7F72CF967
:100E4000C0F7D2FF201DBEF73FFFC0F7CDFF02A8BD
:100E5000BEF73AFFC0F7C8FF2000BEF735FFC0F766
:100E6000C3FF2000BEF730FFC0F7BEFF2000CCF765
:100E700042FDC0F7B9FF2000BEF726FFC0F7B4FF60
:100E80002000BEF721FFC0F7AFFF2000BEF71CFF18
:100E9000C0F7AAFF2000BEF717FFC0F7A5FF20008C
:100EA000BEF712FFC0F7A0FF2000BEF70DFFC0F78E
:100EB0009BFF2000BEF708FFC0F796FF2000BEF79B
:100EC00003FFC0F791FF2000FDF7EAFAC0F78CFF9F
:100ED0002000BEF7F9FEC0F787FF201DBEF7F4FE25
:100EE000C0F782FF2000BEF7EFFEC0F77DFF2000B5
:100EF000BEF7EAFEC0F778FF2000BEF7E5FEC0F7B8
:100F000073FF2000BEF7E0FEC0F76EFF2000BEF7C3
:100F1000DBFEC0F769FF2000BEF7D6FEC0F764FF16
:100F20002000BEF7D1FEC0F75FFF2000FDF7D9FA21
:100F3000C0F75AFF2000EAF762FCC0F755FF684689
:100F4000BEF7C2FEC0F750FF02A8C4F729FEC0F7E3
:100F50004BFF2000BEF7B8FEC0F746FF2046C04654
:100F6000C046C0F741FF2046C046C046C0F73CFF20
:100F700055312F52414D2F0055696E4C6F737400DF
:100F800055696E486900000053796E6300000000E7
:100F900049696E4173796D0049696E4F766300004F
:100FA000496F75744F7663004F75744F70656E00AE
:100FB0004472697665720000416C61726D73000065
:100FC000252E325800000000313131310000000080
:100FD0003130303000000000323232320000000088
:100FE000353331300000000035333131000000006E
:100FF000353331320000000035333133000000005A
:1010000000030000000000002A2A2A2E2A2A0000DD
:101010000000000000000000766172730000000014
:10102000534F555243455300464C4153480000002E
:101030005B766172735D00005B52414D5D000000A4
:101040005B464C4153485D005B43445D000000003B
:10105000000000000000000044455649434553008D
:10106000486F6D6500000000C0E2E0F0E8E80000B5
:101070000000000040000A000000000000007F00A7
:101080000000000000007F0048656C700000000058
:1010900055696E4C6F77000055696E486900000015
:1010A00046696E4D696E000046696E4D61780000BC
:1010B00049696E4D61780000496F75744D61780023
:1010C000556F70656E000000496F70656E0000001E
:1010D0005573686F727400004973686F7274000012
:1010E0005449696E4D6178000A000A000A000A003E
:1010F0000000000000007F0048656C7000000000E8
:1011000055726566000000004972656600000000C7
:10111000644F757452756E00414D696E0000000099
:10112000414D6178000000000A000A000A000A0030
:101130000000000000007F0055312F43442F0000C5
:1011400048656C70000000004B55696E000000009F
:101150004B49696E000000000A000A000A000A00FC
:101160000000000000007F0048656C700000000077
:101170000A000A000A000A000000000000007F00C8
:101180000A000A000A007F000A000A000A007F0025
:1011900055312F52414D2F0048656C700000000002
:1011A0005572656600000000497265660000000027
:1011B000556F757441766500496F757441766500A9
:1011C00053705265710000000A000A000A000A000C
:1011D000486F6D6500000000C0E2E0F0E8E8000044
:1011E000416C61726D730000C4E0F2F7E8EAE80058
:1011F00053656E736F7273000A000A000A000A00DA
:1012000048656C700000000023314250530000001C
:101210002331414452000000233150525400000059
:101220002331535450000000233242505300000039
:101230002332414452000000233250525400000037
:1012400023325354500000000A000A000A000A002A
:101250000000000000007F0055312F52414D2F004B
:1012600048656C7000000000526561647900000000
:101270004E6F726D616C0000436C65616E00000022
:101280004D616E75616C0000252E30660000000017
:1012900035333130000000003533313100000000BB
:1012A00035333132000000003533313300000000A7
:1012B0000A000A000A000A0048656C70000000007D
:1012C0002353314250530000235331445641000010
:1012D000235331505254590023533153544F50002B
:1012E000234D324250530000234D324456410000FA
:1012F000234D325052545900234D3253544F500015
:1013000054696D654F7574005041535300000000DF
:101310000A000A000A000A000000000000007F0026
:101320000A000A000A000A000000000000007F0016
:1013300055312F52414D2F0048656C700000000060
:10134000C4E0F2F7E8EAE800556F7574417665008D
:10135000496F75744176650055696E417665000088
:1013600049696E4176650000553234560000000030
:10137000556F757400000000496F7574000000001F
:101380000A000A000A000A000000000000007F00B6
:10139000745368506572310074536850657232003E
:1013A0000A000A000A000A00486F6D65000000008C
:1013B0000000000000007F000000000000007F002F
:1013C0004E6F205265670000FFFF0000FFFF000026
:1013D000000000000000000000000000000000000D
:1013E000486F6D650000000048656C7000000000EB
:1013F000416C61726D73000053656E736F727300A0
:1014000054553842495400005455313662697400CD
:10141000545331366269740054466C6F6174000035
:10142000464C415348000000756E6B6E6F776E003E
:101430002A2A2E2A2A000000495369676E616C002F
:10144000544279746500000054466C6F617400006A
:10145000544269740000000054574F524400000089
:101460005442697400000000000001000000000008
:10147000000000003F007F00252E385800000000CB
:1014800000000400FFFF0000000110008CD50008E0
:10149000FF000A008CE1000800000100FFFF0000CF
:1014A00000000200FFFF0000252E3458000000005D
:1014B00000000200FFFF0000252E3258000000004F
:1014C0002A2A2E2A000000005455384249540000B0
:1014D00000000100FFFF0000000000003F007F004F
:1014E000252E306600000000252E31660000000029
:1014F000252E326600000000252E33660000000015
:10150000252E34660000000055312F52414D2F002A
:1015100055696E4C6F73740055696E486900000020
:1015200055696E4C6F7700004472697665720000F1
:1015300000000000000000002CFD0408865A01088D
:101540002CFD0408B65C01082CFD0408A015050854
:101550003CFD040854FD0408B06CFBFF508DFBFFFC
:101560003CFD040894FD0408686A6C747A4C000021
:1015700001000000000001000000803F0000A040CA
:101580000000A04100007A440000A0400000C842D2
:10159000FFFF0000FFFF0000FFFF0000FFFF000053
:1015A000446E0000FFF7FEBFFFF7FEBFFFF7FEBF70
:1015B000FFF7FEBFFFF7FEBFFFF7FEBFFFF7FEBF5F
:1015C000FFF7FEBFFFF7FEBFFFF7FEBFFFF7FEBF4F
:1015D000FFF7FEBFFFF7FEBFFFF7FEBFFFF7FEBF3F
:1015E000FFF7FEBFFFF7FEBFFFF7FEBFFFF7FEBF2F
:1015F000FFF7FEBFFFF7FEBFFFF7FEBFFFF7FEBF1F
:10160000FFF7FEBFFFF7FEBFFFF7FEBFFFF7FEBF0E
:10161000FFF7FEBFFFF7FEBFFFF7FEBFFFF7FEBFFE
:10162000FFF7FEBFFFF7FEBFFFF7FEBFFFF7FEBFEE
:10163000FFF7FEBFFFF7FEBFFFF7FEBFFFF7FEBFDE
:10164000FFF7FEBFFFF7FEBFFFF7FEBFFFF7FEBFCE
:10165000FFF7FEBFFFF7FEBFFFF7FEBFFFF7FEBFBE
:10166000FFF7FEBFFFF7FEBFFFF7FEBFFFF7FEBFAE
:10167000FFF7FEBFFFF7FEBFFFF7FEBFFFF7FEBF9E
:10168000FFF7FEBFFFF7FEBFFFF7FEBFFFF7FEBF8E
:10169000FFF7FEBFFFF7FEBFFFF7FEBFFFF7FEBF7E
:1016A000FFF7FEBFFFF7FEBFFFF7FEBFFFF7FEBF6E
:1016B000FFF7FEBFFFF7FEBFFFF7FEBFFFF7FEBF5E
:1016C000FFF7FEBFFFF7FEBFFFF7FEBFFFF7FEBF4E
:1016D000FFF7FEBFFFF7FEBFFFF7FEBFB6F754BD33
:1016E000E800000FF9000001FD00047FE703080394
:1016F000FD000435E9030810FD0004F1E6030811BC
:10170000FD0004F9180408B0EB00FE08FC003301EA
:101710000203040102030406070809E0140508E8AF
:10172000140508F0140508F814050800150508E06C
:10173000140508E8140508F0140508F81405080055
:10174000150508F80003211C0108EC000D03002C0E
:0D175000010400FFFF190064001E00FD01F0
:02000004080AE8
:100000000104000001040000F40132000000803F00
:100010000000803FCDCCCC3D0AD7233C6F12833A01
:1000200017B7D138000000000000000000000000F9
:1000300000000000000000000000000000000000C0
:1000400000000000000000000000000000000000B0
:1000500000000000000000000000000000000000A0
:08006000000000000200000096
:02000004080CE6
:100000000104000001040000F401320000000000BF
:100010000000803FCDCCCC3D0AD7233C6F12833A01
:1000200017B7D138000000000000000000000000F9
:1000300000000000000000000000000000000000C0
:1000400000000000000000000000000000000000B0
:1000500000000000000000000000000000000000A0
:08006000000000000200000096
:02000004080EE4
:0400000012000000EA
:040000050804FDA549
:00000001FF
